15,6.0828,0.98827,2.2349,1.0839
16.5,7.7782,1.1765,2.1189,1.0957
25.5,24.749,0.34647,1.4522,0.72904
16.5,12.021,0.32861,1.464,0.72325
25.333,11.504,0.19748,1.4242,0.92539
9.8,3.5637,0.46184,1.6421,1.0542
11,4.3359,0.46682,1.5664,1.0227
10.667,5.6862,0.65743,1.5517,0.79703
60,0,0.17879,0.9854,0.5274
15.5,0.70711,0.42304,1.3251,0.75416
14.2,3.1937,0.33709,1.3435,0.90444
11.75,4.6458,0.23563,1.402,1.0012
16.5,15.067,0.84109,1.9776,1.3424
16.4,12.876,0.71674,1.9863,1.3803
12.8,5.2154,0.7528,1.9487,1.386
15.6,9.0443,0.29115,1.413,0.92433
11.333,8.8468,0.23489,1.3299,0.86379
8,3.9497,0.24072,1.3571,0.8088
12,5.933,0.34822,1.2836,0.77647
14.8,9.8843,0.27142,1.1168,0.66776
16.5,9.3274,0.19987,1.0025,0.61719
10.8,5.9749,0.12039,1.0416,0.63479
16,11.38,0.33313,1.0665,0.64564
21,11.79,0.40357,1.1733,0.69395
13,7.0711,0.36771,1.3078,0.68475
32,33.941,0.13684,1.0379,0.65753
18.5,2.1213,0.30064,1.0242,0.61045
15.75,4.717,0.3052,1.1811,0.80265
10.667,5.6862,0.061329,1.4132,0.9305
21,23.252,0.27916,1.6002,1.1346
11,9.5394,0.25203,1.697,1.1443
11,6.892,0.24124,1.7365,1.1996
13.667,6.9761,0.4223,1.4825,1.0501
11.714,5.219,0.45262,1.4911,1.0386
9.7143,2.43,0.44506,1.2972,0.86979
10.25,2.1213,0.42098,1.4063,0.95045
11.143,4.5981,0.50028,1.3613,0.88171
10.5,6.3509,0.5581,1.5241,0.86457
27,28.284,0.69964,1.243,0.7183
10.333,7.7675,0.14628,1.0771,0.64534
12,12.78,0.076102,1.1026,0.73618
12.667,10.25,0.30386,1.2236,0.82655
8.6667,4.9261,0.35517,1.151,0.79515
12.5,7.064,0.23102,0.97806,0.7394
15.2,5.5408,0.17104,0.87323,0.56069
14.75,5.5,0.25893,0.98207,0.76568
13.667,7.3937,0.52443,1.3779,0.8914
10.5,5.8907,0.36923,1.5463,1.0159
11.667,4.9261,0.24442,1.303,0.93949
10.375,3.5832,0.40253,1.3737,0.89794
7.4444,2.6034,0.48913,1.496,0.90528
7.4,2.9515,0.51734,1.4228,0.88362
8.8571,3.8048,0.56139,1.2359,0.70794
13,0,0.27709,0.82534,0.47036
0,0,0,1.6486,0.43729
0,0,0,1.6486,0.4442
0,0,0,1.6486,0.67113
10,3.9279,11.551,11.147,8.0948
11.714,4.6085,10.586,7.377,5.9503
10.571,4.0356,12.341,12.432,8.1141
9.375,4.2067,9.5389,6.6597,5.7845
10,4.9857,9.2291,7.9453,6.3887
9.875,5.0832,2.5877,4.135,3.5919
10.667,4.3665,2.1656,5.4484,4.4451
9.5714,4.2762,2.3346,5.9978,4.5643
11.143,4.5617,2.5858,6.4341,4.7717
10.857,4.2984,2.0958,6.1507,4.6189
10,3.5857,2.4986,4.7867,3.491
10.286,4.5356,2.3917,3.7715,2.603
12.333,6.1101,0.5629,2.0789,1.3362
17.25,16.581,0.9265,1.8579,1.2618
15,8.7178,1.7102,2.5987,1.8715
16.5,5.9722,1.187,2.8244,2.0502
17.5,9.434,1.0905,2.7816,1.9548
17.25,9.535,0.96723,2.5576,1.7908
11.667,3.0768,1.0819,3.189,2.4062
11.5,3.7283,1.4147,3.7594,3.187
11.714,3.9881,1.5468,4.389,3.6309
13,3.1623,1.8085,4.5741,3.7381
12.8,3.8987,1.4552,4.8571,3.5049
10.857,5.5205,1.4568,4.0824,3.2794
10,5.4511,1.2866,3.7774,2.7242
11.571,8.8479,1.3865,3.4245,2.1443
14.5,9.6902,2.5389,4.5842,2.6764
12.6,10.502,3.1232,4.2206,2.4331
7.8889,6.6039,2.8406,2.9446,2.3972
6.4286,2.6992,0.44457,1.3334,0.8196
14.2,14.618,0.37189,1.2346,0.92975
13.8,14.873,0.96744,1.888,1.0879
7.4444,4.5031,1.0229,2.103,1.4268
9.1111,5.819,0.89279,2.1016,1.3942
6.75,4.4949,1.0579,2.4561,1.8969
6.75,4.062,1.7282,3.1589,2.4843
11.714,13.913,1.8006,4.0804,2.8203
20,15.979,1.0759,5.4711,3.057
10.667,4.274,0.5753,5.3025,3.3575
10.75,4.113,0.48161,5.3315,3.1053
15,11.292,2.2111,3.6039,2.5339
9.5,4.3243,0.84922,2.2114,1.3595
9.7143,4.1115,0.84486,2.0956,1.3097
11.333,7.7374,0.82915,2.2776,1.3566
24.333,9.0185,0.36919,1.74,1.1165
18.75,12.285,0.43296,1.58,1.0366
18.25,11.529,0.27743,1.3342,0.85846
14.667,14.364,0.12748,1.1757,0.73675
16.5,10.607,0.19351,1.0053,0.62562
41,24.042,0.26896,1.1049,0.60013
11,0,0.02951,1.3004,0.5329
11,0,0.02951,1.3004,0.52342
0,0,0,1.2795,0.54097
0,0,0,1.1424,0.46664
28.5,26.163,1.1635,2.2663,1.0738
11.667,2.8868,0.60428,2.5632,1.3695
17.25,11.413,0.61778,2.4163,1.4876
16.4,10.31,10.304,8.7455,5.54
12.667,4.0415,11.635,11.969,5.4915
20.333,15.695,10.897,12.654,5.6019
0,0,0,4.5687,1.5559
74,0,1.8396,3.2679,1.4612
14,5.6569,0.43086,1.9124,1.0296
14,3.3665,0.40305,1.7495,1.1725
14.2,2.7749,0.46743,1.7845,1.2812
16.8,2.49,0.46063,1.5992,1.1352
18,1.7321,0.56417,1.6463,1.1775
24.333,4.7258,0.42827,1.5727,1.105
20.667,6.4291,0.36433,1.5785,1.0855
13.4,5.9833,0.86104,2.0511,1.2901
9.5,6.7188,0.76948,1.7925,1.2047
8.375,5.7802,0.88446,1.6674,1.1519
8,5.2705,0.5613,1.5186,1.0707
6.375,3.7009,0.6227,1.7247,1.1875
7.25,5.203,0.4999,1.8164,1.272
25.333,23.629,0.56522,1.7516,1.0365
9,0,0.15844,1.072,0.75949
32.5,33.234,0.13625,1.0273,0.58461
0,0,0,0.93773,0.55168
31,0,0.12244,0.85115,0.50955
45,0,0.17779,0.8903,0.54193
22.5,10.607,0.28112,1.193,0.6207
17.75,8.2614,0.2033,1.165,0.72445
12,5.6921,0.24762,1.2055,0.78232
11.143,6.7929,0.20263,1.145,0.76632
9.5,7.1414,0.19721,1.218,0.69109
23,25.456,0.14981,1.1781,0.62114
24,0,0.30127,1.0685,0.5807
20.333,8.1445,0.25964,1.0865,0.66354
18.5,10.607,0.27523,1.0215,0.62884
77,0,0.12584,1.2502,0.61334
11,7.0711,0.090232,1.0611,0.5782
13,6.0828,0.13073,1.0071,0.60876
17.667,12.014,0.081784,0.96196,0.61979
28,2.8284,0.16506,0.99981,0.59519
0,0,0,1.1736,0.52551
79,0,0.15987,1.0605,0.49709
27,0,0.23019,0.7847,0.41675
27,0,0.23019,0.7847,0.44436
51,0,0.17799,0.74779,0.40841
28,0,0.051328,0.83736,0.43734
21.333,13.317,0.074119,0.88368,0.49657
18,16.971,0.090407,0.88703,0.4905
29.5,33.234,0.10605,0.9836,0.53811
26,0,0.20545,0.94551,0.46641
52,0,1.1189,1.5914,0.64517
10.333,4.5092,0.49707,1.6519,0.71604
9.2857,3.8173,0.44107,1.3925,0.80008
8.75,3.8452,0.18429,1.2216,0.74285
11.5,11.149,0.14971,1.1644,0.67936
19.5,14.154,0.11409,1.2382,0.63266
22.5,9.1924,0.26074,1.1805,0.54583
16.333,2.5166,0.2852,0.98016,0.57871
15.5,4.3589,0.26832,0.95114,0.54899
22.333,14.295,0.21703,1.0801,0.6084
24,12.288,0.18006,1.0964,0.62544
21,7.2111,0.52291,1.2739,0.79096
16,9.1287,0.44232,1.3481,0.83983
13.2,4.5497,0.38149,1.336,0.81226
14.333,4.9329,0.095401,1.1263,0.64509
23.667,17.01,0.18964,1.1651,0.61665
14.5,3.5355,0.21818,1.1846,0.63492
20.667,10.97,0.22798,1.1135,0.64704
23.667,8.1445,0.35613,1.1777,0.68133
17.5,3.7859,0.31836,1.1449,0.69987
16.667,4.1633,0.38851,1.1471,0.68925
14.667,3.0551,0.18634,0.89274,0.53952
14,0,0.082604,0.74103,0.42486
25,0,0.35192,0.92248,0.45035
26,1.4142,0.30594,1.0252,0.52151
27,0,0.042021,1.201,0.66417
25,18.385,0.23325,1.3588,0.81801
19,9.8995,0.44927,1.192,0.77563
19,8.8882,0.41029,1.0391,0.70928
15.5,9.1924,0.14616,0.84287,0.48552
37.5,13.435,0.36094,1.0416,0.55333
29.5,2.1213,0.37094,1.1105,0.56836
27.5,4.9497,0.2925,1.1581,0.60554
17,6.245,0.17673,0.96091,0.60581
13.5,2.1213,0.062296,0.87628,0.61338
19,23.388,0.40259,1.312,0.72808
8,2.8284,0.43045,1.1173,0.70274
10.571,5.0943,0.37598,1.0774,0.72009
15.4,4.5607,0.1244,0.92665,0.62226
16,5,0.15278,0.95035,0.59374
17,8.9815,0.12991,0.86443,0.55268
18.75,8.0571,0.14639,0.86442,0.54948
17.5,6.6081,0.21743,1.0713,0.64786
15.2,7.0143,0.30677,1.2462,0.72932
13.667,4.9329,0.33419,1.3258,0.72294
16.2,2.5884,0.36053,1.1062,0.65022
16.75,3.304,0.10337,0.94729,0.56993
19.333,7.5056,0.065533,0.93474,0.54498
28.5,2.1213,0.050069,0.9853,0.56849
37,9.8995,0.13016,0.89835,0.50439
44,0,0.18057,0.88374,0.44766
29.5,16.263,0.16191,0.87588,0.45065
11.75,5.6789,0.32274,1.2491,0.63647
10.4,3.6469,0.28444,1.2498,0.74147
14,4.5607,0.35701,1.1444,0.7199
19,0,0.14995,0.79932,0.56623
23.5,6.364,0.17509,0.73232,0.4064
13,0,0.14119,1.2887,0.53995
13.5,0.70711,0.26717,1.1456,0.59629
13.5,0.70711,0.26717,1.1456,0.60466
4,0,0.39026,1.5101,0.54746
8,3.6056,0.37572,1.2516,0.50874
13.6,8.0808,0.32409,1.1603,0.5974
22,0,0.045407,0.99744,0.53973
31,0,0.20481,0.86339,0.5442
28.5,6.364,0.1199,0.83126,0.50068
15.333,7.5719,0.17747,1.0116,0.72194
10.833,6.5243,8.921,4.5819,4.1616
10.2,7.3621,9.6048,6.8305,4.9395
13.25,9.5,10.358,7.8671,4.9589
26,5.2915,4.5798,4.1096,2.968
27.5,7.7782,0.93692,1.8028,1.0041
27,8.4853,0.37985,1.2755,0.83551
15.5,7.7782,0.15071,1.0399,0.58845
21.5,16.263,0.17309,1.0209,0.57992
59,0,0.59246,1.2935,0.63247
0,0,0,1.7125,0.65355
22,19.799,0.4518,1.2229,0.69444
16.333,7.2342,0.19463,0.86111,0.58161
20.5,0.70711,0.23623,0.87414,0.49126
0,0,0,0.81572,0.36697
0,0,0,0,0.36065
13,7.0711,0.43593,1.2154,0.5753
12.667,5.0332,0.47998,1.3764,0.76091
15.5,5.5076,0.48983,1.2576,0.816
11,10.1,0.9016,1.7714,1.0528
9.2857,8.8641,0.85909,1.779,1.0602
7.5714,4.9281,0.78539,1.8629,1.0697
11,4.5826,0.3787,1.2554,0.72719
28.5,30.406,0.44999,1.0092,0.53727
25,9.8995,0.10299,0.82842,0.46094
15,15.133,0.20637,0.93652,0.50394
13.75,15.108,0.30055,1.0106,0.60708
14.6,12.954,0.42527,1.4015,0.87109
15.75,12.066,0.14361,1.6251,0.95235
15.8,11.713,0.31075,1.5687,0.96926
16.25,6.6018,0.37792,1.5298,0.86134
14.8,5.4955,0.35361,1.502,0.89005
11.667,5.785,0.30135,1.4229,0.87281
13.2,10.257,0.2045,1.3124,0.84144
14.8,9.7057,0.13222,1.2098,0.7949
12.5,1.291,0.13662,1.1349,0.73054
11.5,0.70711,0.14499,1.0859,0.61278
23.667,23.756,0.18046,0.93478,0.53714
10,2.8284,0.15548,0.87066,0.49949
21.5,13.435,0.19368,0.84726,0.47868
38,0,0.06913,0.68275,0.41768
18.333,8.1445,0.05804,0.81522,0.43764
13.667,7.2342,0.067934,0.87607,0.49614
16,8.4853,0.069575,0.89469,0.46391
31,0,0.27571,0.78006,0.43655
0,0,0,1.0327,0.48195
42,0,0.073126,0.98098,0.53539
30.5,16.263,0.12368,1.0459,0.57049
19,0,0.17417,1.0524,0.53131
32,12.728,0.32417,1.0792,0.59885
28,0,0.36518,1.0861,0.62436
22.5,7.7782,0.27366,1.0337,0.63833
17,0,0.071593,0.87847,0.55832
0,0,0,0.71383,0.48516
0,0,0,0.71383,0.39121
0,0,0,0,0.33074
9,0,0.18952,1.1444,0.54675
9.5,0.70711,0.1889,1.2213,0.59843
22.667,22.811,0.27492,1.1075,0.63915
14,0,0.25545,0.94677,0.55107
14.75,11.529,0.14477,0.98012,0.62593
7.5,7.7782,0.086235,1.0023,0.6251
41.5,40.305,0.089035,0.99963,0.64276
23,0,0.19897,1.0775,0.60669
14.25,6.8981,0.10975,1.0482,0.6722
11.333,4.5092,0.10433,1.0761,0.62043
21,20.881,0.10346,0.98182,0.61071
16.5,16.263,0.054663,0.86803,0.53777
16.5,16.263,0.054663,0.86803,0.5098
32,0,0.15328,0.72361,0.41924
60,0,0.16313,0.73057,0.4441
10,0,0.020272,0.86025,0.49772
22.667,24.583,10.589,9.0446,4.419
7,0,8.2727,17.229,4.4137
21,26,6.7092,17.381,6.3087
5,0,8.1554,17.533,4.6152
22.667,18.009,9.5726,10.331,4.6772
21.5,0.70711,1.454,2.3863,1.2655
20.667,8.5049,0.72899,1.3645,1.0482
22.667,9.2916,0.14647,1.0642,0.65557
27,0,0.11405,1.1699,0.60725
30,21.213,0.2903,0.94569,0.55082
15,0,0.1708,0.79327,0.58595
38,0,0.30121,0.88549,0.60393
0,0,0,1.0985,0.56493
0,0,0,0,0.4425
0,0,0,0.7692,0.41796
0,0,0,0.7692,0.41452
36,0,0.047618,0.80287,0.43599
0,0,0,0.83654,0.44587
0,0,0,0.71202,0.66532
10,0,0.42716,1.7367,0.87198
15,8.6603,0.50727,1.3528,0.89183
18.25,9.6047,0.5074,1.2393,0.75404
17.75,9.1788,0.077341,0.89405,0.52939
16.667,6.5064,0.084847,0.88106,0.50502
13.5,4.9497,0.068271,0.91305,0.57075
39,16.971,0.1752,1.0514,0.58037
26.5,0.70711,0.19683,1.1409,0.61167
26,0,0.0083114,1.2545,0.6023
21.667,17.673,0.084613,1.3649,0.68415
10.8,1.9235,0.21173,1.5101,0.84563
10.25,1.7078,0.22573,1.5362,0.80113
21,19.975,0.39442,1.4565,0.7295
0,0,0,0.9647,0.46247
0,0,0,0.9647,0.54926
0,0,0,0,0.56798
0,0,0,0.9985,0.64868
0,0,0,0.9985,0.5778
0,0,0,0,0.49143
0,0,0,0,0.3389
18,0,0.016094,0.62262,0.34262
0,0,0,0.634,0.3738
31,16.971,0.54192,1.2522,0.6686
27,11.314,0.28788,1.7202,0.8365
15.667,16.773,0.23274,1.7906,0.93911
11.333,9.2916,0.5921,1.6035,0.75601
13.5,12.406,1.6827,2.3092,1.2746
9,6.5727,1.508,2.6717,1.4374
9.5556,5.9395,1.295,2.4391,1.6114
9.8333,3.7639,0.60874,1.9089,1.2122
13.333,6.3456,0.40463,1.5907,1.0266
13.167,5.4924,0.35371,1.1864,0.78049
14.333,5.465,0.27366,1.1458,0.79252
11.833,3.9707,0.28731,1.1572,0.8129
11.4,3.8471,0.26709,1.1708,0.81823
14.8,7.823,0.286,1.1582,0.71225
19.5,4.5092,0.21684,1.0572,0.60858
11.6,5.3198,6.7413,5.9557,3.8977
11.4,5.2249,6.5705,6.1663,3.922
18.25,19.414,6.3999,7.5812,4.0149
13.8,18.593,0.85022,1.8797,1.1727
10.833,8.612,0.87683,1.5644,1.0919
12,7.188,0.36686,1.0596,0.67882
13.75,7.6757,0.23723,0.94642,0.56556
17.75,7.8475,0.25985,0.89462,0.52369
24,0,0.10739,0.78015,0.50584
20,23.388,0.44548,1.2862,0.67999
10.75,8.8459,0.26302,1.3522,0.75872
12.667,8.2381,0.30179,1.2284,0.76784
9.75,5.9462,0.26306,1.2459,0.75764
8.7778,3.1535,0.25869,1.2528,0.79183
7.875,2.4165,0.25005,1.2865,0.77839
14.6,11.459,0.22808,1.207,0.7936
16.5,12.503,0.21911,1.2143,0.76611
16.5,12.503,0.20505,1.222,0.79104
21,11.045,0.24312,1.1785,0.72704
11.5,7.2319,0.20785,1.0722,0.71332
9,6.2716,0.28319,1.2117,0.77032
10.714,6.873,0.25862,1.1774,0.72267
16.5,10.017,0.28082,1.2831,0.68093
19.333,6.6583,0.096388,1.215,0.68991
17.75,5.1235,1.0537,1.6175,1.0419
13,6.442,9.6212,7.4425,4.6333
10,4.3589,10.769,10.537,4.6136
24.667,30.6,6.9051,19.08,6.4926
7,0,8.5078,19.34,5.7406
20.667,19.502,7.1781,17.969,6.8588
13.75,10.468,8.7985,8.2999,5.2077
14.5,10.408,3.8178,4.0604,4.6598
13,7.7028,1.4473,2.1621,1.4327
33.5,14.849,0.3182,1.145,0.72431
13,5.6569,0.24032,1.1003,0.70311
15.333,5.5076,0.16795,1.1591,0.74308
24.667,10.693,0.15693,1.1681,0.7477
26.5,14.849,0.10168,1.0864,0.71813
18.333,4.9329,0.10195,0.95304,0.6393
21.333,5.5076,0.13815,0.8727,0.57805
12.4,9.9146,0.19461,0.98697,0.55211
9.7143,6.5502,0.31033,1.1332,0.669
7.9,4.3063,0.94749,1.6848,1.0871
6.9091,3.0807,0.98806,2.0717,1.3048
8.1111,6.6978,0.99942,2.2241,1.2864
11.286,8.7123,0.92718,1.7599,0.98783
8.5,7.0711,6.9585,3.5202,3.727
7,4.6599,7.1571,4.4145,4.6302
5.6667,4.6762,7.9572,5.3877,4.6263
62,0,5.3498,5.6022,3.3745
40,0,0.69156,1.3303,0.6884
36,5.6569,0.60078,1.1288,0.66673
32,0,0.081664,0.78353,0.49692
26,21.213,1.2864,2.1889,1.2009
22.5,16.263,0.34377,2.769,1.3558
18.667,13.279,0.65417,2.4735,1.3795
29,25.456,0.80037,2.4128,1.2638
17,14.142,0.80054,2.3225,1.2148
17,10,1.047,1.9136,1.1548
14.333,6.4291,0.75284,1.2721,0.63689
19,0,0.047673,0.65303,0.35649
0,0,0,0.95178,0.38326
47,0,0.030383,0.97326,0.37789
25.667,19.757,12.698,8.1679,4.3206
12,8.7178,11.862,11.381,5.116
16.333,16.197,11.942,11.312,5.1705
21.333,13.503,6.0514,4.8132,3.0081
8,0,0.51494,2.3645,0.9966
0,0,0,2.0004,0.68965
0,0,0,0,0.35927
0,0,0,0.69672,0.39821
13,4.2426,0.65406,1.3018,0.61372
13,4.3012,0.50128,1.3662,0.77323
14,4,0.38672,1.5313,0.91744
16.2,7.5299,0.39384,1.3516,0.85949
19,7.9373,0.38482,1.1899,3.4313
15.5,4.0415,9.8944,7.4097,4.9091
21.333,9.5044,10.779,8.8824,4.8959
31,0,6.9522,5.5275,4.3406
37.5,19.092,1.4599,2.211,1.1495
17.5,9.1924,0.90926,2.5583,1.2219
20.75,6.9462,0.91781,2.084,1.2886
20,7.5498,0.19471,1.414,0.84851
15.2,3.9623,0.15607,1.3136,0.87681
15.4,3.7815,0.16038,1.3379,0.89217
11.667,5.4283,0.25492,1.2923,0.89558
8.625,2.6152,0.37149,1.5031,1.0119
9.4286,4.315,0.44641,1.4451,0.96632
13.6,8.735,9.3838,7.0761,4.8408
19.5,17.678,7.4943,15.722,5.3998
26.333,17.214,7.6419,13.433,5.5271
23,14.731,2.6736,7.5305,3.8192
8.5714,4.315,3.4499,7.1684,4.1054
7.4,3.1693,3.5626,6.1185,4.4033
7,2.4495,4.1171,5.4019,3.6602
10.375,9.4406,1.9735,2.9714,2.2599
11.6,12.075,0.68708,2.0025,1.142
10.5,8.8261,0.7399,1.8395,1.1396
17.25,7.6322,0.44171,1.3345,0.90071
15.5,4.5092,0.34021,1.1879,0.79062
18.667,7.7675,0.38515,1.2247,0.71149
19.5,7.9373,0.25694,0.99341,0.61662
23,6.0828,0.11478,0.8258,0.50328
17.667,7.6376,0.13196,0.89112,0.51789
16,5,0.14563,0.81812,0.48582
22,1.4142,0.061124,0.74182,0.42419
28.333,4.7258,4.6222,3.039,1.9247
11.8,10.426,8.868,11.421,6.0614
7.25,2.63,7.9832,13.568,6.0697
11.833,12.656,9.2723,9.0317,5.9036
6,4.2426,0.831,1.7849,0.94734
25.333,33.62,0.80592,1.5675,0.97094
16,9.8995,0.53511,1.5027,0.6979
18,7.8102,0.43732,1.4932,0.73702
13,7.4833,1.0958,1.8708,0.97017
8.5714,5.3184,0.94623,1.8175,1.0289
9,8.4143,0.94593,1.9697,1.1897
13,9.4868,0.23604,1.641,1.1594
14,0,0.16221,1.6296,1.189
0,0,0,1.5417,1.1181
16.333,14.468,1.2317,1.9167,1.2435
6.5,2.9761,0.86167,2.0439,1.319
6.1667,2.5166,0.81167,1.9497,1.3856
7.4,4.812,0.48283,1.6952,1.1997
9.7143,5.4989,0.61334,1.4261,0.89429
15.75,9.1788,0.26232,1.1936,0.70504
23,10.392,0.34514,1.266,0.7553
13.2,9.0388,0.30322,1.6388,1.0094
12.333,6.9474,0.46454,1.8087,1.1094
12.143,6.9144,0.42087,1.7788,1.1248
10.75,3.8622,0.58433,1.6368,0.94218
11.571,6.3733,0.15254,1.2854,0.79386
10.833,6.5243,0.10764,1.2213,0.76321
10.833,6.5243,0.10764,1.2213,0.73231
21,10.817,0.2752,1.1287,0.62293
18.25,7.932,0.23187,0.81721,0.50057
14.333,1.5275,0.041281,0.71476,0.49109
17.75,13.961,0.19454,0.85452,0.57218
15.667,11.24,0.22649,1.019,0.77047
13.5,7.9687,0.54325,1.5345,0.97857
12.4,6.5803,0.5205,1.6239,0.96271
13.5,5.9917,0.46198,1.3747,0.90748
14.75,6.0759,0.20731,1.0746,0.60857
17.75,5.1881,0.18674,1.2198,0.63229
16.25,4.9917,0.25807,1.3049,0.61667
13.2,5.1186,0.22003,1.3122,0.66137
13.6,4.7223,0.3167,1.1692,0.62088
13.6,4.6152,0.33595,1.1612,0.68137
19.667,12.423,0.44076,1.1249,0.67712
19.75,11.087,0.42297,1.1158,0.65183
15.75,8.4607,0.21271,0.88809,0.55187
16.333,8.3267,0.26409,0.92793,0.55878
19,12,0.2174,0.98651,0.56392
30,1.4142,0.2773,1.0018,0.51241
25,11.533,0.076954,0.82257,0.46594
15.25,12.997,0.12182,0.86707,0.49328
12,6.9761,0.10989,0.88359,0.549
24.333,13.317,0.20432,0.91309,0.56069
10.667,5.8595,0.27306,1.0433,0.61754
11.8,5.8907,0.21734,1.0635,0.61823
13,9.0111,0.77936,1.4906,0.88755
10.857,8.5524,0.73532,1.6762,0.98183
9.625,5.3968,0.69121,1.6512,0.99175
11.8,3.7014,0.35415,1.4074,0.81285
18,9.3095,0.27119,1.1674,0.62852
26,9.5394,0.28909,1.1813,0.67928
19,8.9069,0.27775,1.229,0.79882
13,4.3589,0.24042,1.173,0.8194
11.167,4.916,0.16951,0.99932,0.78221
10.167,3.5449,0.11411,0.92642,0.59696
12.167,8.4951,0.1451,0.88078,0.53901
16,8.3666,0.14569,0.90824,0.57081
11.833,4.8751,0.35487,1.1788,0.73322
9.25,4.8329,0.32886,1.4402,0.88895
6.6,3.8064,0.30959,1.6461,1.146
7.25,4.5151,1.4247,2.2481,1.73
7.25,3.5961,1.4295,2.3138,1.7954
7.4545,3.3871,1.5457,2.2255,1.6719
8.7778,3.3082,0.50334,1.5525,1.0489
10.714,3.9461,0.29829,1.2832,0.79953
10,4.2426,0.38292,1.2792,0.66399
28,22.627,0.1242,0.93384,0.54009
24,4.2426,0.54902,1.4791,0.72671
15.8,8.5849,0.47101,1.7343,1.0032
10.333,5.1316,0.19755,1.9786,1.0414
16.667,15.948,0.44632,1.7891,0.9284
27.5,13.435,0.59406,1.7773,1.0169
19,1.4142,0.6738,1.7248,1.0983
20.5,1.9149,0.72628,1.9856,1.3874
17.25,7.6322,0.73062,2.0969,1.3975
12.6,5.1284,0.70045,2.5634,1.6794
14.333,3.2042,0.69365,2.2945,1.5778
11.143,3.132,0.76139,1.9803,1.4432
9.25,3.0589,0.38795,1.6822,1.2229
8.3333,2.6458,0.41734,1.5312,1.0938
9.625,3.9978,0.49644,1.4323,1.0196
12.2,5.4037,0.42295,1.3208,0.9442
18.333,3.5119,0.52204,1.2927,0.85025
21,1.4142,0.61462,1.3421,0.79948
19.333,16.042,0.20294,0.95423,0.64835
12,6.892,0.20919,1.0213,0.65593
11,6.2929,0.53592,1.2732,0.86864
12.833,4.7924,0.56271,1.3663,0.89838
13.667,5.3541,0.55727,1.4588,0.92961
16.75,7.3201,0.38034,1.1264,0.74418
28,7.0711,0.49085,1.2601,0.67165
18.667,12.503,0.25692,1.0926,0.5981
20.333,15.373,0.21007,1.3068,0.73574
38,0,0.31213,1.3691,0.71653
0,0,0,1.5898,0.71653
20,0,0.11036,1.0087,0.59831
20,0,0.11036,1.0087,0.55983
30,29.698,0.53422,1.1811,0.5963
11.5,3.5355,0.53697,1.1772,0.61421
17.75,7.6757,0.41133,1.0621,0.63333
15,5.7155,0.15394,1.0062,0.64092
16.75,8.8081,0.75463,1.3622,0.82781
15.25,9.2511,0.72049,1.6256,0.95427
14,6.7823,0.65314,1.726,1.0624
15.5,5.9161,0.43344,1.3854,0.9184
21.667,14.224,0.28427,1.3637,0.8747
20.333,16.258,0.26963,1.2642,0.7622
15,8.1854,0.27504,1.2603,0.76949
20.667,14.048,0.19421,1.0593,0.63595
26,0,0.087044,0.76694,0.55041
22,11.533,0.28586,1.0073,0.59724
17.333,11.93,0.26372,1.2884,0.70597
20,11.106,0.23119,1.2723,0.79347
21.667,8.5049,0.29153,1.2244,0.74743
28,4.2426,0.091991,1.1346,0.67426
22.5,12.021,0.081421,1.125,0.62425
18,3.6056,0.077026,1.1219,0.65173
23,5.2915,0.12661,1.1599,0.7057
17.667,11.015,0.20842,1.0644,0.66875
17.333,10.504,0.20393,1.0325,0.71887
25,4.2426,0.17683,1.0082,0.68266
31,18.385,0.46921,1.3391,0.80174
9.8,6.6483,1.2348,2.2681,1.206
7.7143,4.0297,1.0916,2.1239,1.3439
7,2.8284,0.99908,2.0567,1.52
8.2,3.4577,0.78776,1.8768,1.4305
9.125,4.1555,0.79477,2.0046,1.3914
11.4,3.9749,0.75996,1.9245,1.1188
23.667,21.962,0.39009,1.4362,0.76367
19.75,19.568,0.31393,1.1621,0.58333
13,6.2183,0.22985,1.0537,0.59877
15.5,8.8506,0.34241,1.3063,0.70832
15.25,9.0692,0.28074,1.3704,0.76799
16.75,11.236,0.27016,1.377,0.79264
19.333,10.504,0.17519,1.2854,0.72318
17.75,7.6322,0.44434,1.2344,0.73109
16.2,8.5849,0.39086,1.2936,0.7343
10.8,6.5345,0.38131,1.2555,0.78131
13.4,7.9246,0.19744,1.1221,0.66775
17.5,7.8528,0.23718,1.132,0.72009
18,7,0.31659,1.2379,0.73996
15.6,9.9398,0.24903,1.2569,0.79256
15.2,10.109,0.25891,1.2256,0.73811
13,1.633,0.26694,1.1098,0.69701
23.333,16.197,0.30442,1.1847,0.63924
30,0,0.16694,1.3561,0.63065
20.667,10.693,0.33908,1.2543,0.66237
16,9.8995,0.37452,1.1811,0.6516
57,0,0.054144,1.4856,0.69703
14,7.9373,11.155,6.8361,3.9692
12,6.4031,8.7953,6.6461,4.5795
17.75,18.246,8.8969,8.3826,4.6655
18.25,18.246,3.0205,3.9662,2.6573
16,13.748,1.6453,1.997,1.183
15.5,11.619,0.42206,1.1406,0.8175
12,5.933,0.61981,1.5635,0.86985
10.125,5.2219,0.5096,1.6336,1.0039
8.7143,4.0708,0.48443,1.7114,0.99387
14.4,9.3434,0.46059,1.2027,0.70897
22.5,4.9497,0.1922,0.96281,0.56913
28,2.8284,0.17676,1.0048,0.53717
30,0,0.12848,1.0923,0.50459
65,0,0.12862,0.91051,0.44099
27,0,0.032137,0.84229,0.43174
27,0,0.032137,0.84229,0.42631
42,0,0.092331,0.79972,0.44211
47,0,0.075226,0.78763,0.4763
8.5,3.5355,0.11829,0.95703,0.62617
14.667,10.97,0.41661,1.1597,0.70396
22.333,8.9629,0.36556,1.2261,0.74092
12,0,0.091769,1.0297,0.66679
61,0,0.1642,0.97846,0.60186
18,2.8284,0.37828,1.0163,0.5979
19.333,3.0551,0.31033,1.0314,0.61897
18.667,3.0551,0.15649,0.94551,0.65044
18.333,2.5166,0.07516,1.0104,0.67259
33.5,17.678,0.047244,1.0064,0.67893
26.5,27.577,0.018057,0.97909,0.65021
20,18.385,0.092002,0.91621,0.52624
0,0,0,0.81019,0.45427
0,0,0,0.85274,0.45838
0,0,0,0.85274,0.49455
64,0,0.39037,1.1288,0.64871
0,0,0,1.4048,0.66552
59,0,0.48494,1.0619,0.65968
12.5,0.70711,0.042399,0.70912,0.52336
13,0,0.058729,0.70419,0.43169
55,0,0.15787,0.85734,0.43674
0,0,0,0.96897,0.43208
56,0,0.020157,0.95472,0.5685
0,0,0,0.94046,0.55618
0,0,0,1.0367,0.65552
22,15.556,0.97194,1.9236,0.97964
14,6.0828,0.67779,1.967,1.1217
16.25,6.702,0.60225,1.9067,1.1374
16.5,9.1924,0.13232,1.5998,0.90284
31.5,20.506,0.15071,1.4938,0.86806
15,4.3589,0.36807,1.0942,0.81574
20.667,12.22,0.47134,1.167,0.94887
37.5,4.9497,0.44567,1.228,0.8454
27.5,19.092,0.5076,1.1808,0.80586
14,0,0.27402,0.90997,0.52076
40,0,0.026037,0.6978,0.44357
0,0,0,0.67939,0.51865
0,0,0,0.93552,0.59135
43,0,0.038108,0.96247,0.62971
0,0,0,0.98942,0.59771
18.667,5.6862,0.37647,1.7997,1.4352
23,8.1854,0.99149,1.7223,0.89866
20.75,9.0692,0.89026,1.6288,0.90023
20,7.5498,0.90841,1.7657,0.91434
22.5,2.1213,0.14692,1.3052,0.75452
23,1.4142,0.046621,1.404,0.73471
20.667,7.0946,0.13281,1.317,0.71736
13,4.5461,0.07107,1.1728,0.73562
12.6,3.9749,0.21752,1.2253,0.81058
11.286,3.3022,0.18962,1.2634,0.80111
13.4,6.5803,0.24784,1.2721,0.74753
10.2,7.2595,0.15582,1.108,0.65265
11.4,7.2319,0.16683,1.0631,0.66934
13,6.2048,0.3498,1.2162,0.66781
13.2,5.9749,0.36046,1.2,0.66526
20.333,11.24,0.45278,1.2002,0.57421
22.667,12.702,0.16105,1.0403,0.53726
16.25,10.658,0.20031,1.1092,0.57874
12.6,4.9295,0.22344,1.2069,0.63634
10.5,4.9699,0.27437,1.006,0.62757
10,5.7155,0.38374,1.0439,0.61225
10.4,5.5045,0.38192,0.98594,0.5029
7.3333,3.0551,0.43537,1.1016,0.56633
15,0,0.042539,1.5339,0.60678
21,8.4853,0.18275,1.638,0.80237
24,4.2426,0.18822,1.777,0.94207
18,7.2572,0.28045,1.5978,0.99545
17,6.9761,0.2677,1.4861,0.9936
13,5.6569,0.12119,1.4193,0.84041
53,0,0.071364,1.2374,0.71999
16,7.5498,0.37966,1.2793,0.69525
18.667,11.93,0.39393,1.2492,0.70057
21,9.5394,0.32716,1.3081,0.6702
19.667,7.2342,0.39481,1.3797,0.70686
23.667,7.5056,0.38135,1.393,0.72989
18,8.8882,0.38071,1.3937,0.7442
17.333,10.97,0.09455,1.1105,0.61568
16.667,9.815,0.18648,0.99074,0.6058
16.667,9.815,0.18648,0.99074,0.58965
24.333,14.64,0.22179,1.0002,0.59799
17,4.3589,0.22,0.98795,0.60074
12.75,3.2016,0.077518,0.8447,0.58368
12.167,4.535,0.17623,0.88103,0.55145
12.143,5.4598,0.1815,0.91186,0.5667
13.333,7.4744,0.19944,1.0881,0.63044
12.167,9.0425,0.24594,1.1335,0.64023
10,8.2704,0.2115,1.2171,0.6795
9.75,6.994,0.24989,1.2656,0.63234
6.6667,4.0415,0.25068,1.2102,0.55513
68,0,0.42406,1.1442,0.493
17,9.8995,0.27723,0.87364,0.48264
27,24.042,0.28504,0.84732,0.46824
33.5,14.849,0.15881,0.76913,0.43429
29,8.4853,0.70835,1.2538,0.63547
22.5,17.678,3.3788,3.421,1.8575
0,0,0,3.178,0.77533
20,2.8284,1.0929,1.9235,0.88939
16,4.899,0.89317,1.5966,0.98365
14.2,4.0249,0.17864,1.2277,0.79355
12.333,4.7188,1.0685,1.5231,0.96484
9.8333,5.2694,1.1237,1.3729,0.93209
7.1111,3.7565,0.92096,1.373,0.9337
8.1,4.4833,1.6131,1.6961,1.3267
8.1667,4.4907,1.9148,2.1529,1.307
28,32.14,2.2733,3.1923,1.2875
6.5,2.3805,0.9741,1.7849,1.1318
6.2,2.1679,2.2144,2.616,1.4897
6.75,2.0616,2.4679,2.5441,1.4543
6.6667,4.7258,1.8879,2.5376,1.7552
7.5,4.2032,1.7211,2.2972,1.3337
8.4444,6.9841,1.2886,1.9651,1.4245
9,7.4833,0.59538,1.4435,0.76694
8.875,6.7915,0.4384,1.3134,0.78773
9.8571,7.8407,0.3077,1.2561,0.70353
8.5,4.6599,0.18926,1.3025,0.7296
12,12.207,0.17782,1.3086,0.67583
23,22.627,0.10293,1.401,0.58215
20.333,16.503,1.1087,2.2174,0.92374
14.333,8.9629,1.291,2.0532,0.90931
14.75,7.3655,1.2418,1.8115,0.90247
16.5,11.59,0.56155,1.1504,0.5708
8.8,4.1473,0.51573,1.1131,0.61276
10.125,4.5493,0.42877,1.0445,0.70714
9,3.937,0.55205,1.1827,0.7102
11,8.5557,0.63838,1.2828,0.66706
18.75,12.473,0.54378,1.1468,0.59861
18.667,13.65,0.061764,0.78216,0.44188
14,8.4459,0.25625,0.90412,0.4772
10.833,6.2423,0.22122,0.9002,0.537
12.6,4.9295,0.14137,0.78041,0.49295
10.286,4.7509,0.6907,1.1384,0.64959
10.857,5.305,0.70112,1.1125,0.60581
9.375,4.6579,0.63191,1.1463,0.66905
10.714,4.957,0.21187,0.98557,0.57247
12.6,7.1972,0.21532,1.0411,0.59839
14.6,5.3666,0.22332,1.0927,0.5534
17,4.5461,0.21368,0.96649,0.48255
10.429,6.8522,0.18654,1.0275,0.52922
9.2,7.9812,0.15214,1.04,0.47526
16.2,22.432,0.12027,1.0542,0.49596
10,6.6833,0.43161,1.3585,0.57353
9.1429,5.0803,0.43193,1.1692,0.62124
7.125,2.6424,0.40049,1.0976,0.63994
10,5.831,0.48301,1.0435,0.62792
11,6.1101,0.47563,1.1507,0.66889
10.667,4.6762,0.48985,1.2561,0.69666
13.25,5.3151,0.16639,1.1468,0.6162
17.75,10.905,0.18653,1.2102,0.62136
18,8.4853,0.41271,1.0204,0.55112
20.667,7.5719,0.44736,1.1675,0.58436
26,1,0.48251,1.075,0.53485
20.25,8.0571,0.37357,1.1541,0.55928
12.5,8.0436,0.246,1.0921,0.5709
12.8,11.967,0.25725,1.0377,0.50235
18.5,14.663,1.8666,1.8665,1.0127
16,11.165,2.6722,2.982,1.4439
11.4,6.8044,2.4831,2.6979,1.4658
9,7.4066,1.8344,1.6472,1.1952
10.125,8.2883,0.2821,1.0294,0.61392
9.125,6.3569,0.31333,1.0735,0.63202
16.8,11.432,0.36422,1.1626,0.59931
15.4,11.261,0.31415,0.93035,0.52644
9.2,1.9235,0.39252,0.96999,0.53516
12.167,9.4534,0.35449,0.91857,0.53932
17.25,11.786,0.40576,0.98855,0.51789
14,8.544,0.12997,0.77903,0.47615
15,12.356,0.37126,0.96346,0.50814
10.6,6.9138,0.32695,0.9593,0.51883
11.429,5.996,0.29376,1.0048,0.56022
10.4,4.2778,0.29729,1.0647,0.54111
14,4.6368,0.41913,1.2237,0.61542
14,9.9247,0.44123,1.2454,0.61219
12.333,8.7331,0.41142,1.0805,0.5767
11.667,8.641,0.43245,1.1719,0.56444
20.667,6.8069,0.59776,1.1798,0.50619
11.5,6.5345,0.46329,1.244,0.60671
11.8,8.4971,0.39674,1.0147,0.52479
11,7.7028,0.34432,0.97381,0.54858
14,9.7724,0.093255,0.75482,0.42319
13,10.63,0.10415,0.84299,0.49326
9.3333,4.9666,0.092507,0.93706,0.51383
8.75,4.062,0.20208,0.99566,0.58501
8.5556,2.6977,0.20387,1.003,0.6099
8.625,3.1595,0.2615,1.0287,0.59589
9.75,4.097,0.30627,1.0942,0.64674
11.286,7.4992,0.32031,1.1709,0.63291
11,8.4558,0.23722,1.2876,0.61233
18,10.817,0.39727,1.0034,0.47949
27.333,6.5064,0.30472,0.81359,0.40091
24,14.142,0.2595,0.77477,0.47622
14.667,6.0277,0.29555,1.0117,0.57375
15.6,8.6197,0.85348,1.7193,0.92069
13.4,9.1542,1.6901,2.8298,1.6072
12,7.4027,2.1116,3.4653,2.2555
12,6.261,2.307,3.1267,2.1831
10.429,4.6853,1.9569,2.0753,1.7487
8.5,4.062,0.54725,1.5397,0.89559
8.1,4.7947,0.56433,1.4837,0.87894
6.75,4.0255,0.66458,1.6538,1.0151
6.7778,3.2318,0.62106,1.5268,0.89816
8.375,3.9256,0.66489,1.5482,0.88987
8.8889,3.9193,0.30687,1.2436,0.77387
7.4444,3.2059,0.25065,1.195,0.72535
10.143,8.395,0.20855,1.2077,0.71542
14,9.8234,0.27021,1.1748,0.66287
9.875,6.5343,0.23525,1.1565,0.72636
8.3333,5.6347,0.2672,1.139,0.71842
7.6667,3.6742,0.30803,1.1509,0.72451
7.5,2.9907,0.36266,1.2564,0.72168
6.4167,2.7784,0.4033,1.3678,0.83295
7.1818,2.9264,0.4186,1.3049,0.8315
8.1,4.7714,0.42779,1.309,0.80299
10.429,5.4423,0.29628,1.1721,0.6658
9.5,6.1563,2.3136,1.9882,1.6575
12.833,9.2394,2.8824,2.8397,2.1744
13.8,8.167,3.0457,3.1379,2.1862
8.5,2.7775,1.8623,1.9812,1.6195
9.125,3.4821,0.29541,1.3797,0.73805
10.75,6.8817,0.81274,1.8142,1.0334
11.429,6.5538,0.86745,1.8221,0.99562
9,2.8785,2.4983,2.9864,2.2491
10.25,5.2847,2.6346,3.5878,2.5506
10.429,4.9952,2.6097,4.4797,2.8369
10,5.4248,2.5253,3.3842,2.4044
7.9,3.755,2.1443,2.3159,1.9814
6.9,2.9609,1.7108,2.1261,1.6482
8.3,3.6225,0.78809,1.5498,0.99909
8.5,2.8284,0.87996,1.389,0.94399
7.3,3.7431,0.75131,1.4325,0.90598
8.625,5.0409,1.5504,2.0143,1.3957
9.2222,6.9781,1.5567,2.5964,1.7019
8.625,6.5887,1.6562,2.4498,1.6391
6.8889,4.0449,1.1411,1.93,1.2361
10.833,8.6352,0.11755,1.3216,0.78244
13.333,7.7889,0.35942,1.2368,0.71067
8.8889,3.3706,0.31701,1.2687,0.81994
6.8571,1.9518,0.27133,1.319,0.92071
15,14.095,0.2036,1.4083,1.0099
9.8,12.518,1.1645,2.352,1.286
5.5556,2.4037,1.016,1.9965,1.2782
6.25,2.4168,0.9398,1.8747,1.2342
8,4.2164,0.42073,1.4615,0.94186
8.5556,4.0961,0.427,1.4429,0.89032
7.7778,3.5978,0.37091,1.3947,0.83371
10.25,3.9551,0.33558,1.2403,0.73484
8.875,4.9117,0.32905,1.2483,0.686
9.1667,5.1929,0.37914,1.0634,0.59258
10.286,10.275,0.37029,1.0052,0.5873
18,14.048,0.52758,1.0203,0.55758
11.333,8.8919,0.43558,1.0953,0.63399
8.8333,4.0702,0.41442,1.1421,0.63982
10.6,5.6833,0.2243,1.0111,0.61956
13.333,7.607,0.34106,1.1235,0.68889
12.833,6.1779,0.3973,1.2383,0.74069
12.6,6.4653,0.39239,1.3328,0.72272
16.2,8.2583,0.39123,1.1721,0.65057
13.2,7.4967,0.30928,1.1936,0.68487
9.1667,1.3292,0.34251,1.3447,0.78402
12.5,9.1159,0.36072,1.2895,0.72841
19.5,8.7369,0.36708,1.3625,0.6761
15.25,5.1235,0.22959,1.1233,0.57088
14,3.5355,0.33259,1.2813,0.7644
10,4.4721,0.31693,1.3324,0.8183
8.4444,3.7118,0.34423,1.2915,0.82543
7.4444,3.0867,0.33244,1.1262,0.72398
7.75,6.2963,0.29538,0.9663,0.62727
9,7.6345,0.34375,0.96908,0.66374
8.7778,6.7412,0.28192,0.98986,0.64357
9,6.2183,0.30386,1.11,0.67214
12,7.746,0.26566,1.067,0.6121
9.8571,7.3355,0.32102,1.1456,0.68901
8.25,3.9551,0.23918,1.0881,0.66767
8.1,3.5418,0.38276,1.1605,0.79403
8,2.1602,0.64266,1.3936,0.91924
7.3,2.9078,0.57675,1.713,1.0336
6.9167,2.8749,0.50154,1.6274,1.001
6.8182,2.6389,0.40416,1.3905,0.8506
7.7273,4.7977,0.43212,1.3335,0.83444
8.5556,5.7033,0.45738,1.413,0.82774
7.9,3.7253,0.52221,1.2945,0.79546
9.5,4.8697,0.33178,1.093,0.6374
9.125,5.1113,0.34634,1.075,0.67522
8.875,4.9407,0.51587,1.3736,0.95196
7.625,4.8088,1.4352,2.0391,1.3493
12.833,10.629,1.4772,2.3693,1.3625
12.429,9.3248,1.5226,2.0045,1.2635
10,3.7033,0.73326,1.4895,0.88258
11.714,4.2314,0.82928,1.4528,0.844
13.667,2.6583,0.87768,1.506,0.81809
12.8,5.02,0.5491,1.2136,0.60741
12.833,8.4004,0.3252,0.93348,0.51866
10.571,8.3038,0.43902,1.0395,0.55442
8.8571,4.8795,0.37759,0.98626,0.54581
10.286,4.6803,0.35459,1.1117,0.61389
12,5.3666,0.3267,1.312,0.71212
8.5,5.2122,0.79539,1.7789,1.0991
6.2,2.7809,0.79438,1.7767,1.1108
7.1818,5.1346,0.86031,1.5803,1.0173
8.5556,5.7687,0.35029,1.1077,0.63198
10.429,5.5032,0.35978,1.0493,0.58716
8.5714,2.4398,0.41938,1.2289,0.68721
13.4,8.4735,0.37199,1.1923,0.62879
15.4,8.961,0.32122,1.253,0.6584
10.714,5.0238,0.095999,1.0765,0.60012
9.625,2.9731,0.32846,1.1391,0.62462
14,10.075,0.43677,1.0963,0.55775
16,11.225,0.50513,1.0697,0.53354
13.6,6.5038,0.16164,0.91468,0.53832
12.2,9.0664,0.1346,0.94805,0.54937
15.4,7.8613,0.14388,0.89793,0.50851
12.8,7.6616,0.10655,0.81709,0.44353
17.75,7.6757,0.11023,0.80863,0.46581
15.75,7.5884,0.071839,0.88968,0.50525
12.6,2.881,0.13634,0.93208,0.50821
14,1.7321,0.16109,0.96704,0.44659
25,25.239,0.15829,1.0611,0.43594
7.5,0.57735,0.34727,1.1455,0.5481
9.8571,3.1848,1.5198,1.668,1.1385
12.4,2.9665,1.8418,2.3704,1.348
12.8,7.6289,1.8408,2.3527,1.3413
13,8.1731,1.0789,1.5671,0.95576
10.25,6.112,0.26195,1.1416,0.68827
7.5,4.2308,0.2353,1.1902,0.62164
9.3333,5.7735,0.14486,1.1426,0.51794
39.5,44.548,0.2903,1.0972,0.46684
13.333,5.5076,0.28376,0.93618,0.46369
17.333,3.7859,0.38128,1.1326,0.58174
12.5,5.648,0.37982,1.1314,0.66187
11,7.7717,0.37083,1.1818,0.66582
13.5,10.271,0.3312,1.1118,0.61777
13,12.288,0.24871,0.99348,0.47466
32,33.941,0.13638,0.89911,0.41964
9.5,0.70711,0.25633,1.0469,0.53146
13.25,5.9652,2.9886,2.4108,1.5228
15.6,10.831,2.6865,3.3887,2.0502
16.4,11.546,2.667,3.422,2.0394
10,8,1.5809,2.2448,1.5617
9.3333,4.761,0.79676,1.4412,0.77601
9.5,4.4401,0.73112,1.2354,0.74929
8.75,3.7749,0.15429,0.9559,0.48009
23.333,23.861,0.16619,1.0729,0.52232
9.6,4.3932,0.17478,0.94966,0.52635
9.25,3.9911,0.1529,0.94365,0.60277
9.375,3.2043,0.17316,0.93369,0.58898
12.667,7.3121,0.18268,0.96499,0.57872
12.667,6.9186,0.19929,0.9972,0.57492
10.667,3.9328,0.16586,0.99993,0.55554
12,4.4721,0.18722,0.92525,0.501
10.5,6.364,0.28581,0.96184,0.43007
18,22.106,0.09292,0.82076,0.41431
9.5,5.4467,0.042168,0.85491,0.44109
12.667,10.132,0.17098,0.9114,0.78821
13.333,10.289,1.5476,2.0501,1.1712
10.571,7.5907,1.3968,2.1542,1.2221
9.4,7.8294,1.0329,2.0567,1.1718
11.429,7.3452,0.66033,1.4304,0.73246
9.4,6.9138,0.59875,1.2863,0.60198
19.5,15.674,0.6964,1.208,0.55498
18.667,14.012,0.46378,1.111,0.56528
12.25,7.2744,0.34104,1.1368,0.61367
12,7.0238,0.34684,1.129,0.63002
15.75,13.251,0.58237,1.3246,0.72859
15,14.142,0.43035,1.725,0.74222
22,15.716,2.2948,2.8589,1.2558
31,7.0711,3.0081,2.7979,1.1994
14.8,10.402,2.0661,2.8288,1.5918
10.429,7.6563,1.1865,1.7073,1.2626
7.7,3.8312,1.0318,1.7747,1.3408
10.286,7.4546,1.5405,1.8781,1.3216
13.6,8.961,2.1956,2.9464,1.7669
9,7.6594,2.171,2.2197,1.693
8.625,7.1701,1.6842,1.5754,1.3003
10.333,8.4063,0.20948,0.93341,0.49793
15,11.576,0.60738,1.3742,0.8063
20,14.236,0.9434,1.9546,1.012
11.5,10.895,1.3811,2.3719,1.2475
12.2,13.882,1.6207,2.2215,1.0665
13.167,12.057,1.4374,1.802,0.9621
8.8333,4.7081,1.6896,2.1958,1.3541
12.5,6.5955,1.669,2.2698,1.3967
13.2,7.9498,1.8476,2.3372,1.3434
15.2,7.7589,0.46267,1.3329,0.73266
10.5,8.4321,0.31297,1.2406,0.72203
9.5714,7.1614,0.24986,1.2608,0.75184
11.714,7.2506,0.19474,1.1815,0.7554
11.333,3.9833,0.17739,1.1785,0.77043
12.2,2.7749,0.17256,1.2997,0.88106
13.6,4.827,0.14114,1.2387,0.84785
21.667,8.0208,0.15877,1.1681,0.81508
12.8,10.354,0.30326,1.3495,0.86585
9.8571,4.8452,0.26715,1.3336,0.90031
9.625,3.9256,0.25579,1.3597,0.96055
10.429,2.4398,0.18935,1.2934,0.87147
10.286,2.43,0.41545,1.4355,1.1133
10.571,3.9521,0.40009,1.4967,1.0751
9.75,4.2678,0.64466,2.0741,1.3989
8.1,4.0125,3.8468,4.7248,3.6616
4.7647,2.9481,2.6809,5.0802,4.1334
4,1.451,2.5724,4.8672,4.2394
4.0952,1.758,2.0925,4.7235,3.8454
4.2632,1.727,2.9338,5.5145,4.4225
4.3333,2.142,2.7074,6.3288,4.956
4.8824,2.8697,2.9917,5.998,5.0049
5.9286,2.8947,2.8203,4.9516,4.244
6.5833,2.3916,2.8571,4.4172,3.6354
6.1429,2.3157,1.3875,3.0447,2.4017
6,3.2817,2.2998,3.7454,3.1666
6.3333,4.7737,2.3988,3.4087,2.9449
7.0909,4.8261,2.3482,4.0395,3.1126
6.2308,4.106,1.2723,3.6213,2.536
6.0833,3.6045,1.2214,3.7198,2.6635
8.6667,4.9497,1.2336,3.6146,2.4046
7.6667,4.717,0.86685,4.0046,2.4999
7.75,5.8248,1.4228,4.64,2.8729
6.8333,4.7065,1.1975,4.8503,3.4498
5.6667,2.5702,1.1054,4.9511,3.5722
5.2,2.2424,0.88612,4.5972,3.6066
5.6154,2.2188,0.77127,4.6769,3.5461
6.1429,1.9945,0.90328,4.6857,3.5969
5.6429,1.5984,0.75083,4.6638,3.6624
4.9412,1.4349,0.74559,4.4634,3.5671
5.0588,1.7843,0.67629,4.3721,3.4171
5.1875,1.8337,0.61377,4.4261,3.4808
5.6,2.2615,0.5941,4.4503,3.4548
5.4,1.9567,0.67052,4.5168,3.4629
5.4667,1.9223,0.8057,4.4839,3.4184
5.7857,1.7619,0.7613,4.4715,3.4037
5.6667,1.633,0.59715,4.5251,3.4779
5.6429,1.9057,0.65935,4.7258,3.549
5.7857,1.8051,1.0736,4.8338,3.6823
5.4667,1.7674,1.2969,4.5594,3.6432
5.0667,1.5337,1.1807,4.4334,3.5898
5,1.6956,0.82475,4.2555,3.5331
5.1875,1.7595,0.76937,4.278,3.4435
5.7143,2.1278,0.83112,4.1931,3.4242
5.6667,2.3503,0.84012,4.2332,3.3313
5.9286,2.269,0.75164,4.1515,3.2352
5.3333,1.0465,0.86269,4.1594,3.1706
5.6667,1.2344,0.78851,4.2138,3.2164
5.4667,1.5055,0.70536,4.4533,3.429
4.8824,1.6912,0.68214,4.3207,3.49
4.5,1.3827,0.739,4.2349,3.4682
4.7778,1.4371,0.91633,4.3056,3.5044
5.6,1.9567,0.93274,4.6386,3.5568
5.7143,1.9386,1.7685,5.7329,4.2779
5.3333,1.9881,1.9309,6.6363,4.9774
5.1176,1.9001,1.8979,6.4741,5.0981
5.4,2.6673,1.783,5.8812,4.6665
5.6,2.7723,2.4544,6.4555,4.8703
5.3125,2.6513,2.6054,7.489,5.4572
4.7647,1.7864,2.5012,7.4354,5.5168
5.3125,1.7405,1.9622,6.5243,4.8324
6.0769,1.8467,0.75708,5.4878,4.0899
5.7857,1.9287,1.0559,4.9325,3.8551
5.125,1.5864,0.97572,4.8253,3.7113
5.125,1.5438,0.81833,4.7611,3.6746
5.4667,1.7674,0.84157,5.0228,3.8491
6.5385,2.4019,0.90038,4.9264,3.7596
5.9286,2.3358,0.8644,4.7845,3.7009
5.6,2.2615,0.86865,4.5216,3.5977
5.0588,1.088,0.86554,4.3347,3.4704
4.8824,1.8331,1.0842,4.3822,3.5217
5.0625,1.8062,1.1405,4.4387,3.5226
5.0588,2.1642,0.97156,4.6242,3.6038
5.2667,2.1865,0.79849,4.5371,3.5464
5.2,2.426,0.55641,4.4607,3.5064
5.3333,2.2573,0.659,4.4753,3.5805
5.7692,2.0878,0.68702,4.6502,3.6013
5.4,2.0633,0.74985,4.7552,3.666
5.5714,2.0273,0.65325,4.6136,3.5388
4.7778,1.8647,0.81252,4.4287,3.6061
4.5882,2.0018,0.86859,4.4154,3.5386
4.6316,1.8622,1.134,4.2278,3.4338
5.5333,2.4162,1.1498,4.1163,3.3023
4.8824,2.0881,0.96181,4.0258,3.221
5.6,2.4437,0.79921,4.3782,3.4336
5.4667,1.8465,0.71282,4.6047,3.6626
6.0833,1.0836,0.65164,5.0386,3.8273
6.2308,1.1658,0.64284,4.8242,3.7462
5.7143,1.4899,0.70236,4.5103,3.6419
5.3333,0.89974,0.65715,4.4638,3.6464
5.6667,1.291,0.64405,4.5675,3.6075
5.5714,1.3425,0.55655,4.7228,3.6715
5.6429,1.7368,0.6322,4.7248,3.5791
5.7143,1.8576,0.71602,4.7023,3.6308
5.8571,1.7913,0.67441,4.6832,3.5997
5.8571,1.5119,0.59684,4.5608,3.4946
5.6,1.8439,0.5182,4.6701,3.5469
6,2,0.69479,4.5887,3.5094
5.6667,2.1602,0.62586,4.6167,3.614
5.8571,2.3812,0.79733,4.4526,3.5166
5.375,2.1871,0.74092,4.497,3.5704
5.2,1.7403,0.78076,4.4205,3.4825
5.7857,1.8472,1.2831,4.3044,3.4996
7.25,2.8644,2.0328,4.3654,3.6434
7.1818,3.371,2.1131,4.5496,3.7591
6.1429,3.1588,1.5364,4.6357,3.7442
5.0588,2.1351,0.76922,4.3489,3.5469
4.8125,1.6008,0.78719,4.3515,3.4545
4.9375,1.4361,0.96299,4.4612,3.5821
5.7692,1.5359,0.88732,4.711,3.6407
6.3077,1.9742,0.77258,4.7388,3.7364
6.8333,2.4433,0.6172,4.7034,3.6646
6.1538,1.9513,0.54815,4.6903,3.6497
5.9231,1.6564,0.44994,4.7464,3.6288
6,2.2871,0.6285,4.4105,3.4509
5.6923,2.2871,0.73172,4.3838,3.4798
5.7692,2.4884,0.75967,4.3678,3.4538
7.1667,3.1575,0.57122,4.7386,3.551
6.6667,2.7414,0.55192,4.6365,3.4195
6.6154,2.5993,0.55523,4.5882,3.4112
5.6667,1.543,0.61519,4.3026,3.2994
5.6667,1.633,0.8003,4.5218,3.4698
5.4,1.8439,0.7748,4.6142,3.4957
5.1875,1.9397,0.63633,4.7834,3.6407
5.125,1.8212,0.68519,4.8046,3.6822
5.125,2.0936,0.89464,4.7869,3.7213
5.375,2.1871,1.0756,4.5922,3.5723
5.2,1.9346,0.983,4.544,3.6518
6,1.8811,0.90325,4.6598,3.617
6.4615,1.3914,0.6695,4.8972,3.7673
6.5,1.6787,0.70648,4.8768,3.748
5.7857,1.8051,0.89158,4.5648,3.7864
5.3333,1.6762,1.1023,4.5411,3.7614
5,1.3693,1.0765,4.4834,3.714
4.9412,1.3449,0.94867,4.6845,3.6468
5,1.7512,0.90934,4.6192,3.5973
5.1875,1.8697,0.87628,4.5851,3.6653
5.5333,1.8848,0.90459,4.6452,3.8162
5.5,1.4544,0.63402,4.874,3.8434
6.4615,2.5038,1.7777,3.8569,3.1639
6.2308,3.1663,1.7013,3.2404,2.7006
5.9286,2.7863,1.7578,3.3291,2.6907
5.8571,2.4763,1.0238,4.2553,3.1948
6.3077,1.9742,1.0367,4.5338,3.5651
6.1538,1.8187,0.87909,4.7405,3.5943
5.7333,1.2799,0.92956,4.6016,3.6456
4.9412,1.5996,0.83702,4.4134,3.5519
5.0588,1.7489,0.69612,4.2773,3.4736
5.4,2.0633,0.76545,4.3608,3.5406
5.4667,1.8074,0.81731,4.3014,3.4614
5.125,1.7842,0.81491,4.2133,3.4507
4.75,1.291,0.7908,4.3407,3.3893
5.6429,1.6919,1.4456,4.1752,3.3893
6.6154,2.1031,1.5569,4.2398,3.3559
6.25,2.4541,1.2852,4.3916,3.4198
5.6,2.0284,0.63252,4.4026,3.4987
5.1875,2.1046,0.79822,4.3732,3.5073
5.3333,1.5887,0.84248,4.3865,3.4613
5.125,1.5864,0.91631,4.2919,3.4385
5,1.2111,0.86914,4.25,3.4101
5.1875,1.6008,1.0157,4.3748,3.5298
6.3846,1.7578,1.0445,4.7276,3.5642
6.8333,1.6422,1.0433,4.8424,3.7179
5.8571,2.0702,0.97455,4.8119,3.7212
5.125,1.9279,1.1198,4.852,3.7922
4.6111,1.7868,1.0256,4.9059,3.8264
5.0588,1.9193,0.98339,4.7502,3.7149
5.5333,2.7482,0.74159,4.5808,3.5556
5.7333,2.9147,0.71222,4.4045,3.4626
6.1538,2.7942,0.84509,4.5912,3.5546
5.6,1.6818,0.85243,4.6797,3.6511
5.3333,1.1127,0.87527,4.612,3.6209
5.7143,1.326,0.72948,4.5206,3.5356
5.5714,1.5046,0.80177,4.5457,3.5532
5.7692,1.3634,0.69622,4.717,3.6568
5.8,1.6125,0.62299,4.9218,3.7671
5.5333,1.5976,0.51456,4.8237,3.7182
5.8571,1.9556,0.78008,4.6919,3.6379
5.8,2.0771,0.84419,4.5537,3.5697
5.6,1.8048,0.93514,4.5752,3.5537
4.9412,1.5996,0.87851,4.389,3.4312
5.25,1.3904,0.8534,4.3825,3.4708
5.4667,1.9952,0.8743,4.423,3.4511
5.6429,1.7805,0.74037,4.6602,3.5387
5.3333,1.543,0.80777,4.4877,3.415
5.0625,1.5262,0.92027,4.3218,3.5475
4.7647,1.5624,0.91601,4.4306,3.5085
4.6111,1.577,0.87242,4.4122,3.4894
4.8824,1.7987,0.63066,4.2328,3.2727
5.3333,2.2887,0.6994,4.3373,3.358
5.5,2.1292,0.9346,4.4333,3.5441
5.7143,2.0913,0.96789,4.5638,3.6237
5.4375,1.7877,1.1455,4.6493,3.7225
5.7143,2.0164,0.94859,4.5853,3.5234
5.7333,2.1865,0.90502,4.7567,3.6038
5.7857,2.0821,0.57213,4.5466,3.4558
6.0769,1.7059,0.7673,4.6871,3.5992
5.9286,1.4392,0.72147,4.3558,3.4333
5.6,1.5492,0.71415,4.3051,3.3825
5.8571,1.7913,0.46107,4.1531,3.2606
5.375,1.893,0.6513,4.1298,3.2262
5.3125,1.7017,0.73179,4.1329,3.246
4.7222,1.3198,0.97899,4.2281,3.3705
4.8235,1.38,1.0143,4.3857,3.5007
4.6471,1.2719,0.99788,4.5235,3.6499
5.25,1.6931,0.94971,4.7311,3.6601
5.4,1.6388,0.92221,4.9248,3.7966
5.9231,1.6053,0.82215,5.0374,3.8528
5.375,1.2583,0.85905,4.6688,3.6611
5.4667,1.5523,0.70019,4.483,3.5671
5.6429,1.5495,0.72783,4.4535,3.4141
5.5714,1.6036,0.7407,4.6875,3.5218
5.7692,1.4233,0.92869,4.8027,3.648
6.8333,2.7579,0.92187,4.7345,3.5224
7.1818,2.6765,1.0064,4.2925,3.3565
6.75,2.8002,0.99272,4.2784,3.2869
5.7333,1.7099,0.88528,4.1647,3.2846
5.6429,1.5495,1.035,4.6574,3.5632
6.0714,1.859,0.99013,4.4331,3.4582
5.7143,1.8985,0.92756,4.6566,3.6145
5.5333,1.4573,0.913,4.4843,3.562
5.5333,1.6417,0.84213,4.6748,3.6493
6,1.7097,1.0108,4.6401,3.6549
4.8667,1.5055,0.97116,4.467,3.5422
4.7778,1.9869,0.93271,4.3074,3.5427
5,2.0616,0.95091,4.3438,3.4972
4.7647,1.4374,0.87821,4.3431,3.4711
5.125,1.6683,0.89389,4.4669,3.4373
5.3125,1.493,0.86323,4.4337,3.4221
5.0588,1.4778,0.76895,4.3802,3.3547
5.0625,1.652,0.75701,4.4794,3.4748
5.6667,2.1269,0.64866,4.641,3.6311
6.1538,2.035,0.61765,4.7689,3.7806
6.4167,1.8809,0.82586,4.5111,3.5327
5.8571,1.5619,0.96558,4.189,3.2914
5.5714,1.3425,0.99147,3.9456,3.1737
5.5,1.3663,0.96327,4.1747,3.3812
6.0769,1.8913,0.74638,4.7012,3.5368
6.25,2.2208,0.95944,5.194,3.8166
6.5,1.9306,1.0139,5.1923,3.7807
6.3077,2.0569,1.1455,4.8534,3.6703
6.0769,1.801,0.87561,4.6011,3.6023
6.3846,1.8947,0.7642,4.6458,3.5183
6,2.1483,0.84714,4.7628,3.5785
5.7333,2.0862,0.96118,4.6119,3.5123
5.7333,2.0517,0.93493,4.6549,3.5238
6,1.9612,0.91221,4.6036,3.5506
6.3077,2.3232,0.79873,4.5513,3.5647
5.7143,1.6375,0.76916,4.6072,3.596
5.5333,1.8848,0.69221,4.5288,3.6036
5.8571,1.9556,0.61124,4.4204,3.5865
5.7143,2.1636,0.76012,4.245,3.4414
5.8,2.2424,0.74206,4.3836,3.5457
5.6,2.2297,0.72132,4.3838,3.4133
5.6667,2.1269,0.61178,4.4863,3.4678
5.3333,1.7593,0.86399,4.5348,3.4021
5.2667,1.5796,1.02,4.5503,3.5537
5.7143,1.7289,1.055,4.665,3.6337
5.6,2.0633,0.85172,4.5223,3.5301
5.7333,2.0166,0.66343,4.4275,3.3909
5.5,1.6525,0.77543,4.556,3.5027
6.0714,1.2688,0.86524,4.792,3.6866
5.6,1.5946,0.69871,5.1417,3.8546
5.6667,2.0587,0.69182,4.8273,3.6524
5.7857,2.0821,0.58385,4.5307,3.5421
5.3571,1.9057,0.82385,4.38,3.3744
5.6,2.2297,1.0402,4.7575,3.677
5.5333,2.2949,0.98845,4.7209,3.7248
5.4667,1.6417,0.71359,4.9025,3.7096
5.125,1.5864,0.60896,4.36,3.477
5.7143,1.7728,0.72912,4.4709,3.5546
5.6667,1.6762,0.74354,4.3789,3.5725
5.7143,1.8157,0.95483,4.5022,3.7103
5.1875,1.223,1.0745,4.6183,3.7466
5.125,1.4083,1.0961,4.6601,3.7265
5.7143,1.1387,0.73435,4.5232,3.6604
5.5333,0.74322,0.74431,4.282,3.4607
5.4667,0.74322,0.8108,4.3216,3.5117
5.5333,1.5523,0.8732,4.6092,3.633
4.9375,1.8062,0.87607,4.4751,3.6283
5.1333,1.9952,0.82905,4.4818,3.5804
5.25,1.8439,0.81782,4.3554,3.4139
5.6429,2.2398,0.72432,4.4078,3.3976
5.4,2.3543,0.77382,4.309,3.3788
5.1429,1.4064,0.94236,4.5071,3.524
5.125,1.6683,0.88695,4.4592,3.5164
5.1176,1.4527,0.99093,4.3557,3.5309
5.2,1.4243,1.0119,4.4315,3.5369
5.4375,1.5478,0.946,4.5949,3.6001
5.4667,1.7674,0.83094,4.4818,3.4127
5.4,1.9567,0.78903,4.1653,3.3373
5.7333,1.7915,0.85673,4.1822,3.2928
5.5333,1.6417,0.74433,4.515,3.5554
6.0714,2.0926,0.90414,4.4521,3.4348
5.9286,2.2348,1.3655,4.4582,3.502
7.9,4.7481,2.0724,4.2164,3.0448
7.9,4.9092,2.2932,3.4282,2.5534
11.833,7.5211,1.9235,2.3664,1.5755
16.5,4.9497,0.31932,1.4499,0.90951
18.333,4.7258,0.27665,1.4961,1.1218
22.333,0.57735,0.27541,1.6799,1.1857
20.333,3.7859,0.26918,1.7844,1.2113
16,0,0.1082,2.0054,1.0313
26,36.387,0.49151,1.9594,1.0547
5.2,1.7889,0.8559,2.3414,1.4533
8.875,6.2206,0.8337,2.045,1.5123
13.25,6.1847,1.0544,2.193,1.3091
37,24.042,0.40926,1.4385,0.62941
0,0,0,1.1977,0.40227
56,0,0.23258,1.3621,0.50579
19,0,0.40161,1.2426,0.45933
17.5,14.888,2.3883,3.6186,2.0141
17,18.193,2.4046,4.1417,2.133
12,9.8793,1.5402,3.9623,2.551
12,6,1.1188,2.6654,1.7531
13.25,5.6789,1.1567,2.5582,1.6453
11.5,9.6073,0.37077,1.4974,1.0096
9.2,6.6483,0.36131,1.5344,1.0072
12.5,9.6073,0.3699,1.4751,0.97097
19.667,10.408,0.53096,1.5971,1.0449
17,5.2915,0.73314,1.8286,1.0296
20,10.44,0.69677,1.8663,1.0632
17.5,10.472,0.35437,1.664,1.1313
11,4.1833,0.42107,1.5828,1.1975
12.6,6.3482,0.6193,1.5546,1.1996
17.25,5.5603,0.60232,1.3186,0.95953
25,5.6569,0.27075,1.0817,0.79825
23.333,4.9329,0.16807,1.1269,0.69143
22.333,3.2146,0.2394,1.2016,0.80003
20.333,7.3711,0.42748,1.3086,0.91071
13,6.9761,0.61409,1.5387,1.0136
14.6,7.5366,0.63386,1.5669,1.1296
14.6,7.893,0.48671,1.5951,1.1994
9.1429,2.7343,0.24496,1.8372,1.254
10.286,3.7289,0.20775,1.8416,1.2665
11.25,4.717,0.23194,1.8547,1.0649
19,19.925,0.47202,1.5055,0.87615
16.667,21.221,0.27671,1.1239,0.64721
15,16.325,0.33025,1.2512,0.70386
12.4,9.2898,0.33345,1.1697,0.66329
19,5.1962,0.2498,1.1182,0.67435
19,5.1962,0.24162,1.0359,0.72526
20.667,6.1101,0.26611,1.2688,0.86211
14.5,0.70711,0.5397,1.6686,1.0401
15.5,7.0475,0.51484,1.5029,0.97144
23,14.107,0.67392,1.4027,0.81325
36,0,0.030319,0.8643,0.4403
0,0,0,0.84286,0.36761
0,0,0,0.86894,0.43525
27,0,0.20608,1.0147,0.53255
22.5,6.364,0.15386,1.0432,0.68751
25,9.8995,0.28831,1.2958,0.81643
22,9.5394,0.28784,1.1995,0.82116
20.25,9.9121,0.28824,1.3435,0.84731
19.25,10.178,0.28584,1.5178,0.9802
11.333,4.9666,0.14639,1.5812,1.1076
10.286,3.6839,0.31557,1.7001,1.2544
10.667,3.4448,0.57152,1.8579,1.2887
16.8,8.5264,0.55685,2.0051,1.3248
17,10.231,0.52412,2.2368,1.3554
13.167,5.5648,0.35843,2.0205,1.2857
9.875,3.7201,0.44693,2.081,1.3977
8.5556,3.7786,0.43557,1.8334,1.304
7.7273,1.954,0.46518,1.8258,1.352
7.0833,2.3143,0.52337,1.8356,1.3428
7.6667,3.0414,0.62286,1.8744,1.2753
8.3333,2.7839,0.66901,1.661,1.1305
10.25,1.2583,0.43696,1.2996,0.81373
15,12.329,0.33028,1.4648,0.86268
9,4.4721,0.38882,1.6024,1.0345
8.375,3.2486,0.38967,1.5657,1.0581
13.8,10.756,0.48814,1.5188,0.97357
15.5,11.902,0.27189,1.1871,0.7297
18.333,13.796,0.066943,1.1338,0.69525
24.333,10.017,0.69447,1.6333,0.98649
14.6,6.5038,0.50604,1.8083,1.1329
11.667,4.1312,0.50761,1.7295,1.149
10.8,4.5497,0.35124,1.5574,0.96745
18,15.133,0.45861,1.3608,0.72016
19.5,12.069,0.5113,1.1877,0.60734
19.667,3.2146,0.037056,0.82723,0.43033
22,0,0.060955,0.82164,0.4275
32,8.4853,0.075865,0.85437,0.4604
26,0,0.10653,0.84918,0.44469
71,0,0.076124,0.87069,0.39607
24,0,0.39391,1.0954,0.45809
18.667,4.6188,0.25269,1.1054,0.54971
14.75,5.5,0.52697,1.5497,0.95541
15.4,6.0663,0.47642,1.6429,1.1345
17.25,9.5,0.25891,1.8923,1.2722
15.5,8.6987,0.23432,1.7853,1.1667
9,5.6821,0.68841,1.659,1.2284
11.667,6.4704,0.71739,1.8288,1.1996
11.833,5.4191,1.3626,2.587,1.5261
11.833,5.4191,1.351,2.6244,1.5092
9.8571,5.1455,1.5869,3.1084,1.916
14.2,7.1204,1.7369,2.3892,1.5701
12.833,6.1455,1.663,2.4789,1.7998
9.5556,5.1747,1.1072,2.7599,1.8474
8.625,3.5431,1.5728,3.4895,2.2515
9.1111,3.4075,1.9017,3.6985,2.5738
9.5,3.0706,2.4997,4.0347,2.9646
8.8889,3.5512,2.3462,3.7467,2.9963
9,4.1231,1.9675,3.626,2.8372
10.625,3.1595,1.2523,3.1135,2.2836
9.5556,4.3621,0.53082,3.1079,2.1512
9.625,6.1397,0.39013,3.1279,1.9052
8,5.8797,0.71966,3.6238,2.1341
9.1667,6.4005,1.229,3.8449,2.2267
9.3333,5.7228,1.3607,3.5725,2.3575
10.143,5.9281,1.3831,3.333,2.3233
9.1111,5.0607,1.4489,3.2117,2.2717
10.286,4.4987,1.9762,3.4556,2.2704
9.25,4.6214,2.0601,2.9363,1.8946
9.1429,5.0474,1.8717,2.3297,1.4789
10.375,5.153,0.81668,1.7634,1.24
8.5556,5.3877,0.79314,2.3189,1.4492
6.9,3.7253,0.96998,2.718,1.6812
7.1,4.1486,2.1402,3.5959,2.8755
10.2,7.5631,2.8173,4.2787,2.6948
20.5,8.226,3.2231,3.9697,4.1278
14,9.8793,7.3301,5.7527,4.441
9.125,5.1944,6.4465,5.1639,4.5466
9.625,3.5832,1.5378,3.2671,4.1066
9.5714,4.4668,0.9389,2.5419,1.9033
14,9.2952,0.96775,2.4058,1.6415
20,11.136,2.8976,3.0429,2.5326
19,9.5394,2.6122,3.3682,2.5331
21.667,6.6583,2.5187,3.7666,2.6883
13.2,5.0695,0.95577,2.032,1.4696
16.5,13.229,1.0677,2.1245,1.4038
24.5,16.263,0.46584,1.7727,0.90501
0,0,0,2.3063,0.7863
0,0,0,0.9494,0.57282
46,0,0.5255,1.321,0.70201
25,0,0.21266,1.5422,0.75462
25,0,0.21266,1.5422,0.7643
26,24.576,0.1906,1.1247,0.71436
10,5.2915,0.25083,1.1563,0.72144
13.6,12.054,0.27644,1.0182,0.67777
20.75,13.226,0.37277,1.0944,0.69341
11.167,9.347,0.59868,1.5007,0.92417
7.1111,2.6667,0.57906,2.135,1.3776
6.1818,0.60302,0.68116,2.2828,1.5945
9,5.9582,0.82586,2.4083,1.529
10.375,7.2691,1.0125,1.8466,1.1994
10.2,7.7266,0.88005,1.5153,0.82349
16.6,9.1269,0.18694,1.044,0.68306
11.8,4.6583,0.1575,1.0955,0.69181
10,4.899,0.61789,1.5718,1.0165
9.625,4.2067,0.522,1.7463,1.1734
8.4,2.7968,0.42622,1.9839,1.3583
7.8182,2.1826,0.63257,2.1199,1.4682
7,1.1832,0.62406,2.2665,1.5239
7.2727,1.4894,0.71789,2.1046,1.4208
7.4,1.5776,0.56229,1.6981,1.1701
11,7.9246,0.45439,1.5898,1.0885
16.2,13.918,2.1027,2.8274,2.2304
15.5,13.772,1.8694,3.5259,2.3079
9,5.5678,1.9699,3.8678,2.2146
29.5,20.506,0.77457,2.0346,0.93523
17.667,13.868,0.33571,1.4275,0.7498
9.8,3.5637,0.53159,1.5786,0.99903
9.5,3.2711,0.50503,1.5257,1.0196
11.25,4.6458,0.60835,1.5011,1.0142
26,24.042,0.52665,1.5559,1.005
12.75,8.4212,0.1913,1.9037,1.2248
13,7.3144,0.30825,1.7673,1.2438
11.667,5.7504,2.1948,2.4829,2.0798
22.333,14.503,5.4847,5.7555,3.3286
31.5,7.7782,5.0822,7.6182,3.3635
17.5,12.021,6.4239,5.4522,2.8452
18.333,15.308,2.0916,2.4259,1.7751
10,0,3.1524,3.0746,1.6233
27.667,28.885,4.0036,4.4266,2.797
11,1.4142,4.7825,4.2024,2.3428
11.667,1.5275,4.267,3.3423,2.3216
13,0,0.20369,0.90599,0.38694
0,0,0,0.65512,0.40518
16.5,10.607,0.18557,0.86924,0.49153
18.333,6.6583,0.13261,0.86235,0.54147
18,6.245,0.11454,0.81424,0.51041
23.5,0.70711,0.048973,0.74396,0.44492
34,14.142,0.11093,0.79091,0.42776
44,0,0.15593,0.79793,0.37515
42,0,0.020469,0.89371,0.37834
41,0,0.16753,0.76078,0.40308
21,13.638,0.16401,0.85957,0.49584
14.333,3.5119,0.18895,0.85465,0.50223
11,0,0.14522,0.99114,0.50602
0,0,0,1.1761,0.50099
19.5,16.263,0.22202,0.92065,0.51127
19.5,16.263,0.22202,0.92065,0.51176
22,19.799,0.028144,0.80522,0.43024
0,0,0,0.82985,0.41513
0,0,0,0.67092,0.38542
0,0,0,0.67092,0.38337
72,0,0.010159,0.66374,0.37941
26,0,0.58646,1.0712,0.41547
23,7.0711,0.47023,0.94409,0.41916
23,7.0711,0.47023,0.94409,0.45574
27,19.799,0.17003,0.88604,0.49179
17,5.6569,0.068195,0.96179,0.52303
17,5.6569,0.068195,0.96179,0.49255
45,0,0.13889,0.83257,0.39065
0,0,0,0.73436,0.33016
0,0,0,0.61332,0.35205
26,0,0.01246,0.72022,0.35985
26,0,0.01246,0.72022,0.38841
0,0,0,0.71141,0.35172
52,0,0.10934,0.67205,0.35319
0,0,0,0.74936,0.33143
51,0,0.032771,0.72619,0.37235
22,5.6569,0.1128,0.82851,0.42571
17.333,10.97,0.066681,0.88612,0.49047
13.5,7.3258,0.065543,0.86542,0.5088
14.333,4.0415,0.082984,0.80202,0.47117
19,16.99,0.10267,0.77743,0.40494
23.667,17.673,0.15535,0.81934,0.42005
12.333,2.5166,0.14551,0.92597,0.4506
19.667,12.662,0.20083,0.88062,0.47743
25,7.9373,0.27203,1.0409,0.52501
19.333,2.5166,0.27104,1.0296,0.51688
27,14.142,0.28655,1.0095,0.51157
26.667,16.197,0.41861,1.1011,0.53349
21.5,19.092,0.50944,1.1246,0.49879
21.333,17.388,0.36006,1.1584,0.52935
14,1.4142,0.06182,1.005,0.44623
11.857,5.6104,0.39113,1.2164,0.67792
10.333,6.121,0.39581,1.3125,0.70865
14.2,16.903,0.36629,1.3818,0.70978
26.333,15.308,0.29475,1.0036,0.55067
20.333,4.9329,0.13115,0.81029,0.47931
19.5,4.4347,0.16724,0.89255,0.50244
17,1.4142,0.21911,0.89602,0.48488
20.333,11.15,0.11088,1.0318,0.53433
17,7.0711,0.1177,1.0343,0.50196
31,12.728,0.1033,1.1252,0.50511
0,0,0,1.2044,0.46718
18,0,0.39113,0.92786,0.44744
0,0,0,6.5075,2.0766
13.5,12.021,2.9026,3.1596,2.7889
9.6667,6.6533,2.4104,3.5939,3.0646
12.667,13.677,2.1039,2.9131,2.3188
15,15.264,0.73378,2.2242,1.595
11.5,10.607,0.32841,1.6922,0.60811
4,0,0.46043,1.6673,0.48837
11,0,0.015524,0.65413,0.32018
17.333,11.846,0.14082,0.77553,0.38977
12.4,10.644,0.26478,1.029,0.57292
9.5,3.4496,0.35006,1.2116,0.71477
11.667,4.9666,0.32152,1.2699,0.76319
19.667,6.6583,0.44615,1.2761,0.69936
23,4.5826,0.13451,1.1218,0.58855
19,4.5826,0.14585,0.99412,0.5237
18.333,3.0551,0.18253,0.90905,0.50537
19.667,1.1547,0.10955,0.80547,0.46859
19.5,0.70711,0.11841,0.84301,0.44742
27,9.8995,0.061514,0.79815,0.46595
20,5.6569,0.073527,0.84882,0.49105
19.333,4.1633,0.061597,0.84192,0.48367
28.5,14.849,0.12669,0.80963,0.43182
0,0,0,0.67754,0.35325
0,0,0,0.67754,0.31394
0,0,0,0,0.31777
0,0,0,1.1792,0.42383
18,21.213,0.15539,0.99986,0.49661
18,21.213,0.15539,0.99986,0.47748
36.5,41.719,0.36001,1.0115,0.48777
8,4.1231,0.25623,0.99988,0.49812
9,4.0415,0.22224,0.98232,0.56554
11.333,7.5542,0.17223,0.96625,0.56664
12.333,7.3394,0.15332,0.94787,0.54652
11.833,5.5287,0.14834,0.95814,0.55889
13.2,4.9699,2.6852,2.6663,2.2436
13,4.4272,2.779,3.4417,2.9298
10.286,3.8173,2.6654,4.4321,3.5188
9,4.0708,2.6795,2.9246,2.7949
7.1667,2.4833,2.5319,2.5868,2.0432
15.4,13.831,0.22247,1.0696,0.58939
18,4.2426,0.13994,0.86846,0.45643
15,7.1181,0.12889,0.81965,0.46233
12,9.8995,0.16115,0.83063,0.43223
57,0,0.0059409,0.81926,0.39336
18,0,0.12116,0.73779,0.33725
55,0,1.4121,1.6506,0.57032
0,0,0,2.6492,0.53556
0,0,0,2.6492,0.54369
7.5,0.70711,0.099111,0.90253,0.40685
17.333,17.039,0.081152,0.90557,0.45597
18.25,12.842,0.33925,1.0731,0.55883
17,5.2915,3.4778,2.8933,2.1583
19,5.6569,3.9411,3.5528,2.4766
18.667,23.671,3.2789,5.6806,3.0772
8.5,5.2058,2.7211,3.0062,2.2895
8.75,4.432,2.5183,2.5587,2.0644
10.8,3.7683,0.1384,1.1587,0.75432
18,10.536,0.11281,1.1362,0.60571
18.5,14.849,0.18396,1.0735,0.52288
29,0,0.11362,0.97794,0.46288
55,0,0.13274,0.80374,0.38441
0,0,0,0.70988,0.3547
0,0,0,0.6616,0.37214
55,0,0.037225,0.63528,0.35766
0,0,0,0.60896,0.30581
0,0,0,0.60896,0.27614
5,0,0.039595,1.4284,0.48965
16.5,16.263,0.40705,1.1939,0.57726
14,8.9443,0.28929,1.262,0.68786
7.875,4.734,0.28788,1.2304,0.68509
9,7.4833,0.2752,1.224,0.66901
12,11.328,0.29394,1.1302,0.57849
22.667,10.214,0.11001,0.86792,0.42698
18.5,12.021,0.14957,0.89119,0.41127
12,2.8284,0.22968,0.81928,0.40352
34,28.284,0.23381,0.86426,0.43241
16.5,4.9497,0.13703,0.79556,0.41999
22.667,11.24,0.11992,0.81713,0.43304
22.667,10.786,0.040921,0.82704,0.43403
16.5,2.1213,0.048658,0.83194,0.43696
18,0,0.031596,0.80698,0.40235
0,0,0,0,0.35038
0,0,0,1.548,0.4925
19,8.4853,0.30137,1.2582,0.53378
21,6.9282,0.26865,1.2043,0.56451
24.5,0.70711,0.11307,1.0536,0.5161
18.333,6.0277,0.14976,1.0047,0.52112
14.4,8.0808,1.1883,1.5393,1.1092
11.75,9.6047,3.6023,3.2755,2.0244
10.286,9.5693,3.3557,4.3353,2.9445
8.6667,8.9582,3.3513,3.4136,2.8382
7.5,4.5765,2.6153,2.4133,2.2615
11.571,7.6563,0.22955,0.9791,0.58574
17.25,6.9462,0.060574,0.80017,0.49225
13.5,5.1962,0.053706,0.81187,0.4601
14.667,5.6862,0.061613,0.80914,0.45369
34.5,30.406,0.029314,0.81044,0.42789
11.5,2.1213,0.09973,0.73927,0.41481
16.25,5.6789,0.071789,0.73058,0.41059
18,5.2915,0.040984,0.7022,0.39606
18,8.4853,0.010768,0.73486,0.35896
0,0,0,0.74696,0.33442
24.5,17.678,0.78244,1.0542,0.48761
17,7.0711,0.69704,1.4013,0.77994
13.2,6.14,0.47705,1.3889,0.91427
11.5,4.5092,0.25665,1.3885,0.89103
18.25,4.4253,0.22331,1.121,0.70538
20.5,3.7859,0.10442,1.0344,0.55378
16.667,5.6862,0.071972,0.99141,0.50557
18.75,5.7373,0.18778,0.88644,0.47955
18.5,6.1373,0.13242,0.74735,0.42755
17,8.4853,0.068274,0.70395,0.37631
0,0,0,0.76771,0.32847
0,0,0,0.77385,0.31581
0,0,0,0.77385,0.30165
67,0,0.054106,0.73559,0.35205
8,0,0.034982,0.67259,0.36284
19.5,16.263,0.090512,0.72286,0.419
26.5,6.364,0.087954,0.73234,0.40852
27.5,10.607,0.10592,0.78112,0.42445
18,2.8284,0.095155,0.80214,0.45087
20.5,6.364,0.074014,0.81893,0.47101
25,21.213,0.1569,0.91883,0.51832
9.3333,3.0551,0.18647,0.85728,0.48127
9.3333,3.0551,0.18647,0.85728,0.44375
37,18.385,0.098719,0.69822,0.37992
19.667,5.8595,0.19125,0.81466,0.4225
17.5,6.364,0.19018,0.87048,0.44955
31.5,13.435,0.18469,0.88674,0.4364
0,0,0,0.86078,0.3744
54,0,0.081637,0.80305,0.35419
42,0,0.024285,0.7625,0.35759
42,0,0.024285,0.7625,0.34979
58,0,0.045265,0.74766,0.36277
19,0,0.20817,0.86286,0.39055
19,0,0.20817,0.86286,0.40833
38,33.941,3.9758,3.7824,2.131
26.5,17.678,3.242,4.7736,2.3217
16.25,15.628,3.7063,5.3632,3.0105
11.5,7.1414,3.7498,3.8047,2.1854
11.75,6.8981,3.9775,3.1651,2.0158
7,0,0.16295,0.90068,0.48963
0,0,0,0.61515,0.34511
36,0,0.2102,0.76378,0.3759
0,0,0,0.91242,0.35972
12,0,0.029443,0.81918,0.42549
12,0,0.029443,0.81918,0.38331
12,0,0.029443,0.81918,0.38946
0,0,0,0.6211,0.31492
0,0,0,0.6211,0.31639
0,0,0,0.83377,0.32213
0,0,0,0.83377,0.3138
0,0,0,0.83377,0.30559
0,0,0,0,0.30852
0,0,0,0,0.29867
0,0,0,0,0.31588
0,0,0,0.75309,0.35656
0,0,0,0.75309,0.38216
0,0,0,0.75309,0.38314
0,0,0,0.73093,0.36462
0,0,0,0.73093,0.35501
36,0,0.051884,0.69424,0.37148
38,0,0.01105,0.64974,0.36556
19.5,3.5355,0.049262,0.64967,0.38163
23.5,9.1924,3.5246,2.6883,1.8068
34.5,6.364,3.7169,4.9748,2.3173
15.5,15.885,2.3039,5.4101,2.9108
7.1667,2.2286,2.783,3.3586,2.3422
11,6.9522,2.1105,2.2473,1.9805
17,8.4063,0.13463,0.90896,0.57559
22,0,0.21288,0.82715,0.40972
72,0,0.096943,0.74517,0.35663
22,0,0.038106,0.84066,0.37415
25.5,4.9497,0.30075,1.0136,0.46311
29,0,0.34781,1.1135,0.44581
60,0,0.54214,0.97613,0.40446
0,0,0,0.59278,0.50781
17,0,2.5074,4.2699,1.911
24,9.8995,3.0585,5.7087,2.7636
18.667,10.693,3.4598,4.4676,2.7844
12.8,4.9193,2.9057,2.6888,2.1267
13,6.9282,0.36623,1.5702,0.74834
21.333,21.362,0.30993,1.3419,0.61395
28,0,0.30734,0.84485,0.38188
23,7.0711,0.23922,0.78713,0.36086
42,0,1.1292,1.4701,0.60989
25,0,0.63061,1.8226,0.66071
23,13.115,0.66804,1.3378,0.69603
16,9.8995,0.031521,0.83921,0.52543
16,9.8995,0.031521,0.83921,0.41951
0,0,0,1.0116,0.43298
22,0,0.24334,0.83953,0.3811
33,15.556,0.23646,0.93317,0.52204
24.333,19.502,0.43508,1.134,0.6558
12.2,8.7006,0.5277,1.5059,0.88293
11,5.7009,0.51322,1.5298,0.93432
10.667,5.164,0.47784,1.4701,1.0613
12,4.1633,0.43558,1.5959,1.1383
9,2.6186,0.36157,1.6994,1.2603
9.5,4.2426,0.54871,2.0153,1.5984
11.167,4.6224,0.58225,2.0724,1.6337
10.167,3.1252,0.68867,1.9799,1.5566
13,8.6255,0.45162,1.5983,1.1397
15.5,10.214,0.31412,1.428,0.97721
13.4,3.5777,0.26504,1.5082,0.96429
14,2,0.21114,1.4519,0.90402
18.75,7.4106,0.26778,1.4274,0.81452
16.5,9.8826,0.2909,1.2263,0.74707
14.75,7.5,0.30626,1.1965,0.68956
24.667,15.822,0.18099,0.95435,0.54177
42,0,0.21369,0.86267,0.40276
0,0,0,0.71157,0.3524
0,0,0,0.59759,0.32397
0,0,0,0,0.34062
0,0,0,0.7596,0.35802
0,0,0,0.7596,0.34281
0,0,0,0.7596,0.31539
0,0,0,0.74899,0.33514
19,4.2426,0.084154,0.83788,0.44323
17.5,9.4692,0.2209,0.98461,0.53909
19.667,12.702,0.23661,1.013,0.53001
17.667,11.372,0.24667,1.0029,0.49622
16.667,10.214,1.2027,1.6716,0.74667
16.667,10.214,1.1525,1.7274,0.7376
13,11.314,1.1953,2.0339,0.71274
0,0,0,1.121,0.40437
0,0,0,1.121,0.39613
65,0,0.29617,0.91163,0.41256
25,0,0.017434,0.68988,0.35826
25,0,0.017434,0.68988,0.34233
0,0,0,0,0.3015
0,0,0,0.55506,0.27958
0,0,0,0.55506,0.26122
0,0,0,1.1218,0.32525
15.5,12.021,0.25897,1.012,0.38804
17.333,9.0738,0.22448,0.97431,0.4644
12.667,7.3711,0.21709,0.88511,0.4525
22,15.875,0.06146,0.84815,0.49722
16,0,0.042392,0.88316,0.49019
63,0,0.13429,0.75822,0.49448
13,0,0.5107,1.0244,0.51546
13,0,0.5107,1.0244,0.47698
0,0,0,1.3855,0.44028
0,0,0,0,0.26623
0,0,0,0.88206,0.27944
31,0,0.039118,0.90973,0.39505
27,5.6569,0.19227,1.0196,0.47245
34.5,16.263,0.16639,1.1287,0.52475
27.5,26.163,0.30639,1.0477,0.49874
20,19.925,0.24938,0.94323,0.49241
21.5,15.067,0.1748,0.88034,0.50129
15.25,4.9917,0.15663,0.89589,0.4817
14.8,3.5637,0.10935,0.89133,0.47788
13.333,4.0415,0.1037,0.8774,0.42749
17.333,10.408,0.16901,0.83711,0.43771
23.5,16.263,0.19168,0.79193,0.40126
12,0,0.15601,0.88244,0.36614
0,0,0,0.77212,0.34675
0,0,0,0.67292,0.3049
0,0,0,0.67292,0.30745
0,0,0,0,0.28579
0,0,0,1.1867,0.36765
0,0,0,1.1867,0.40043
30,15.556,0.22644,0.9509,0.44083
19,0,0.13842,0.833,0.39676
49,0,0.034928,0.71043,0.38673
0,0,0,0.68573,0.35341
0,0,0,0.62246,0.3334
0,0,0,0,0.31566
16,0,0.39595,0.92724,0.37909
16,0,0.39595,0.92724,0.4032
16,0,0.39595,0.92724,0.40485
0,0,0,0,0.34033
0,0,0,0.66474,0.30613
0,0,0,0.66474,0.30856
0,0,0,0,0.32777
0,0,0,0.63751,0.34902
12,4.2426,0.13748,0.76671,0.42647
11.8,5.6303,0.29225,0.87732,0.48629
12,6.0553,0.32104,0.90092,0.46603
18,15.133,0.39265,0.8683,0.39213
0,0,0,0.61362,0.28783
0,0,0,0,0.32402
4.5,0.70711,0.12844,0.83036,0.43451
10.2,6.3008,0.12132,0.91089,0.5234
11.167,5.7417,0.13168,1.0265,0.59569
11.75,5.8523,0.12557,1.1121,0.60887
14.5,7.7675,0.234,1.0318,0.57146
25.333,14.64,0.28299,1.0179,0.57513
24,15.395,0.27723,0.90523,0.54414
14,4.5461,0.2659,0.95843,0.58278
15,3.7417,0.29911,0.99347,0.57673
16.333,2.5166,0.32018,1.0442,0.53648
28,19.799,0.63995,1.3944,0.56155
14,0,0.87931,1.3899,0.52162
17,10.614,0.57874,1.4856,0.76767
14,6.5574,0.52503,1.3937,0.77603
17.75,9.215,0.68842,1.6249,0.85919
24,12.288,0.78006,1.4013,0.71768
16.667,14.224,0.77968,1.4018,0.67967
16,13.077,0.20445,0.94968,0.5764
26,7.0711,0.1183,0.79308,0.49069
24.333,11.372,0.064806,0.70756,0.44502
13,6.2716,0.34097,0.89242,0.48788
12.4,5.5946,0.34542,0.95864,0.53504
9,1.4142,0.25146,1.2352,0.51091
54,0,0.40852,1.0008,0.42178
0,0,0,0.71198,0.33034
0,0,0,0,0.29633
0,0,0,0,0.23652
0,0,0,0,0.22767
0,0,0,0,0.23374
0,0,0,0,0.26341
0,0,0,0.55926,0.26848
60,0,0.27553,0.75408,0.35883
17,0,0.13625,0.85256,0.38691
24,9.8995,0.15901,0.77953,0.41906
35,5.6569,0.061475,0.69686,0.38445
19,0,0.082385,0.75914,0.43559
19.667,12.014,0.14778,0.85699,0.45121
20,16.971,0.1285,0.90902,0.44835
43,0,0.22219,0.89879,0.49342
18.5,12.021,0.13785,0.88558,0.55395
16,8.7178,0.074784,0.99751,0.62627
21.333,8.0829,0.14555,0.95988,0.57114
23.333,2.3094,0.16357,0.8947,0.51941
21,1.7321,0.14982,0.85296,0.43647
25.5,9.1924,0.12332,0.93696,0.48309
21.333,9.7125,0.11747,0.93663,0.56255
13.8,5.5408,0.13426,1.0752,0.65687
12.5,5.4467,0.11992,1.1082,0.61745
30.5,14.849,0.13963,1.1073,0.51602
30,0,0.18274,0.8174,0.39745
36.5,9.1924,0.1847,0.74121,0.38142
12.5,6.364,0.068788,0.66179,0.40406
20.333,14.295,0.14563,0.72897,0.39807
24.5,16.263,0.11892,0.79321,0.4312
15,11.804,0.22132,0.89665,0.48071
15,11.804,0.24806,0.83738,0.44905
16.75,12.285,0.2322,1.0017,0.47947
12.667,5.8595,0.1436,1.0761,0.51436
14.2,5.2631,0.32462,1.1518,0.63695
19,13.292,0.39976,1.0942,0.60663
37,0,0.71966,1.2395,0.5267
21,0,0.024228,0.71345,0.36767
0,0,0,0.69632,0.33522
9,0,0.0055467,0.69361,0.36104
13.667,5.6862,0.19401,0.85796,0.46545
18.667,6.1101,0.17771,0.87476,0.50331
18.75,7.8899,0.13448,0.97164,0.55129
10.5,2.6458,0.27594,1.0724,0.59009
12,4.062,0.24721,1.0781,0.62926
