46127.33962,-0.0023,-0.0141,0.0028,-0.0136,-0.0001,0.0091
46127.36977,0.0058,-0.008,0.0099,-0.0156,0.004,0.0358
46127.39995,0.0078,0.0079,0.0105,-0.0125,-0.009,0.0497
46127.43011,0.0028,0.008,0.0029,-0.0019,-0.0057,0.0379
46127.46026,-0.0018,-0.0084,0.003,0.0059,0.0243,0.0114
46127.49041,0.0038,-0.0097,0.0013,-0.0315,0.0181,0.0156
46127.52056,0.0021,0.0027,-0.0017,-0.0265,-0.0162,0.0303
46127.55071,-0.0048,0.0002,-0.0017,0.0002,-0.0123,0.0582
46127.58089,-0.0015,-0.0114,-0.0047,0.0081,0.0329,0.0029
46127.61104,-0.0012,-0.0119,-0.0033,-0.0242,0.0097,-0.0155
46127.6412,0.003,-0.0122,-0.0108,-0.0437,-0.0214,0.0099
46127.67135,0.0071,-0.0013,-0.0086,-0.0863,-0.0201,0.0174
46127.7015,0.0078,-0.0053,-0.0067,-0.1655,-0.053,0.0288
46127.73165,0.0261,-0.0283,-0.0246,-0.3932,-0.1148,0.0195
46127.76183,0.033,-0.0322,-0.0535,-0.6288,-0.2339,0.1028
46127.79198,-0.0359,-0.0024,0.0133,-0.3111,-0.2818,0.3403
46127.82213,0.0005,-0.0659,0.0249,-0.6365,-0.1247,0.2426
46127.85229,-0.07,0.0705,0.0261,-0.5869,-0.0267,0.0734
46127.88244,-0.0168,0.0362,0.0222,-0.3611,-0.0606,0.1932
46127.91259,0.0054,-0.0279,-0.0119,-0.6226,-0.0331,0.2605
46127.94277,0.0298,0.0441,-0.0295,-0.6003,-0.0592,0.3223
46127.97292,-0.0488,0.005,-0.0293,-1.0874,-0.1034,0.4144
46128.00307,-0.0468,-0.1004,0.0143,-1.949,-0.114,0.5362
46128.03322,0.0291,0.1734,-0.0386,-0.9365,-0.2852,0.3341
46128.06338,-0.0503,0.0242,-0.0059,-0.2664,-0.2589,0.2421
46128.09353,-0.0087,0.0642,-0.0348,-0.3061,-0.1355,0.0077
46128.12371,-0.0377,-0.0025,0.0003,-0.1565,-0.0845,-0.0495
46128.15386,-0.0226,0.0019,-0.0025,-0.1163,-0.0066,-0.0777
46128.18401,-0.0072,-0.0172,0.0021,-0.0677,0.051,-0.1029
46128.21416,0.0138,-0.0045,-0.0255,-0.0449,0.0862,-0.1101
46128.24431,0.011,0.0033,-0.0457,-0.0172,0.0894,-0.125
46128.27448,0.0111,0.0018,-0.0335,0.0156,0.0689,-0.1219
46128.30463,0.0061,-0.0137,-0.0382,0.0249,0.0463,-0.105
46128.33481,0.0061,-0.0055,-0.0294,0.0282,0.0472,-0.0793
46128.36496,0.0048,0.0033,-0.0287,0.0645,0.0513,-0.0685
46128.39512,-0.0029,0.0037,-0.0066,0.0645,0.0459,-0.0621
46128.42527,-0.0038,0.0204,0.0027,0.0316,0.0588,-0.0599
46128.45542,0.0039,0.0287,0.0018,0.0212,0.076,-0.062
46128.48557,-0.0073,0.0285,0.009,0.0106,0.0836,-0.0758
46128.51575,-0.0064,0.0368,-0.0059,0.048,0.1006,-0.0864
46128.5459,-0.0097,0.0236,-0.0072,0.0214,0.0975,-0.08
46128.57605,-0.0081,0.0179,-0.0168,0.0138,0.0845,-0.0576
46128.60621,0.0079,0.0127,-0.0338,-0.0141,0.06,-0.0375
46128.63636,0.008,0.0056,-0.0167,-0.0335,0.0354,-0.0292
46128.66651,0.0012,0.0075,-0.0078,0.0009,0.0576,-0.0183
46128.69669,0.0029,0.0088,0.0095,0.0203,0.08,-0.0181
46128.72684,0.0025,0.0109,0.0001,0.0132,0.0969,0.0056
46128.75699,0.0017,0.0123,-0.0043,-0.0062,0.0798,0.0311
46128.78714,-0.0021,0.0126,-0.0207,-0.0214,0.0456,0.0458
46128.8173,-0.0033,0.0173,-0.0256,-0.0145,0.0018,0.0412
46128.84745,-0.0028,0.0178,-0.0339,-0.0063,-0.0196,0.0442
46128.87763,-0.0056,0.0011,-0.023,-0.0375,-0.043,0.043
46128.90778,-0.0044,0.006,-0.0041,-0.0377,-0.0654,0.0449
46128.93793,0.0002,0.0136,-0.0122,-0.0133,-0.0654,0.0257
46128.96808,-0.005,0.0101,0.0003,-0.0227,-0.046,0.0119
46128.99823,0.0009,0.0057,0.0106,-0.03,-0.0277,-0.0051
46129.02839,0.0034,0.0114,0.0068,0.0011,-0.0118,-0.0231
46129.05857,0.009,0.0053,0.0074,-0.0072,0.0064,-0.023
46129.08872,0.0074,-0.0024,0.0008,-0.0316,0.0129,-0.009
46129.11887,0.0039,0.0006,-0.0015,-0.0347,0.0235,-0.0004
46129.14902,0.0028,-0.0108,-0.0024,-0.0507,0.0182,0.006
46129.17917,0.0053,-0.0027,-0.0144,-0.02,0.0053,0.0038
46129.20932,0.0052,-0.0027,-0.0178,0.0012,-0.0034,0.0027
46129.23948,0.0111,-0.0022,-0.0047,-0.0063,-0.0163,0.0239
46129.26966,0.0115,-0.0098,0.0026,-0.034,-0.0173,0.0335
46129.29981,0.0117,-0.0062,0.0108,-0.054,-0.0012,0.0368
46129.32996,0.0144,-0.0056,0.0017,-0.025,0.0212,0.0221
46129.36011,0.003,-0.0095,0.0032,-0.0652,0.0459,0.0254
46129.39026,0.0102,-0.0012,-0.0115,-0.0224,0.0683,0.0074
46129.42041,0.0168,-0.0006,-0.0055,-0.0266,0.0759,-0.0128
46129.45059,0.022,-0.0136,-0.019,-0.0022,0.0684,-0.0289
46129.48075,0.0326,-0.0143,-0.0117,0.0073,0.0608,-0.0225
46129.5109,0.0381,-0.0172,0.0018,0.0253,0.0511,-0.0108
46129.54105,0.0278,-0.0324,0.0106,0.0499,0.0639,-0.0246
46129.5712,0.0258,-0.0392,0.0304,0.0535,0.0959,-0.0201
46129.60135,0.0205,-0.0522,0.0405,0.0648,0.1416,-0.0079
46129.63153,0.0336,-0.0421,0.0248,0.1032,0.1447,-0.0122
46129.66169,0.0423,-0.0267,-0.0048,0.1358,0.1256,-0.054
46129.69184,0.0538,-0.0297,-0.0247,0.212,0.0923,-0.0841
46129.72199,0.0686,-0.0452,-0.0171,0.1797,0.0647,-0.0897
46129.75214,0.0831,-0.0391,-0.0092,0.1284,0.0543,-0.0952
46129.78229,0.0859,-0.0291,-0.0026,0.1762,0.0598,-0.1453
46129.81247,0.0712,-0.0187,-0.0041,0.2299,0.1069,-0.2101
46129.84262,0.0533,-0.0079,0.0165,0.248,0.1211,-0.271
46129.87278,0.014,-0.002,0.0172,0.2205,0.1492,-0.2965
46129.90293,-0.005,-0.0104,0.0224,0.1528,0.1748,-0.2504
46129.93308,-0.0067,-0.0085,0.0214,0.0573,0.1877,-0.1948
46129.96323,0.0102,-0.0038,0.0307,0.0201,0.1845,-0.1531
46129.99341,0.0106,-0.0089,0.0335,0.0124,0.1544,-0.1277
46130.02356,-0.0019,-0.0164,0.0642,0.0347,0.1435,-0.1074
46130.05371,-0.0176,-0.0303,0.0623,0.0575,0.1535,-0.0121
46130.08387,-0.0225,-0.0571,0.0724,0.0079,0.155,0.1172
46130.11402,-0.0288,-0.0836,0.0863,-0.1174,0.1568,0.2529
46130.14417,-0.0411,-0.0975,0.0658,-0.0914,0.1723,0.3194
46130.17435,-0.0249,-0.1129,0.0631,-0.0728,0.203,0.3432
46130.2045,-0.0288,-0.1025,0.0449,-0.0512,0.2165,0.3882
46130.23465,-0.0415,-0.0906,0.0579,-0.0605,0.2368,0.4022
46130.26482,-0.0453,-0.0868,0.0329,-0.0141,0.2769,0.4422
46130.29497,-0.0287,-0.0603,0.0396,-0.0159,0.2983,0.4327
46130.32513,-0.041,-0.0129,0.0166,0.0453,0.2848,0.3354
46130.35528,-0.0772,-0.0036,0.0188,0.206,0.3874,0.2091
46130.38546,-0.0767,-0.016,-0.0223,0.3024,0.5326,0.1375
46130.41561,-0.0481,-0.0433,-0.071,0.4332,0.6222,0.0678
46130.44576,0.0086,-0.0616,-0.1365,0.5643,0.5623,-0.0202
46130.47591,-0.0115,-0.0761,-0.0652,-0.1475,0.4413,0.0561
46130.50606,-0.0888,0.0131,-0.1617,-0.1383,0.5022,0.0437
46130.53622,0.0109,0.0201,-0.2105,0.3138,0.5089,-0.1717
46130.5664,0.0355,0.0064,-0.0537,0.1334,0.3234,-0.2525
46130.59655,0.023,0.079,-0.0839,0.2424,0.2586,-0.2282
46130.6267,-0.0015,0.0756,-0.0408,0.1381,0.2369,-0.0948
46130.65685,-0.0262,0.0886,-0.0193,-0.0044,0.1495,-0.0144
46130.687,-0.0398,0.101,-0.0412,-0.0267,0.0696,-0.0246
46130.71715,-0.0372,0.0898,-0.0191,0.0314,-0.0294,-0.1226
46130.74734,-0.0648,0.0742,0.0105,0.0601,-0.1654,-0.2605
46130.77749,-0.1077,0.0467,0.0363,0.0818,-0.2737,-0.3747
46130.80764,-0.1328,0.0407,0.0527,0.0744,-0.3427,-0.434
46130.83779,-0.133,0.0445,0.0506,0.0593,-0.4288,-0.4871
46130.86794,-0.1358,0.0819,-0.0109,0.1327,-0.5055,-0.5678
46130.89809,-0.105,0.0728,-0.0362,0.1662,-0.6098,-0.6573
46130.92828,-0.0653,0.0924,-0.071,0.2118,-0.6961,-0.7189
46130.95843,-0.0007,0.0866,-0.0973,0.2241,-0.798,-0.8148
46130.98858,0.046,0.0947,-0.1028,0.3033,-0.9076,-0.9374
46131.01873,0.0936,0.0623,-0.0858,0.3727,-0.9565,-1.0254
46131.04888,0.1583,0.0365,-0.0812,0.4801,-0.9567,-1.0734
46131.07903,0.1851,-0.0018,-0.0422,0.4998,-0.9174,-1.0592
46131.10921,0.2581,-0.0304,-0.0278,0.4718,-0.876,-0.9937
46131.13937,0.2303,-0.0348,0.0096,0.377,-0.8098,-0.9216
46131.16952,0.1507,-0.0068,0.0065,0.2677,-0.7017,-0.8793
46131.19967,0.1027,0.001,-0.0412,0.1451,-0.5521,-0.8024
46131.22982,0.0711,0.0298,-0.0649,0.095,-0.4849,-0.7581
46131.25996,0.0229,0.0876,-0.0843,0.2739,-0.4878,-0.7632
46131.29014,-0.0303,0.0812,-0.0533,0.3223,-0.4791,-0.6626
46131.32029,-0.0079,0.0477,-0.0246,0.1521,-0.5345,-0.3904
46131.35044,0.0021,0.0478,0.0161,-0.1263,-0.6321,-0.1209
46131.38059,-0.009,0.0275,0.0706,-0.3554,-0.6813,0.057
46131.41075,-0.0094,0.0278,0.1096,-0.3923,-0.5921,0.1646
46131.4409,0.0343,0.0178,0.1296,-0.3953,-0.4161,0.198
46131.47105,0.0808,-0.0005,0.1374,-0.2998,-0.2669,0.1768
46131.50123,0.1038,-0.0207,0.1223,-0.1733,-0.1288,0.209
46131.53138,0.1384,-0.0599,0.1378,-0.1452,0.0292,0.3642
46131.56153,0.1719,-0.0951,0.1438,-0.2226,0.1734,0.5759
46131.59168,0.1707,-0.1061,0.1554,-0.3004,0.2976,0.7468
46131.62184,0.199,-0.0755,0.1106,-0.2803,0.414,0.9124
46131.65199,0.2119,-0.0778,0.0901,-0.3521,0.516,1.0489
46131.68217,0.1916,-0.0472,0.0727,-0.3143,0.6145,1.1449
46131.71232,0.1702,-0.0463,0.0108,-0.3154,0.7592,1.2294
46131.74247,0.1655,-0.053,-0.0371,-0.276,0.9134,1.3001
46131.77262,0.2008,-0.0568,-0.0824,-0.266,1.0231,1.3469
46131.80277,0.1722,-0.0463,-0.1071,-0.3824,1.0888,1.3419
46131.83293,0.1264,-0.0186,-0.1348,-0.4316,1.1695,1.2879
46131.86311,0.0991,0.0383,-0.2062,-0.3496,1.3434,1.2551
46131.89326,0.1387,0.0226,-0.2708,-0.1897,1.4454,1.225
46131.92341,0.156,0.0719,-0.2412,0.0533,1.377,1.212
46131.95356,0.1523,0.0829,-0.14,-0.1111,1.2198,1.3743
46131.98371,0.1018,0.0926,-0.0508,-0.4603,1.0777,1.638
46132.01386,0.0478,0.1337,-0.0046,-0.7227,1.0072,1.8179
46132.04405,0.0029,0.1787,0.0134,-0.7084,0.9614,1.7951
46132.0742,-0.0686,0.1807,0.0481,-0.4525,0.8784,1.5531
46132.10435,-0.1278,0.2029,0.063,-0.0695,0.8241,1.2591
46132.1345,-0.1558,0.1437,0.1116,0.1208,0.7624,1.0674
46132.16465,-0.1505,0.1122,0.1027,0.2106,0.6355,0.9757
46132.1948,-0.106,0.0801,0.0675,0.2043,0.4765,0.9616
46132.22499,-0.0629,0.0233,0.0101,0.2478,0.3057,0.9219
46132.25515,-0.0505,-0.007,-0.0323,0.2442,0.2091,0.8292
46132.2853,0.006,-0.0671,-0.1023,0.2379,0.1585,0.7325
46132.31545,0.0325,-0.0988,-0.1255,0.1428,0.0917,0.5565
46132.3456,0.0421,-0.1046,-0.1415,0.1652,-0.0007,0.2895
46132.37576,0.0559,-0.0781,-0.1129,0.1978,0.0089,0.1121
46132.40591,0.0252,-0.0927,-0.1251,0.0964,0.0479,-0.0739
46132.43609,-0.0498,-0.0367,-0.1586,0.2145,0.086,-0.2649
46132.46624,-0.0453,0.0318,-0.156,0.4174,0.072,-0.3931
46132.49639,-0.0358,0.0583,-0.1178,0.394,-0.021,-0.3681
46132.52654,-0.0686,0.0733,-0.0685,0.1247,-0.133,-0.1992
46132.5567,-0.0439,0.0839,0.0006,-0.1715,-0.2771,0.0154
46132.58685,-0.0253,0.1019,0.0424,-0.1832,-0.3855,0.1001
46132.61703,-0.0073,0.1319,0.0887,0.075,-0.4162,0.0328
46132.64718,0.0376,0.1348,0.1521,0.147,-0.4385,-0.0346
46132.67733,0.0679,0.157,0.2045,0.2283,-0.4857,-0.0702
46132.70748,0.0767,0.1403,0.2342,0.3355,-0.6047,-0.0709
46132.73763,0.0771,0.1173,0.1526,0.4072,-0.6803,0.0045
46132.76779,0.0399,-0.012,0.1337,0.3886,-0.7339,0.0512
46132.79797,-0.0313,-0.1107,0.0571,0.3183,-0.7773,0.2016
46132.82812,-0.0575,-0.2152,-0.0338,-0.0735,-0.6762,0.5537
46132.85827,-0.057,-0.2668,-0.0391,-0.4653,-0.54,0.7489
46132.88842,-0.0114,-0.2418,-0.1161,-0.6703,-0.4023,0.7422
46132.91857,0.0603,-0.2012,-0.096,-1.1244,-0.2451,0.7107
46132.94872,0.13,-0.1336,-0.0846,-1.3395,0.0931,0.761
46689.00672,0.7594,-0.9983,1.2638,-0.0154,-1.9253,-0.3925
46689.03687,0.557,-1.0973,1.2624,-3.3937,-1.6214,0.6665
46689.06706,0.6531,-0.7677,1.0179,-5.2061,-1.2458,2.0585
46689.09721,0.7495,-0.3733,0.6494,-4.9863,-0.6131,3.9823
46689.12736,0.8779,-0.2323,0.3268,-3.8012,-0.0728,5.943
46689.15751,0.9459,-0.2563,0.035,-2.1348,0.967,7.2653
46689.18766,1.1266,-0.0455,-0.0327,1.1455,1.9828,7.9916
46689.21781,1.2801,0.2898,0.3187,5.2088,2.8642,7.6194
46689.248,0.6861,0.5424,0.7158,8.2114,2.2632,5.532
46689.27815,0.0949,-0.0223,1.1151,5.151,1.6012,3.2835
46689.3083,-0.0178,-0.2581,0.4715,0.1388,2.2261,1.319
46689.33845,0.0923,0.1722,0.4349,0.6077,1.5377,0.4118
46689.3686,0.0087,-0.1679,0.1948,-2.2921,1.6217,-0.2192
46689.39875,0.0883,0.2458,0.0634,-3.6388,1.5092,-0.1704
46689.42893,0.0099,0.5019,-0.0322,-3.2179,1.2014,0.0556
46689.45909,-0.1669,0.5305,-0.1378,-1.9945,1.1563,0.3457
46689.48924,-0.1578,0.4341,-0.2409,-0.6003,1.3123,0.6406
46689.51939,0.004,0.551,-0.4389,0.8912,1.2294,0.6441
46689.54954,0.2031,0.5222,-0.4347,1.9901,0.8769,0.5049
46689.57969,0.4065,0.3376,-0.2278,2.2937,0.3638,0.1784
46689.60987,0.5472,0.187,-0.092,1.4061,-0.6066,-0.3958
46689.64002,0.5978,0.147,-0.0569,0.1435,-1.688,-1.213
46689.67018,0.4048,0.0701,0.0408,-0.6394,-2.2344,-2.0203
46689.70033,0.4662,0.0809,0.096,-0.8589,-2.5291,-2.5319
46689.73048,0.5786,0.1009,0.1516,-0.5485,-2.8019,-2.6929
46689.76063,0.6644,0.0187,0.2696,-0.24,-2.9998,-2.7121
46689.79081,0.4878,-0.1521,0.4404,-0.3736,-2.8569,-2.7326
46689.82096,0.404,-0.2708,0.5345,-0.5893,-2.5098,-2.9143
46689.85111,0.4619,-0.3112,0.5662,-0.4273,-2.1997,-3.0861
46689.88126,0.5036,-0.3629,0.6206,0.2221,-1.9709,-3.1039
46689.91141,0.5347,-0.4245,0.6857,0.961,-1.8015,-2.9241
46689.94156,0.5255,-0.4812,0.7825,1.3287,-1.6952,-2.6127
46689.97174,0.4694,-0.5622,0.8434,1.0337,-1.5294,-2.2717
46690.00189,0.4301,-0.6186,0.8772,0.3108,-1.3274,-1.9246
46690.03204,0.4233,-0.638,0.8867,-0.2928,-1.0022,-1.4052
46690.0622,0.4492,-0.5906,0.8646,-0.5514,-0.6706,-0.633
46690.09235,0.4092,-0.5714,0.8221,-0.7854,-0.2155,0.3541
46690.1225,0.3915,-0.546,0.7595,-0.9694,0.3525,1.5164
46690.15268,0.4876,-0.503,0.6884,-1.0824,0.8583,2.8143
46690.18283,0.6521,-0.4199,0.6436,-1.3169,1.4548,4.0762
46690.21298,0.7081,-0.2609,0.5002,-1.1915,2.1977,5.0371
46690.24314,0.6662,0.0644,0.1764,0.6305,2.7164,5.4176
46690.27329,0.7319,0.3344,0.0802,3.2145,2.7012,4.7138
46690.30344,0.4205,0.1219,0.5756,4.1969,1.8962,2.9561
46690.33362,0.2175,-0.1944,0.8001,2.9923,1.8496,1.2899
46690.36377,0.305,-0.3169,0.4379,-1.4279,0.5228,-0.2113
46690.39392,0.2878,-1.4178,0.1842,-7.7183,-0.8047,-1.2251
46690.42407,0.0023,-0.388,0.4027,-10.6158,-0.4987,-2.6512
46690.45423,0.2464,0.7334,0.2143,-5.3735,-0.928,-1.715
46690.48438,0.1083,0.3812,0.3081,-1.9062,-0.7346,0.3466
46690.51456,-0.109,-0.1186,0.2698,-1.3396,-0.4136,1.3327
46690.54471,-0.2339,-0.2342,0.057,-1.2268,0.1723,1.9875
46690.57486,-0.2352,-0.1056,-0.0454,-0.6737,0.5843,2.4416
46690.60501,-0.1007,0.1108,-0.097,0.5427,1.2087,2.9345
46690.63516,0.1357,0.4375,-0.2721,2.2404,1.6517,3.0587
46690.66532,0.2886,0.5314,-0.2407,3.4826,1.5928,2.6609
46690.6955,0.3923,0.3575,-0.0611,4.089,1.1839,1.6981
46690.72565,0.4342,0.1359,-0.0737,2.5097,0.4584,0.4158
46690.7558,0.3306,-0.077,-0.0685,-0.1137,-0.5116,-0.935
46690.78595,0.183,0.0276,-0.0988,-0.9502,-1.0396,-1.9123
46690.8161,0.2425,0.1242,-0.1099,-0.7499,-1.4491,-2.313
46690.84625,0.3274,0.1378,-0.0326,0.2248,-1.8,-2.2876
46690.87643,0.398,0.0214,0.1061,1.0758,-2.1388,-2.0441
46690.90659,0.349,-0.0961,0.2244,1.1985,-2.2471,-1.91
46690.93674,0.3539,-0.1862,0.3224,0.9468,-2.1872,-1.8938
46690.96689,0.3992,-0.2573,0.4361,0.5828,-2.1236,-2.0478
46690.99704,0.4248,-0.3001,0.5624,0.3251,-2.0482,-2.2904
46691.02719,0.4736,-0.3317,0.6399,0.1894,-1.9527,-2.4278
46691.05737,0.4914,-0.3418,0.6876,0.1564,-1.8484,-2.5052
46691.08752,0.4981,-0.3915,0.7072,0.1748,-1.6508,-2.5293
46691.11768,0.5675,-0.43,0.7261,0.0358,-1.3458,-2.5187
46691.14783,0.6765,-0.367,0.7583,-0.0438,-0.9625,-2.2774
46691.17798,0.6394,-0.304,0.7443,-0.0315,-0.4774,-1.9903
46691.20813,0.5268,-0.2991,0.6898,0.3531,0.0586,-1.743
46691.23831,0.5316,-0.3012,0.6102,1.0471,0.4344,-1.4131
46691.26846,0.5491,-0.0971,0.4422,1.9693,0.7177,-0.9649
46691.29862,0.5318,-0.0456,0.3208,2.9208,0.6395,-0.6305
46691.32877,0.4589,-0.0947,0.3457,3.0724,0.3959,-0.5765
46691.35892,0.4568,-0.1735,0.3223,2.0031,0.1946,-0.6992
46691.38907,0.4732,-0.1813,0.201,0.4974,0.1492,-0.663
46691.41925,0.4873,-0.1075,0.1108,-0.1035,-0.0724,-0.4707
46691.4494,0.5022,-0.0462,0.059,-0.0366,-0.4905,-0.277
46691.47955,0.388,-0.0879,0.0092,0.0329,-0.738,-0.2167
46691.50971,0.2771,-0.165,-0.0654,0.0879,-0.7626,-0.2457
46691.53986,0.2488,-0.1394,-0.0445,0.5639,-0.7776,-0.2623
46691.57001,0.266,-0.0889,0.0176,1.1608,-0.8382,-0.2524
46691.60019,0.2688,-0.0271,0.0514,1.6311,-0.7297,-0.1943
46691.63034,0.3356,0.0589,0.1165,1.9411,-0.7443,-0.1437
46691.66049,0.4267,0.1444,0.1731,1.7592,-0.6716,-0.0172
46691.69064,0.4371,0.1209,0.2619,1.2538,-0.6454,0.0904
46691.7208,0.4314,0.1317,0.2352,0.4484,-0.202,0.3333
46691.75095,0.4907,0.2408,0.2777,0.3413,-0.1336,0.2342
46691.78113,0.3729,0.2606,0.3201,0.6463,0.0703,0.2008
46691.81128,0.2353,0.1595,0.2245,0.8075,0.1433,0.3492
46691.84143,0.0788,0.0664,0.0706,0.5074,0.1375,0.475
46691.87161,0.0169,-0.0785,-0.0606,0.0117,0.0957,0.5254
46691.90176,-0.0661,-0.1331,-0.0732,-0.3637,-0.0102,0.5027
46691.93191,-0.1142,-0.1777,-0.0558,-0.4224,-0.1301,0.5884
46691.96209,-0.1235,-0.1825,-0.0056,-0.2567,-0.1945,0.6811
46691.99224,-0.1264,-0.1293,0.0297,0.0392,-0.305,0.7053
46692.02239,-0.1651,-0.1181,-0.0052,0.2415,-0.241,0.7424
46692.05255,-0.164,-0.0577,-0.0546,0.4097,-0.2022,0.8873
46692.0827,-0.0613,-0.0672,-0.1067,0.0585,-0.2942,1.0017
46692.11285,-0.0416,-0.0869,-0.0468,-0.0238,-0.3228,1.0217
46692.14303,0.0509,0.0392,-0.0217,-0.557,-0.4397,0.6704
46692.17318,-0.0377,-0.0643,-0.1218,-1.0595,-0.6733,1.6434
46692.20333,0.1587,-0.0143,-0.2007,-1.267,-0.3331,1.7227
46692.23348,0.1696,0.0753,-0.2031,-0.9108,-0.5778,1.4764
46692.26364,0.0657,-0.0304,-0.1742,-0.6529,-0.5268,0.9894
46692.29379,-0.1122,-0.1342,-0.1414,-0.6479,-0.3959,0.7337
46692.32397,-0.1457,-0.1127,-0.1785,-0.0763,-0.2354,0.9292
46692.35412,-0.0634,-0.1352,-0.198,0.8755,-0.4219,0.8296
46692.38427,-0.046,-0.112,-0.1674,1.2948,-0.5655,0.5927
46692.41442,-0.0383,-0.0941,-0.124,1.3574,-0.6299,0.4308
46692.44458,-0.0446,-0.1394,-0.0699,1.166,-0.7799,0.147
46692.47473,-0.0533,-0.0577,-0.0638,1.0494,-0.9832,0.1218
46692.50491,-0.1427,-0.1075,-0.0814,0.8074,-0.8447,0.191
46692.53506,-0.1839,-0.1059,-0.0359,0.754,-0.4991,0.1347
46692.56521,-0.1574,-0.079,-0.0179,0.5761,-0.2551,0.1866
46692.59536,-0.1403,-0.0957,-0.0376,0.5635,-0.0866,0.2338
46692.62551,-0.1178,-0.1081,0.0146,0.4769,-0.0275,0.2437
46692.65567,-0.0718,-0.0882,0.0171,0.3522,-0.0378,0.2788
46692.68585,-0.0759,-0.0894,0.0215,0.3988,-0.0593,0.2627
46692.716,-0.0978,-0.1064,-0.0127,0.3738,0.0787,0.2455
46692.74615,-0.0938,-0.1453,0.0093,0.527,0.0795,0.1751
46692.7763,-0.1313,-0.1473,0.019,0.5488,0.1431,0.0783
46692.80645,-0.1419,-0.1233,-0.0018,0.4272,0.1865,-0.1066
46692.8366,-0.1376,-0.08,-0.0232,0.4504,0.2034,-0.2605
46692.86678,-0.113,-0.0424,-0.0055,0.3795,0.1797,-0.3345
46692.89693,-0.0727,-0.0049,-0.0139,0.3049,0.0333,-0.4384
46692.92708,-0.1184,-0.0469,-0.002,0.2453,-0.0377,-0.4797
46692.95723,-0.1653,-0.0436,0.047,0.2093,-0.1146,-0.4568
46692.98738,-0.1925,-0.0763,0.0394,0.1148,-0.1565,-0.5182
46693.01754,-0.1733,-0.0351,0.0061,0.1041,-0.1629,-0.5011
46693.04772,-0.1505,-0.0272,-0.0638,0.2411,-0.1452,-0.3799
46693.07787,-0.1306,-0.024,-0.0762,0.3814,-0.0981,-0.3259
46693.10802,-0.0718,0.0104,-0.0613,0.6271,-0.0634,-0.2633
46693.13817,-0.0282,0.0213,-0.0726,0.5467,-0.0971,-0.2765
46693.16832,-0.0121,0.0218,-0.0353,0.5115,-0.1559,-0.3989
46693.19847,-0.0402,-0.0276,0.0242,0.5361,-0.1551,-0.3786
46693.22863,-0.0446,-0.0985,0.0628,0.4309,-0.1278,-0.3881
46693.25881,-0.0383,-0.0993,0.0745,0.0343,-0.2579,-0.303
46693.28896,-0.0285,-0.123,-0.0386,0.0634,0.069,-0.4919
46693.31911,-0.0102,-0.0718,-0.03,0.1115,0.0891,-0.5035
46693.34926,0.0582,0.0067,-0.031,0.6146,0.0599,-0.3287
46693.37941,0.0726,-0.0316,-0.0654,0.9226,0.0372,-0.183
46693.40956,0.0476,-0.0819,-0.0324,0.8989,0.0085,-0.1769
46693.43975,0.0395,-0.0615,0.0247,0.7855,-0.0197,-0.189
46693.4699,0.0374,-0.0612,0.0572,0.6201,-0.0314,-0.2535
46693.50005,0.0249,-0.078,0.0968,0.4415,0.0146,-0.2972
46693.5302,0.0234,-0.0556,0.0816,0.3715,0.021,-0.2448
46693.56035,0.0993,0.0288,0.0767,0.3106,-0.1044,-0.1218
46693.5905,0.1072,0.0201,0.0853,-0.037,-0.0779,-0.0033
46693.62069,0.1583,-0.0273,0.1122,-0.4839,-0.0375,0.0178
46693.65084,0.238,0.0754,0.0434,-0.4988,-0.0867,0.2014
46693.68099,-0.0305,-0.0526,-0.067,-0.9823,0.2123,0.7314
46693.71114,0.1155,-0.0223,-0.0254,-0.5354,0.059,0.1693
46693.74129,0.0678,-0.1255,-0.0709,-0.3052,0.1135,-0.0033
46693.77144,0.0389,-0.1723,-0.0351,0.0462,0.1197,-0.0755
46693.80162,0.005,-0.1936,0.0089,0.311,0.1709,-0.0823
46693.83178,0.0088,-0.222,0.0317,0.1524,0.2557,-0.0412
46693.86195,-0.0032,-0.0711,0.0654,0.5354,0.0458,0.2615
46693.8921,0.0344,-0.1141,-0.0142,0.3736,-0.2331,0.4046
46693.92225,0.0153,0.0677,-0.0012,-0.3033,-0.2585,0.0463
46693.9524,-0.1238,-0.1009,0.099,-2.4745,-0.32,0.2442
46693.98258,-0.1184,0.1128,-0.0871,-1.3705,0.3302,1.1211
46694.01273,0.1455,0.0828,-0.0069,-0.3356,-0.1415,0.1349
46694.04289,-0.1817,-0.0341,0.014,-0.3292,-0.0737,0.2242
46694.07304,-0.0635,-0.0056,-0.0191,-0.5523,0.0094,0.4128
46694.10319,0.0537,-0.0218,-0.0823,-0.5131,-0.1622,0.6575
46694.13334,0.1714,-0.0927,-0.0243,-0.7908,-0.3664,0.8909
46694.16352,0.2159,-0.1214,0.1348,-1.1619,-0.527,1.0722
46694.19367,0.1682,-0.1592,0.1945,-1.5083,-0.5765,1.2093
46694.22382,0.1361,-0.1357,0.1486,-1.882,-0.6014,1.3691
46694.25397,0.0754,-0.1137,0.2358,-2.2478,-0.5013,1.5223
46694.28413,0.0104,-0.0195,0.294,-2.9129,-0.3669,1.5417
46694.31428,0.0166,0.0068,0.2298,-3.5154,-0.6158,1.6525
46694.34443,-0.0789,0.4278,0.2354,-0.6631,-1.2451,1.9124
46694.37461,0.0034,0.2946,-0.1101,1.2361,-1.7586,1.8019
46694.40476,0.0739,0.2105,-0.2438,0.3382,-2.0921,1.5095
46694.43491,-0.1949,0.117,-0.1477,-0.6209,-1.1556,1.7452
46694.46507,-0.2169,0.0839,0.1039,-1.1107,-0.7935,1.774
46694.49522,-0.1591,0.0522,0.0498,-1.5594,-0.4764,1.794
46694.52537,-0.1257,-0.0488,0.0294,-1.5001,-0.1682,1.8178
46694.55555,-0.0596,-0.0406,-0.0204,-1.4589,0.1039,1.6562
46694.5857,-0.0175,-0.0712,-0.0092,-1.6657,0.3396,1.3689
46694.61585,-0.0139,-0.1904,0.113,-1.2959,0.2135,0.9363
46694.646,0.0189,0.0781,-0.0369,-0.2871,0.0652,0.5076
46694.67616,-0.0892,-0.0324,-0.2015,-0.2257,0.4711,0.4605
46694.70631,-0.1042,-0.0574,-0.23,0.1263,0.6162,0.3871
46694.73649,-0.1335,-0.0742,-0.0932,-0.459,0.6671,0.3846
46694.76664,-0.1436,-0.1274,-0.0734,-0.1908,0.7168,0.4217
46694.79679,-0.1685,-0.2727,0.1067,-0.196,0.9116,0.6927
46694.82694,-0.1616,-0.367,0.2487,-0.6962,1.3479,1.1499
46694.85709,-0.0857,-0.4295,0.3364,-1.4102,1.8526,1.7495
46694.88724,0.0671,-0.4366,0.3005,-1.1273,2.0899,2.325
46694.91743,0.2016,-0.3562,0.2246,-0.4714,2.2848,2.7572
46694.94758,0.3037,-0.1229,0.2265,-0.3259,2.5029,3.1109
46694.97773,0.4182,-0.0481,0.1789,-0.2652,2.5785,3.4453
46695.00788,0.464,0.134,-0.0296,0.6618,2.729,3.5931
46695.03803,0.4808,0.2578,-0.0067,0.4464,2.9551,3.6469
46695.06818,0.4896,0.3527,-0.1145,-0.3868,2.9628,3.5656
46695.09833,0.3673,0.5161,-0.3737,-0.7726,2.6888,3.2743
46695.12852,0.2295,0.5349,-0.237,-1.5794,1.9615,2.3673
46695.15867,0.1541,0.5915,-0.0793,-2.2259,1.0924,1.4754
46695.18882,0.117,0.4311,-0.0496,-2.4907,0.5361,0.826
46695.21897,0.0783,0.4964,-0.0406,-1.8697,0.3129,0.3588
46695.24912,-0.0039,0.5804,-0.0579,-0.5464,0.2601,-0.041
46695.27927,-0.0901,0.5153,-0.1195,-0.0537,0.3321,-0.473
46695.30945,-0.1316,0.4769,-0.1267,0.3267,0.3662,-0.9119
46695.33961,-0.1158,0.4434,-0.1411,0.9525,0.3271,-1.2707
46695.36976,-0.0705,0.333,-0.1369,0.9722,0.2085,-1.6085
46695.39991,-0.0111,0.2505,-0.1712,0.3904,0.0978,-1.8924
46695.43006,0.0516,0.1722,-0.1311,-0.3002,0.0359,-2.0596
46695.46021,0.0744,0.1308,-0.0504,-0.4212,0.0991,-2.1587
46695.49039,0.1415,0.0904,0.0367,-0.1799,0.0584,-2.1502
46695.52054,0.212,-0.0546,0.0983,-0.0498,-0.1068,-2.1331
46695.5507,0.2264,-0.1908,0.1079,-0.0205,-0.2438,-2.1116
46695.58085,0.2396,-0.2719,0.1238,-0.0071,-0.3754,-2.0901
46695.611,0.216,-0.3407,0.107,-0.1151,-0.3609,-1.9382
46695.64115,0.2061,-0.3813,0.0558,-0.2946,-0.3085,-1.6568
46695.6713,0.1692,-0.4026,0.0055,-0.3246,-0.1787,-1.2173
46695.70148,0.1358,-0.3912,-0.0369,-0.1292,-0.037,-0.647
46695.73163,0.085,-0.3789,-0.0826,0.1626,0.134,-0.0517
46695.76179,0.0549,-0.3848,-0.1339,0.4165,0.2798,0.4994
46695.79194,0.0335,-0.3653,-0.1416,0.5195,0.3853,0.9646
46695.82209,0.0222,-0.3292,-0.1169,0.4891,0.4745,1.3973
46695.85224,0.0328,-0.2843,-0.0714,0.2907,0.5251,1.7985
46695.88242,0.0658,-0.2076,-0.0236,0.1811,0.5211,2.1705
46695.91257,0.1181,-0.088,-0.1084,0.1131,0.4676,2.4054
46695.94272,0.1647,-0.0543,-0.1611,-0.6299,0.2739,2.3452
46695.97287,0.2217,0.1659,-0.2562,-0.9751,-0.04,2.2462
46696.00303,0.1837,0.1861,-0.1959,-0.9579,-0.2179,2.0042
46696.03318,0.1182,0.1535,-0.0848,-1.1762,-0.2477,1.8122
46696.06336,0.0845,0.2151,-0.0114,-0.9515,-0.3221,1.4259
46696.09351,0.0619,0.2924,0.0418,-0.485,-0.3976,1.0355
46696.12366,0.0372,0.3249,0.0915,-0.1967,-0.4255,0.6838
46696.15381,0.0049,0.3008,0.0891,-0.2969,-0.437,0.383
46696.18396,-0.0031,0.2768,0.0668,-0.563,-0.4308,0.1175
46696.21412,-0.0244,0.2681,0.0992,-0.799,-0.4099,-0.1426
46696.24427,-0.073,0.2588,0.0812,-0.8212,-0.3336,-0.3624
46696.27445,-0.0731,0.2559,0.0834,-0.5837,-0.3621,-0.5869
46696.3046,-0.1013,0.1813,0.1299,-0.4784,-0.3315,-0.7609
46696.33475,-0.0833,0.1187,0.16,-0.6273,-0.2809,-0.8816
46696.3649,-0.1021,0.0927,0.1534,-0.6855,-0.1544,-0.9149
46696.39506,-0.1076,0.0886,0.1129,-0.5309,0.0187,-0.8813
46696.42521,-0.0903,0.0716,0.0731,-0.3071,0.1775,-0.8232
46696.45539,-0.0743,0.0353,0.0321,-0.0391,0.3008,-0.7695
46696.48554,-0.0406,-0.008,-0.0136,0.2514,0.3386,-0.7047
46696.51569,0.0248,-0.0321,-0.0304,0.4598,0.2879,-0.6235
46696.54584,0.0744,-0.0716,-0.017,0.4633,0.2018,-0.5193
46696.57599,0.0647,-0.1007,-0.0282,0.3245,0.1483,-0.4087
46696.60615,0.0531,-0.1304,-0.0559,0.1144,0.0995,-0.297
46696.6363,0.0506,-0.1175,-0.0725,0.1007,-0.0157,-0.1471
46696.66648,0.0484,-0.1519,-0.148,0.059,-0.244,0.002
46696.69663,0.0439,-0.1411,-0.1728,-0.407,-0.3251,0.1794
46696.72678,0.1239,-0.0697,-0.1524,-0.547,-0.432,0.4533
46696.75693,0.1876,-0.0553,-0.0465,-0.6086,-0.6379,0.6367
46696.78708,0.1641,-0.0787,0.0653,-0.8203,-0.8565,0.5717
46696.81724,0.1026,-0.0929,0.1137,-1.196,-1.0145,0.3326
46696.84742,0.0159,-0.0815,0.1376,-1.4741,-1.0953,-0.017
46696.87758,-0.0832,-0.1119,0.1513,-1.6437,-1.0305,-0.3269
46696.90773,-0.1465,-0.1335,0.1348,-1.621,-0.8001,-0.4674
46696.93788,-0.1317,-0.1425,0.0959,-1.3278,-0.5489,-0.3807
46696.96803,-0.1349,-0.1786,0.0786,-1.0157,-0.2808,-0.1152
46696.99818,-0.2018,-0.1634,0.0764,-0.7099,-0.0196,0.2273
46697.02836,-0.2643,-0.1589,0.0639,-0.5673,0.2999,0.5839
46697.05851,-0.2343,-0.1465,0.0068,-0.5694,0.4664,0.9381
46697.08867,-0.0601,-0.0451,-0.2188,-0.8772,0.4779,1.541
46697.11882,0.0719,-0.0738,-0.2763,-1.5074,0.4855,1.9841
46697.14897,0.0098,0.0441,-0.1216,-2.0535,0.496,2.0734
46697.17912,0.0698,0.1644,-0.1271,-2.2112,0.5429,1.8692
46697.20927,0.2011,0.2663,-0.2322,-1.7411,0.3241,1.5035
46697.23945,0.2363,0.3228,-0.2186,-0.9819,0.0593,1.0971
46697.26957,0.1583,0.2302,-0.0748,-0.6853,-0.1304,0.6543
46697.29973,0.1309,0.1584,-0.0139,-0.8601,-0.2676,0.1985
46697.32988,0.0688,0.1374,0.0693,-0.939,-0.4423,-0.1452
46697.36006,0.0768,0.1675,0.1212,-0.8406,-0.4656,-0.2425
46697.39021,0.1285,0.1891,0.1671,-0.861,-0.5736,-0.2091
46697.42036,0.0596,0.1658,0.1983,-1.1463,-0.6755,-0.0958
46697.45051,-0.0785,0.1657,0.1979,-1.3018,-0.5839,-0.1103
46697.48066,-0.0823,0.1646,0.1975,-1.2428,-0.5215,-0.2178
46697.51082,-0.044,0.151,0.1866,-1.037,-0.4869,-0.2793
46697.54097,-0.0252,0.1365,0.1893,-1.0725,-0.5111,-0.3052
46697.57115,-0.0387,0.1088,0.1039,-1.4754,-0.4254,-0.38
46697.6013,-0.063,0.0342,0.073,-1.6153,-0.378,-0.3381
46697.63145,-0.0868,0.0071,0.051,-1.4155,-0.3332,-0.3086
46697.6616,0.0017,0.0101,0.057,-1.1226,-0.353,-0.2688
46697.69175,0.1439,-0.0362,0.1316,-1.111,-0.2313,-0.1149
46697.72191,0.244,-0.0307,0.1749,-1.1566,-0.0738,0.0156
46697.75209,0.0054,-0.0551,0.0731,-0.9621,0.2319,-0.0075
46697.78224,-0.0915,-0.0423,-0.1198,-0.3469,0.7284,-0.0993
46697.81239,-0.0562,0.0121,-0.2055,1.1079,0.9533,-0.1107
46697.84254,0.0112,-0.1048,-0.3227,1.2756,0.8674,0.0097
46697.8727,0.0991,-0.1623,-0.5548,0.7549,0.7752,0.4362
46697.90285,-0.0379,0.0563,-0.4181,1.4703,0.9219,0.6917
46697.933,-0.155,0.1126,-0.373,2.0916,1.0793,0.8316
46697.96318,-0.2291,0.2021,-0.3759,3.0938,1.0817,0.7196
46697.99333,-0.3073,0.2088,-0.3044,3.957,1.0001,0.4698
46698.02348,-0.3146,0.1476,-0.2062,4.0301,1.0115,0.3117
46698.05363,-0.1613,0.1216,-0.143,3.7177,1.043,0.4538
46698.08379,0.1044,0.1511,-0.1927,3.578,0.9894,0.9174
46698.11394,0.4956,0.2164,-0.2674,3.3338,0.6264,1.5786
46698.14412,0.6275,0.3255,-0.2408,2.7281,-0.1962,1.8957
46698.17427,0.2391,0.3856,-0.1294,2.2718,-0.6765,1.6808
46698.20442,0.0165,0.3983,-0.1511,2.3953,-0.8424,1.315
46698.23457,0.0836,0.4399,-0.1409,2.7081,-1.2529,0.814
46698.26472,0.2118,0.5388,-0.027,2.6875,-1.6639,0.6333
46698.29488,0.2845,0.4944,0.1595,1.7341,-2.0898,0.6343
46698.32503,0.232,0.4598,0.3103,0.2003,-2.4412,0.4275
46698.35521,0.2577,0.4466,0.4169,-1.3154,-2.6151,-0.1308
46698.38536,0.3016,0.4649,0.5395,-2.4458,-2.7017,-0.7779
46698.41551,0.3195,0.5461,0.6403,-2.839,-2.5376,-1.4307
46698.44566,0.2683,0.5058,0.6843,-2.6591,-2.054,-2.013
46698.47581,0.2231,0.384,0.6896,-1.8839,-1.3541,-2.4742
46698.50597,0.1882,0.2993,0.6879,-0.5223,-0.5887,-2.7533
46698.53615,0.2083,0.2316,0.7146,0.988,0.0902,-2.8169
46698.5663,0.2366,0.1517,0.7519,2.1011,0.5749,-2.768
46698.59645,0.2558,0.0883,0.8338,2.8988,0.7839,-2.6446
46698.6266,0.2445,0.0672,0.852,3.3541,0.8707,-2.53
46698.65675,0.2224,0.0252,0.649,2.9673,1.023,-2.5101
46698.6869,0.0812,-0.0522,0.4631,2.3847,1.4012,-2.2641
46698.71706,0.0309,-0.003,0.3179,2.1561,1.6217,-2.0039
46698.74724,0.0613,0.0203,0.2526,2.341,1.7017,-1.7978
46698.77739,0.1201,0.0067,0.2281,2.5239,1.5548,-1.6756
46698.80754,0.2297,-0.0456,0.2709,2.1218,1.6541,-1.5385
46698.83769,0.3113,-0.0808,0.1955,1.5267,1.8754,-1.2927
46698.86785,0.3301,-0.0695,0.0642,1.1618,2.2803,-1.0548
46698.898,0.3762,-0.0149,-0.0614,1.6047,2.4484,-0.7824
46698.92818,0.3431,-0.0212,-0.0307,2.3979,2.3152,-0.7417
46698.95833,0.1462,-0.0585,0.0669,3.0573,2.1621,-0.8351
46698.98848,0.0136,-0.1161,0.0946,3.2637,2.1594,-0.9033
46699.01863,-0.0306,-0.1768,-0.0313,3.2706,1.9174,-0.8099
46699.04878,-0.0189,-0.3842,-0.1685,1.7941,1.1928,-0.6493
46699.07894,-0.143,-0.4449,-0.7036,0.1248,1.0442,-0.3883
46699.10909,-0.1886,-0.098,-0.5721,1.0676,0.9345,-0.3141
46699.13927,-0.2571,-0.0416,-0.3122,2.0213,1.0653,-0.0862
46699.16942,-0.2556,-0.0394,-0.1914,2.4079,1.1676,0.1535
46699.19957,-0.2715,-0.075,-0.1324,2.3341,1.1557,0.4058
46699.22972,-0.2777,-0.0405,-0.1004,1.9709,1.1714,0.7092
46699.25987,-0.1352,-0.0445,-0.1024,0.1671,1.0887,0.9512
46699.29003,0.0138,0.1836,-0.0876,-1.1219,0.8222,1.3187
46699.32021,0.3264,0.6296,-0.0482,-0.6586,0.5016,1.5115
46699.35036,0.6976,0.9477,0.0332,0.6779,-0.3574,1.0672
46699.38051,0.3754,0.6605,0.1941,1.3527,-0.5524,0.0014
46699.41066,0.2274,0.4666,0.1171,1.5199,-0.1854,-1.3819
46699.44081,0.3825,0.4305,-0.0325,1.2581,-0.2637,-2.6224
46699.47096,0.3011,0.3511,0.0077,0.9112,-0.217,-3.3167
46699.50115,0.2453,0.3147,0.0781,0.8581,-0.2204,-3.8986
46699.5313,0.2483,0.2102,0.1162,0.798,-0.2785,-4.4499
46699.56145,0.2945,0.2035,0.1589,1.041,-0.3973,-4.9286
46699.5916,0.4519,0.1335,0.1594,1.0535,-0.6574,-5.3402
46699.62175,0.597,0.1202,0.1286,0.9346,-0.7947,-5.6633
46699.6519,0.7706,0.1795,0.0511,0.9456,-0.9698,-5.8486
46699.68205,0.769,0.0867,0.1423,1.0151,-1.0855,-6.0002
46699.71224,0.9277,0.2729,0.2193,0.693,-1.0001,-6.0962
46699.74239,0.9993,0.205,0.0742,0.933,-1.0598,-5.7958
46699.77254,0.8864,0.1818,-0.024,0.762,-1.0908,-5.4978
46699.80269,0.7759,0.0049,-0.0813,-0.0085,-0.9823,-5.0327
46699.83284,0.5776,-0.0074,-0.1106,-0.5205,-0.6695,-4.4695
46699.863,0.5394,0.1056,-0.1284,0.2149,-0.322,-4.066
46699.89318,0.6683,0.0033,-0.1508,1.0634,-0.2951,-3.3962
46699.92333,0.7014,-0.098,-0.1087,1.0862,-0.3168,-2.5332
46699.95348,0.6882,-0.1342,-0.1002,1.41,-0.2239,-1.6208
46699.98363,0.73,-0.1782,-0.0558,2.2062,-0.1212,-0.8992
46700.01378,0.6636,-0.2256,0.1946,2.8438,0.131,-0.4034
46700.04394,0.5753,-0.2857,0.2663,3.1503,0.3034,0.1298
46700.07409,0.5153,-0.3694,0.2335,2.7548,0.2348,0.6219
46700.10427,0.2634,-0.128,0.1548,3.0802,0.1502,0.7554
46700.13442,0.0363,-0.1776,0.1327,2.7548,0.0519,0.659
46700.16457,0.057,0.0164,-0.0386,2.627,-0.2643,0.2747
46700.19472,-0.0004,0.0253,-0.2639,2.1217,-0.5996,0.14
46700.22487,-0.085,0.047,-0.4437,1.1835,-0.9287,0.193
46700.25503,-0.2978,0.0812,-0.5299,1.2768,-0.9644,0.5223
46700.28521,-0.2281,0.0012,-0.3909,1.4267,-0.7761,0.6822
46700.31536,-0.1456,0.1562,-0.3074,1.5217,-0.4932,0.6448
46700.34551,-0.2172,0.1873,-0.3007,1.5189,-0.4271,0.4913
46700.37566,-0.1601,0.1783,-0.0115,1.5176,-0.3105,0.3071
46700.40581,-0.0249,0.0657,0.1205,1.4074,-0.1843,0.3507
46700.43596,0.118,-0.0652,0.2279,1.155,0.0096,0.6182
46700.46615,0.2267,-0.0325,0.2192,1.0048,0.2076,0.8302
46700.4963,0.2434,-0.0202,0.1344,1.2639,0.3735,0.9194
46700.52645,0.3505,-0.1065,-0.0441,2.3672,0.4292,1.2432
46700.5566,0.3645,-0.287,-0.124,3.8842,0.5184,1.8598
46700.58675,0.2965,-0.3527,-0.1247,4.0251,0.8722,2.2123
46700.6169,0.1771,-0.107,-0.109,2.5122,1.4396,2.2884
46700.64705,0.0446,-0.0616,-0.0245,1.009,1.6616,2.0871
46700.67724,-0.0295,0.0616,-0.0242,0.908,1.7668,2.0749
46700.70739,-0.0603,-0.1466,0.0412,1.5334,1.9302,2.4416
46700.73754,-0.0282,-0.3046,0.2198,2.0374,2.3055,3.0034
46700.76769,0.1064,-0.3333,0.4528,1.4896,3.0799,3.5647
46700.79784,0.2866,-0.2397,0.5642,-0.1686,3.9995,4.1117
46700.82799,0.4166,-0.1042,0.5369,-2.3889,4.624,4.2985
46700.85819,0.597,-0.101,0.511,-4.0126,4.4252,4.3591
46700.88834,0.7912,0.1986,0.2602,-4.3256,3.9904,4.4496
46700.91849,0.8001,0.3908,0.1512,-3.9373,3.246,4.4905
46700.94864,0.5597,0.0506,0.2089,-2.6683,2.5569,4.5843
46700.9788,0.2696,0.0296,0.1838,-1.3809,2.1234,4.4384
46701.00895,-0.0268,-0.0769,0.2098,-1.0823,1.9308,4.2747
46701.0391,-0.1947,-0.0758,0.2359,-1.7457,1.7678,4.0299
46701.06928,-0.2044,0.1016,0.2219,-2.8045,1.442,3.6667
46701.09943,-0.1818,0.1328,0.2274,-3.9632,1.0403,3.3809
46701.12958,-0.0032,0.3652,0.1019,-4.6393,0.8611,3.5028
46701.15973,0.2202,0.5254,-0.0912,-4.5756,0.7812,3.7504
46701.18988,0.3087,0.618,-0.2321,-3.7769,0.9248,3.76
46701.22004,0.4388,0.6699,-0.3896,-2.1428,1.1,3.3784
46701.25022,0.5057,0.8395,-0.6053,0.2605,1.3161,2.5584
46701.28037,0.4852,0.8356,-0.6828,2.1747,1.3836,1.6073
46701.31052,0.6037,0.5796,-0.5619,2.6884,1.1329,0.697
46701.34067,0.6332,0.5397,-0.5182,3.1169,0.5738,-0.0447
46701.37082,0.2273,0.2988,-0.4138,1.7243,-0.2243,-0.9637
46701.40098,0.1059,0.168,-0.4423,-0.6297,-0.6136,-1.6317
46701.43113,0.1759,0.2437,-0.4539,-1.0255,-1.12,-2.1419
46701.46131,0.2221,0.1769,-0.4404,-0.6694,-1.2976,-2.3556
46701.49146,0.2444,0.1073,-0.3977,-0.0127,-1.5065,-2.4119
46701.52161,0.1712,-0.036,-0.251,0.3942,-1.5632,-2.5273
46701.55176,0.2196,-0.1919,-0.1161,0.2819,-1.6593,-2.6148
46701.58191,0.2547,-0.2557,-0.0355,-0.007,-1.5775,-2.6713
46701.61207,0.3243,-0.2835,0.0778,0.1461,-1.5447,-2.5607
46701.64225,0.3102,-0.3573,0.1962,0.337,-1.5887,-2.3511
46701.6724,0.2177,-0.4305,0.2215,0.3254,-1.5451,-2.1337
46701.70255,0.1195,-0.5233,0.2555,0.1653,-1.3902,-1.8557
46701.7327,0.0843,-0.5485,0.3437,0.04,-1.1461,-1.3674
46701.76285,0.101,-0.5583,0.4248,-0.131,-0.8712,-0.6425
46701.793,0.0535,-0.5455,0.4776,-0.3959,-0.5704,0.2664
46701.82316,0.0607,-0.5322,0.454,-0.905,-0.1637,1.3479
46701.85334,0.1908,-0.4688,0.4643,-1.7922,0.1952,2.3196
46701.88349,0.3151,-0.4114,0.3837,-2.8077,0.4955,3.0425
46701.91365,0.5489,-0.3025,0.2925,-3.3864,0.4495,3.4724
46701.9438,0.6927,-0.2142,0.2548,-3.3116,0.1563,3.6714
46701.97395,0.6313,-0.1415,0.2072,-2.8055,0.0101,3.6057
46702.0041,0.4159,0.0042,0.107,-2.0656,-0.0439,3.3261
46702.03428,0.1067,-0.0596,0.0308,-2.2487,-0.3797,2.703
46702.06443,-0.1445,0.3594,-0.2424,-2.087,-0.1042,2.2624
46702.09458,-0.1818,0.3355,-0.0206,-0.8732,0.0796,2.3381
46702.12474,-0.2539,0.315,0.0724,-0.1853,0.3235,2.2755
46702.15489,-0.2855,0.3999,0.0053,-0.0757,0.5095,2.1776
46702.18504,-0.3319,0.4464,-0.0643,-0.045,0.6422,1.9465
46702.21519,-0.1376,0.5377,-0.1509,0.2224,0.7734,1.7703
46702.24537,0.1344,0.602,-0.2018,0.3795,0.6303,1.4967
46702.27552,0.4967,0.6465,-0.1989,0.0243,0.5243,1.1275
46702.30567,0.6281,0.5905,-0.1147,-0.9934,-0.0518,0.2898
46702.33583,0.1551,0.4181,-0.046,-2.2059,-0.1237,-0.7509
46702.36598,0.1552,0.3623,-0.1124,-2.3966,-0.0058,-1.8391
46702.39613,0.3109,0.4229,-0.1154,-1.9158,-0.1601,-2.7712
46702.42631,0.3632,0.359,-0.0051,-1.3747,-0.2886,-3.288
46702.45646,0.3571,0.2157,0.03,-0.9995,-0.544,-3.5301
46702.48661,0.2793,-0.0007,0.0028,-0.9913,-0.7745,-3.7436
46702.51676,0.2349,-0.1754,-0.0078,-1.1371,-0.9046,-3.8346
46702.54692,0.2102,-0.2851,0.0062,-1.1793,-0.9883,-3.7315
46702.57707,0.198,-0.3937,0.0218,-0.9509,-1.1173,-3.4466
46702.60722,0.1691,-0.492,0.0397,-0.5582,-1.3473,-3.0136
46702.6374,0.1329,-0.6014,0.0377,-0.1054,-1.6868,-2.3792
46702.66755,0.0915,-0.6997,0.1265,0.079,-1.9155,-1.5014
46702.6977,0.0722,-0.726,0.2248,-0.2414,-1.9352,-0.3672
46702.72785,0.033,-0.6235,0.2344,-0.7306,-1.8214,0.7368
46702.75801,0.1115,-0.2474,0.0642,-0.2041,-1.3925,2.4028
46702.78816,0.2137,0.1698,-0.0747,0.9381,-1.0151,2.6574
46702.81834,0.1026,0.2046,0.2022,2.0702,-0.4524,2.3529
46702.84849,0.0179,-0.2196,0.22,0.8438,0.1222,1.7577
46702.87867,0.3559,-0.2294,-0.5322,-5.7423,-0.519,0.2139
46702.90882,0.0178,0.7452,-0.3004,-3.2132,-1.0078,0.4488
46702.93897,-0.3631,0.0658,0.073,-0.8944,-0.8528,0.3823
46702.96912,-0.513,-0.3944,0.2055,-1.102,-0.3603,0.5098
46702.99927,-0.5459,-0.438,0.2619,-1.7162,0.1608,0.6402
46703.02946,-0.585,-0.4495,0.218,-2.2605,0.6454,0.765
46703.05961,-0.5915,-0.4252,0.2035,-2.3048,1.0784,0.8912
46703.08976,-0.481,-0.2038,0.1221,-1.0744,1.1449,0.9318
46703.11991,-0.1748,0.2819,-0.4984,-2.5171,0.8443,-0.2445
46703.15006,0.0567,0.6519,-0.8241,-0.1373,0.5429,0.8515
46703.18021,0.1478,-0.105,-0.2998,0.0352,-0.0097,1.2829
46703.2104,-0.0564,-0.1285,0.3785,-0.0242,0.0997,1.2601
46703.24055,0.174,0.0145,0.2299,0.7232,0.1736,1.1654
46703.2707,0.4659,0.3119,0.5136,0.1263,0.3632,0.3649
46703.30085,0.4959,0.1889,0.7494,-0.7161,0.5363,-0.5205
46703.331,0.346,0.038,0.6167,0.1512,0.787,-1.1154
46703.36115,0.5077,-0.3538,-0.2992,0.1677,-0.5407,-1.4365
46703.3913,0.5623,-0.8707,-0.4422,-1.0413,-2.5428,-0.9471
46703.42149,0.0561,-1.1813,0.0724,-3.9471,-2.8646,-0.257
46703.45164,-0.1874,-1.2881,0.5999,-6.9993,-2.567,0.2248
46703.48179,-0.1954,-0.4126,0.5178,-5.9736,-2.4948,0.5315
46703.51194,-0.0942,-0.1693,0.322,-1.4172,-2.7928,1.9876
46703.54209,-0.2247,-0.2653,0.3856,0.5255,-1.9117,2.709
46703.57224,-0.201,-0.2966,0.5762,-0.3912,-0.9992,2.9938
46703.60239,-0.181,-0.0902,0.5738,-0.4486,-0.0449,3.2918
46703.63257,0.2185,0.307,0.2533,0.6138,0.3283,3.5847
46703.66273,0.4672,0.6008,0.0187,2.5595,0.0748,3.7104
46703.69288,0.3697,0.1661,0.0962,2.9973,0.0585,3.4339
46703.72303,0.4081,0.0159,0.0372,0.7041,0.0424,2.6436
46703.75318,0.2445,0.0143,-0.0576,-1.7339,-0.0336,1.8185
46703.78333,0.1336,-0.0468,-0.0929,-2.5586,-0.2671,1.0338
46703.81351,0.0516,0.101,-0.1989,-1.7141,-0.5128,0.5828
46703.84367,-0.0473,-0.0806,-0.1893,-1.5479,-0.5674,0.4863
46703.8738,-0.0019,-0.0929,-0.2269,-1.9111,-0.6797,0.6091
46703.90395,0.1044,-0.0726,-0.1786,-2.3337,-0.7658,0.6892
46703.9341,0.2078,-0.0501,-0.2273,-2.1707,-0.8367,0.6364
46703.96425,0.2308,-0.1067,-0.1836,-1.8591,-0.8318,0.4775
46703.9944,0.1871,-0.1331,-0.1207,-1.6859,-0.7494,0.3286
46704.02459,0.0366,-0.1714,-0.0809,-1.3774,-0.7424,0.1676
46704.05474,0.0025,-0.1718,-0.056,-1.1365,-0.6355,0.1526
46704.08489,-0.0146,-0.1853,0.0287,-0.984,-0.4864,0.2737
46704.11504,-0.1233,-0.2,0.0945,-0.9224,-0.3592,0.3689
46704.14519,-0.2219,-0.1582,0.1588,-0.7436,-0.1537,0.5075
46704.17534,-0.2171,-0.0611,0.2493,-0.6448,0.142,0.62
46704.20549,-0.1371,0.0305,0.3741,-0.7664,0.465,0.6351
46704.23568,-0.0563,0.193,0.4232,-0.1292,0.7902,0.4138
46704.26583,-0.0761,0.3564,0.5082,0.8004,1.1458,-0.0819
46704.29598,-0.1027,0.262,0.7383,2.3432,1.7314,-0.2745
46704.32613,0.7956,-0.0484,0.1346,-2.5166,0.4872,-1.0237
46704.35628,1.629,0.0186,-0.9531,-5.5471,-2.1291,-2.0023
46704.38643,1.4432,3.0375,-0.2164,-0.3331,1.4422,-1.8149
46704.41661,0.1049,0.8939,0.0141,0.5201,1.7419,-1.065
46704.44677,0.0821,0.1772,0.1586,0.0627,1.0255,-0.0987
46704.47692,0.0033,0.0602,-0.0701,0.2963,1.1256,0.2756
46704.50707,0.0166,-0.0623,0.0283,0.2816,1.053,0.2815
46704.53722,0.0054,-0.0427,0.0573,0.1822,0.7737,0.2675
46704.56737,0.0095,-0.0584,0.0487,0.2133,0.6296,0.2344
46704.59752,-0.0002,-0.0721,0.0352,0.2232,0.5797,0.1784
46704.6277,0.0007,-0.0561,0.0587,0.118,0.4492,0.127
46704.65786,0.0066,-0.0283,0.0282,0.079,0.3981,0.1159
46704.68801,0.0015,-0.0451,0.0256,0.0751,0.3461,0.077
46704.71816,-0.004,-0.0468,0.0371,-0.0034,0.2241,0.0054
46704.74831,0.015,-0.015,0.0037,0.0241,0.2167,-0.0256
46704.77846,0.0136,-0.0046,0.0173,0.0881,0.1166,0.0507
46704.80861,0.0064,0.0118,0.0058,0.1866,0.0242,0.2277
46704.83879,0.0112,0.0073,0.0586,0.1877,-0.1753,0.3588
46704.86897,-0.0148,-0.0256,0.0014,0.2404,-0.2323,0.3788
46704.89912,0.0188,-0.0144,0.0327,0.0684,-0.3215,0.2485
46704.92928,-0.0252,-0.1158,-0.0025,0.0047,-0.2088,-0.1101
46704.95943,0.0174,-0.017,-0.0244,0.0083,-0.12,-0.3127
46704.98958,-0.0381,-0.1074,0.0022,0.0402,0.0158,-0.5223
46705.01976,-0.0205,-0.0382,-0.0522,0.1258,0.193,-0.7412
46705.04991,-0.0053,-0.0877,0.0128,0.1181,0.2407,-0.9986
46705.08006,-0.0112,-0.0313,0.0003,0.1059,0.3555,-1.2427
46705.11021,0.0044,-0.0283,-0.0109,0.16,0.369,-1.3848
46705.14037,-0.0079,-0.0433,0.035,0.1806,0.4656,-1.6408
46705.17052,0.0672,-0.0485,-0.0342,0.1692,0.6697,-1.9772
46705.20067,0.1902,-0.0401,-0.0297,0.3099,0.7268,-2.1563
46705.23085,0.1164,-0.0214,-0.0959,0.2435,0.7826,-2.1549
46705.261,0.065,-0.0232,-0.013,-0.1796,0.8027,-1.9778
46705.29115,-0.1143,-0.038,0.1111,-0.5134,0.4481,-1.7199
46705.32131,-0.1963,-0.1101,0.0831,-0.196,0.221,-1.5265
46705.35146,-0.2249,0.1221,0.1711,0.2407,0.0865,-1.3654
46705.38161,-0.0902,0.085,-0.0205,0.2067,0.1051,-1.0733
46705.41176,0.034,0.2654,-0.0047,0.4944,0.4103,-0.9177
46705.44194,0.0731,-0.052,-0.0236,0.3862,0.5216,-0.8689
46705.47209,-0.0339,0.0482,0.121,0.4549,0.3658,-0.7705
46705.50224,-0.0348,0.0075,0.0361,-0.2262,0.0325,-0.9215
46705.5324,0.0029,-0.0873,0.0927,0.0502,-0.1769,-0.958
46705.56255,0.0356,-0.0176,0.0431,0.1296,-0.3756,-1.0075
46705.5927,0.0628,0.0569,0.0077,-0.0451,-0.5468,-0.993
46705.62288,0.0178,0.0685,0.047,-0.2785,-0.7535,-0.8964
46705.65303,0.0376,0.1722,-0.0412,-0.3316,-0.759,-0.8313
46705.68318,0.2502,0.048,-0.1301,-0.3079,-0.6382,-1.2004
46705.71333,0.0593,0.663,0.5243,-0.2654,-0.4029,-2.1035
46705.74349,-0.4315,0.8322,0.9373,1.2067,0.4107,-2.6527
46705.77364,-0.5381,0.6999,0.6828,2.1062,1.2325,-3.0604
46705.80379,-0.5764,0.443,0.5161,1.2105,1.6438,-3.2404
46705.83397,-0.4987,0.159,0.2714,-0.0631,2.1768,-3.1439
46705.86411,-0.3756,0.1039,0.1275,-1.0395,2.7085,-2.7358
46705.89426,-0.1201,0.1486,-0.1021,-2.8801,3.0051,-2.1637
46705.92441,0.0905,0.2862,-0.3439,-5.0997,2.7906,-1.5414
46705.95456,0.2725,0.2667,-0.2787,-4.8851,2.5094,-0.6587
46705.98471,0.6,1.7185,-0.5069,1.938,2.6517,-1.5815
46706.01487,0.4585,0.3603,-0.5189,4.4522,0.9844,-1.4196
46706.04505,0.5044,-1.5538,-0.747,-0.0011,1.4465,1.5729
46706.0752,-0.2344,0.7075,-0.5155,4.6914,0.8696,0.136
46706.10535,-0.1184,0.2305,0.5142,12.3807,0.5306,1.3349
46706.1355,-0.5929,-0.2022,1.1701,10.6435,0.5941,0.8861
46706.16565,-0.6023,-0.695,0.6577,4.425,1.1868,1.1563
46706.1958,-0.1342,-0.3989,0.6889,-0.3686,1.149,1.1082
46706.22599,-0.0529,0.1369,0.5816,0.0153,0.8506,1.3802
46706.25614,-0.0961,0.3334,0.6674,3.5446,1.0034,0.7559
46706.28629,0.0532,0.2114,0.8657,5.2629,1.1485,0.5196
46706.31644,0.2019,0.0406,0.7821,3.7602,1.2862,0.1401
46706.34659,0.352,-0.1098,0.5572,0.9966,1.267,-0.1395
46706.37674,0.3966,0.1297,0.3217,0.6255,0.8577,-0.3356
46706.40689,0.4478,-0.071,0.1947,0.8467,0.6329,-0.2514
46706.43708,0.4606,-0.1752,0.0864,0.3389,0.7375,-0.5347
46706.46723,0.7512,-0.1853,-0.0081,0.0674,1.0035,-0.8315
46706.49738,0.6652,-0.1947,0.0719,1.1472,1.1492,-0.8675
46706.52753,0.6595,-0.7572,-1.0255,1.0377,-0.3007,-0.2004
46706.55768,0.0489,-0.1729,-0.2792,0.1442,-0.4909,-0.0361
46706.58783,0.0301,0.0647,-0.2131,-0.1103,-0.3398,0.077
46706.61798,0.043,-0.0483,-0.0399,-0.1757,-0.5654,0.1629
46706.64817,-0.0449,0.2577,0.2378,0.4467,-0.1954,0.1269
46706.67832,0.0161,0.0864,0.1093,0.1632,-0.0275,-0.1984
46706.70847,-0.0125,0.2477,0.0612,0.8999,-0.0561,-0.2651
46706.73862,-0.0315,-0.0617,-0.1703,1.0224,0.0768,-0.1078
46706.76877,-0.0181,-0.2973,-0.3041,-0.3676,-0.0527,0.1355
46706.79892,-0.0488,-0.0329,-0.2744,-1.2755,-0.3292,0.1184
46706.82908,-0.0055,0.205,-0.04,-0.8324,-0.4977,0.0802
46706.85926,-0.1486,0.1914,0.1594,1.1269,-0.1736,0.2199
46706.88942,-0.096,-0.0493,0.19,1.1223,0.1515,0.1667
46706.91957,-0.0016,-0.1386,-0.0441,1.0041,0.1487,0.188
46706.94973,-0.0439,-0.1555,-0.0712,0.5637,0.1166,0.1946
46706.97988,-0.0673,0.0453,-0.0608,0.5888,0.1293,0.0215
46707.01003,-0.123,0.0463,0.0421,0.9856,0.3379,0.0107
46707.04021,-0.0408,-0.0143,0.0923,1.2754,0.2379,0.0713
46707.07036,-0.0123,-0.1154,0.2092,1.6816,0.2462,0.1436
46707.10051,0.0132,-0.2132,0.1223,-0.677,0.3091,-0.09
46707.13066,0.0723,-0.1542,-0.1712,-2.9371,0.1229,-0.2045
46707.16082,0.002,0.1086,-0.2159,-2.1674,-0.1131,-0.1079
46707.19097,-0.0429,-0.0555,-0.2486,-0.6576,-0.1626,0.161
46707.22112,-0.0475,0.0474,0.0171,-0.347,-0.1521,0.2888
46707.2513,-0.0763,0.0335,0.3652,0.5115,0.279,0.2225
46707.28145,-0.0162,0.2048,0.0836,1.5349,0.2342,0.2888
46707.3116,0.0946,-0.0353,-0.006,0.4409,0.0192,0.4718
46707.34175,0.0873,0.2666,-0.0779,-0.3814,-0.0263,0.0287
46707.37191,-0.0211,0.085,0.0018,0.1502,-0.0542,-0.1751
46707.40206,-0.0371,-0.1468,0.0118,-0.0092,0.0651,-0.1733
46707.43221,-0.0113,-0.2098,-0.0027,-0.6612,0.0924,0.0421
46707.46239,-0.014,0.0006,0.0303,-1.1629,0.0817,0.0852
46707.49254,-0.0316,0.0021,-0.0504,-1.1138,0.1853,0.0454
46707.52269,0.0354,-0.0866,-0.1831,-0.666,0.0487,0.0375
46707.55284,-0.032,0.1154,-0.0154,0.1138,0.1128,0.1192
46707.583,0.0315,0.1386,-0.0384,0.9877,0.1342,0.1279
46707.61315,0.0316,-0.0144,-0.063,1.1129,0.0613,0.2409
46707.6433,0.0065,-0.1528,-0.052,0.5835,0.1644,0.2175
46707.67348,-0.0486,0.0639,-0.0251,0.7382,0.1798,0.2028
46707.70363,0.0014,0.0403,-0.0638,0.3541,-0.0035,0.094
46707.73378,-0.0299,0.0742,0.05,0.4106,-0.0554,-0.0197
46707.76393,0.0032,0.0612,0.1281,0.2394,-0.0255,-0.0614
46707.79409,-0.0338,-0.0129,0.1553,0.1011,-0.0538,0.12
46707.82424,0.0145,-0.1818,-0.0027,-0.0002,0.0138,0.1482
46707.85442,0.028,-0.3867,-0.1265,-1.5759,0.1126,0.0678
46707.88457,0.0316,0.0502,-0.2416,-1.792,0.1537,-0.0156
46707.91472,0.0902,0.1502,0.0522,-1.7158,-0.0078,-0.2082
46707.94487,0.091,0.1306,-0.1164,-1.2932,-0.2655,-0.2994
46707.97502,0.0012,0.2101,0.0036,-1.1584,-0.3616,-0.409
46708.00517,-0.0959,0.2956,0.0316,0.0035,-0.2503,-0.3051
46708.03532,-0.0563,0.3392,0.1071,1.1006,-0.091,-0.3111
46708.06551,-0.0777,0.146,0.1204,2.2687,0.024,-0.2809
46708.09566,-0.0362,-0.5389,0.0088,1.3616,0.0096,-0.0404
46708.12581,0.003,-0.1148,0.2223,0.6589,0.0112,0.0667
46708.15596,0.0147,-0.0448,0.1351,0.6183,-0.1188,0.2122
46708.18611,-0.0342,-0.2779,-0.0168,-0.3217,-0.1768,0.2886
46708.21626,0.0221,0.0594,-0.0035,-0.3342,-0.1906,0.1281
46708.24641,-0.0064,-0.0491,-0.0888,-0.1713,-0.2076,0.1517
46708.2766,-0.0477,0.0025,-0.078,-0.0031,-0.1511,0.2219
46708.30675,-0.0611,-0.0177,-0.041,-0.1039,-0.0179,0.1671
46708.3369,-0.0559,-0.0339,0.0262,-0.4325,0.0679,0.0283
46708.36705,-0.0411,-0.0933,0.04,-0.8324,0.1386,-0.0391
46708.3972,0.0544,-0.0654,0.0597,-1.0313,-0.1173,0.0326
46708.42735,0.0411,0.1147,-0.0311,-0.7069,-0.1201,-0.0933
46708.4575,-0.0054,0.0209,0.0022,-0.6862,-0.178,-0.0787
46708.48769,-0.0234,0.0326,0.0268,-0.6493,-0.1292,-0.0515
46708.51784,0.0028,0.0659,-0.0057,-0.4707,-0.0778,-0.0349
46708.54799,0.0073,0.0825,-0.012,-0.2352,-0.077,-0.0036
46708.57814,-0.0086,0.0322,-0.0004,-0.1866,-0.0325,0.0182
46708.60829,-0.0053,0.0374,-0.0069,-0.1469,-0.0016,-0.0018
46708.63844,0.0021,0.0582,-0.0133,-0.03,-0.0223,-0.0211
46708.6686,-0.0169,0.0161,-0.0009,-0.0119,-0.0191,-0.0371
46708.69878,0.0025,0.0194,0.0056,-0.0493,-0.0286,-0.0329
46708.72893,-0.0179,0.0077,-0.0028,-0.0522,-0.003,-0.0263
46708.75908,0.0115,0.0194,-0.0057,-0.0204,-0.0224,-0.0211
46708.78923,0.0058,0.0111,0.0022,-0.0152,-0.031,-0.0147
46708.81938,0.0109,-0.0053,0.0117,-0.042,-0.0382,-0.0308
46708.84953,0.0172,0.0093,0.0036,-0.0388,-0.0447,-0.0309
46708.87973,0.006,-0.0047,0.002,-0.027,-0.0373,-0.019
46708.90988,0.0079,-0.0129,0.0047,-0.0418,-0.0353,0.0045
46708.94003,-0.0031,-0.0155,0.0132,-0.1034,-0.019,0.0099
46708.97018,-0.0016,-0.0038,0.0005,-0.1309,-0.006,0.0035
46709.00033,0.0033,0.0216,-0.0098,-0.0584,-0.0043,0.0197
46709.03048,-0.0072,0.0173,-0.0108,-0.0293,0.0212,0.021
46709.06063,0.0132,0.0323,-0.0206,0.0505,0.0101,0.0306
46709.09082,-0.0227,0.0032,0.0037,0.084,0.0592,0.0064
46709.12097,-0.0028,0.0129,-0.014,0.1074,0.0505,0.016
46709.15112,-0.0021,0.0152,0.0033,0.1198,0.0248,0.0169
46709.18127,-0.0105,-0.0013,0.0097,0.0794,0.0293,0.0051
46709.21142,-0.012,-0.0033,0.0067,0.0294,0.0458,-0.028
46709.24157,0.0086,0.0157,-0.0041,0.0517,0.0393,-0.0355
46709.27172,0.0136,0.0115,-0.0139,0.1284,0.0335,-0.0226
46709.30191,0.0041,-0.0089,0.0007,0.166,0.0545,0.0054
46709.33206,0.0092,-0.015,0.0011,0.1416,0.0534,0.0343
46709.36221,-0.0022,-0.0265,0.0066,0.1036,0.0726,0.0686
46709.39236,0.0047,-0.0254,-0.0013,0.0729,0.0745,0.1199
46709.42251,0.0128,-0.0656,-0.0092,0.0018,0.0677,0.2289
46709.45266,0.0404,-0.0703,0.0049,-0.085,0.1064,0.2654
46709.48282,0.0997,-0.0561,-0.014,-0.2667,0.0626,0.2338
46709.513,0.1692,-0.0938,-0.0106,-0.9004,-0.0465,0.0557
46709.54315,0.0732,-0.0532,0.0077,-1.0624,-0.1103,-0.0316
46709.5733,0.0446,-0.0457,-0.0039,-1.0915,-0.1324,-0.065
46709.60345,0.0184,-0.0813,-0.0181,-1.306,-0.1657,-0.0409
46709.6336,0.0686,0.0377,-0.0782,-0.9567,-0.1714,-0.0769
46709.66375,0.111,0.0511,-0.2168,-0.5817,-0.2676,-0.0118
46709.69391,0.1143,0.1456,-0.159,-0.2526,-0.3402,-0.0804
46709.72409,0.0547,0.1227,-0.0786,-0.1116,-0.2968,-0.1313
46709.75424,-0.0146,0.2135,-0.1461,0.2929,-0.4109,-0.1327
46709.78439,-0.0095,0.1743,-0.0967,0.5216,-0.5811,-0.2406
46709.81454,-0.0049,0.1048,-0.1352,0.7325,-0.8011,-0.3928
46709.84469,0.0492,0.1915,-0.1685,1.2085,-1.1338,-0.4952
46709.87485,0.1128,0.3018,0.0601,2.0922,-1.2938,-0.6835
46709.90503,0.1236,0.318,0.339,2.8776,-1.2291,-0.8585
46709.93519,0.1165,0.2255,0.3452,3.2709,-1.169,-1.0169
46709.96534,0.101,0.0237,0.3641,2.9252,-1.0031,-1.1583
46709.99549,0.0428,-0.0576,0.4281,1.8161,-0.6241,-1.312
46710.02564,-0.0286,-0.188,0.4105,0.2371,-0.1581,-1.5234
46710.05579,-0.1431,-0.0847,0.3026,-0.336,0.2257,-1.6539
46710.08594,-0.0691,0.1722,0.0511,0.6339,0.0821,-1.6345
46710.11612,-0.107,0.3029,0.004,3.3904,-0.0944,-1.1392
46710.14628,-0.1609,-0.3815,0.1059,1.5223,0.0506,-0.8827
46710.17643,-0.1658,-0.2452,0.0715,-0.0187,0.1043,-0.6276
46710.20658,-0.1796,-0.1796,0.0192,-0.9968,0.334,-0.2485
46710.23673,-0.1511,-0.0848,0.0015,-1.2794,0.4959,0.0261
46710.26688,-0.0912,0.0682,-0.0024,-1.1262,0.5154,0.2029
46710.29703,-0.0996,0.1555,0.0562,-0.5628,0.3903,0.3075
46710.32721,-0.1632,0.2192,0.0689,0.6697,0.3121,0.2711
46710.35737,-0.1667,0.0531,0.0288,1.105,0.2264,0.1534
46710.38752,-0.1875,-0.1377,0.0551,-0.1052,0.1119,-0.079
46710.41767,-0.2613,-0.1218,0.1303,-1.5083,0.1395,-0.1822
46710.44782,-0.2647,0.0107,0.227,-2.0805,0.2948,-0.1572
46710.47797,-0.2095,0.0674,0.2526,-2.3545,0.6396,0.0643
46710.50812,-0.0634,0.1403,0.1637,-1.8826,0.988,0.3552
46710.5383,0.1096,0.1559,0.0917,-1.2912,1.1152,0.5687
46710.56846,0.2096,0.2018,-0.086,-0.6164,1.2566,0.5011
46710.59861,0.2148,0.1054,-0.1957,-0.292,1.2177,0.1707
46710.62876,0.1564,0.0061,-0.1105,-0.078,1.2124,-0.1713
46710.65891,0.1976,0.0356,-0.1579,0.7707,1.014,-0.5011
46710.68906,0.4636,0.2994,-0.3529,1.037,0.3764,-0.3697
46710.71921,0.2583,-0.5006,-0.3819,-0.3018,0.0996,-0.5093
46710.74939,0.0154,-0.245,-0.3583,0.3087,0.0637,-0.0318
46710.77955,0.163,-0.0993,-0.3989,-0.1916,-0.2183,0.1751
46710.8097,0.0562,-0.0165,-0.0804,-0.2625,-0.4096,0.0784
46710.83985,-0.0132,0.0457,0.1747,-0.177,-0.1992,0.0213
46710.86999,-0.0082,0.1188,0.1743,-0.1794,-0.0114,-0.1239
46710.90014,-0.0169,0.2055,0.3754,0.4355,0.1432,-0.0257
46710.93033,0.0333,0.155,0.1304,0.6753,0.064,-0.0142
46710.96048,-0.0156,0.097,-0.0723,0.6862,-0.0681,-0.0825
46710.99063,0.0117,0.027,-0.0219,1.2444,-0.0105,-0.3039
46711.02078,0.0653,-0.386,-0.1859,0.9149,-0.0487,-0.2682
46711.05093,0.0065,-0.0405,0.009,0.8467,-0.0759,-0.1498
46711.08108,0.0693,-0.2482,0.076,0.1966,0.033,0.0064
46711.11124,0.046,0.0082,0.0786,-0.3149,0.0863,0.0639
46711.14142,-0.0217,-0.2071,0.0391,-1.8808,0.0903,0.1057
46711.17157,0.0483,-0.0896,-0.0119,-2.7454,-0.1387,0.1382
46711.20172,0.0021,0.2466,-0.1148,-1.4963,-0.1436,-0.0174
46711.23187,-0.0443,0.3079,-0.0071,0.2639,-0.0191,-0.0838
46711.26202,-0.1058,0.1618,-0.0587,0.939,0.0778,-0.1945
46711.29217,0.0013,0.0013,-0.3261,0.8101,-0.0957,-0.197
46711.32233,-0.0267,-0.1035,-0.1465,0.3465,-0.1785,-0.2656
46711.35251,0.0322,0.1941,0.1015,1.1869,-0.0091,-0.3135
46711.38266,-0.0036,-0.2094,0.1052,0.3834,-0.0595,-0.1877
46711.41281,-0.0899,-0.29,0.4132,-2.132,-0.1335,0.3722
46711.44296,-0.0504,-0.2192,0.1614,-3.1087,-0.2845,0.9838
46711.47311,0.0485,-0.0848,0.0766,-3.3404,-0.4181,1.0167
46711.50326,0.0574,0.0877,0.1259,-2.4865,-0.3039,1.0636
46711.53342,0.0253,0.1424,0.102,-0.9907,-0.1012,0.9814
46711.5636,0.016,0.1789,0.0148,0.7343,0.1419,0.7822
46711.59375,0.0648,0.2847,0.0348,2.5408,0.3636,0.1808
46711.6239,0.0584,0.2366,0.0419,3.9507,0.5758,-0.4661
46711.65405,0.0513,0.0347,-0.1018,3.3215,0.6371,-0.8964
46711.6842,-0.0735,-0.083,-0.0237,1.0421,0.3121,-1.1563
46711.71435,-0.0419,0.1902,-0.1296,0.9416,0.2981,-0.8998
46711.74451,-0.0851,0.1174,-0.066,1.1534,0.4234,-0.4473
46711.77469,-0.0558,-0.062,-0.189,0.5706,0.4452,0.0688
46711.80484,0.0513,-0.2535,-0.3008,-0.9928,-0.1112,0.0551
46711.83499,0.046,0.11,-0.1111,-0.6779,-0.3923,0.0213
46711.86514,-0.0186,0.1231,-0.0214,-0.4612,-0.3143,-0.135
46711.89531,-0.0385,0.1001,0.0564,0.1721,-0.1914,-0.1269
46711.92546,-0.0035,0.0226,0.0026,0.7742,-0.1115,-0.0421
46711.95564,0.0338,-0.0045,-0.0623,0.606,0.0106,-0.1323
46711.98579,0.067,-0.0751,-0.1198,-0.3226,-0.1028,-0.2499
46712.01594,-0.0197,-0.0695,-0.0379,0.1277,-0.1721,-0.0979
46712.04609,-0.0062,-0.0441,0.0496,0.9272,-0.2352,-0.0204
46712.07625,0.0235,-0.118,-0.0061,1.0212,-0.2274,0.029
46712.1064,0.087,-0.4124,-0.0825,-1.0053,-0.4546,-0.171
46712.13655,0.0324,-0.2709,0.2496,-2.2858,-0.3894,-0.0706
46712.16673,0.0246,0.2718,0.5158,-1.9736,-0.425,-0.2405
46712.19688,-0.1064,0.2641,0.1272,0.5282,-0.152,0.1327
46712.22703,-0.1282,0.051,0.3382,0.7867,0.3054,0.2263
46712.25719,0.086,0.0604,-0.1224,0.3481,0.2443,-0.0699
46712.28734,0.1718,0.2073,-0.186,0.5226,-0.0463,-0.3521
46712.31749,-0.1265,-0.1158,-0.0633,-0.0304,0.0168,-0.2967
46712.34764,-0.1013,-0.1161,0.0793,-0.796,0.2015,-0.2225
46712.37782,-0.1041,0.223,0.0449,-0.0422,0.2701,0.0175
46712.40797,-0.131,-0.2854,-0.2419,-0.354,-0.0926,0.5074
46712.43812,-0.2087,-0.0337,-0.037,-0.2919,-0.1199,1.0528
46712.46828,0.0902,0.1728,0.0525,0.2668,-0.1793,1.0744
46712.49843,0.2004,0.2022,0.1485,-1.4299,0.0395,0.6835
46712.52858,0.2384,-0.1961,0.0939,-2.9907,0.1007,-0.5288
46712.55873,0.3465,0.8742,-0.1074,2.0088,0.1694,-1.1155
46712.58891,0.1382,-0.0851,-0.1533,2.7432,0.1606,-1.6098
46712.61906,0.0663,-0.6852,-0.3626,2.147,-0.0923,-0.8777
46712.64921,-0.1557,-0.4937,-0.2261,-0.7434,-0.425,-0.656
46712.67937,-0.1188,-0.2109,-0.0036,-1.8845,-0.6239,-0.2675
46712.70952,-0.2653,0.1403,0.4537,-1.9883,-0.4472,0.2246
46712.73967,-0.4422,-0.2869,0.2981,0.094,-0.1123,1.4202
46712.76982,-0.2048,0.2909,0.122,1.8636,0.5449,1.5408
46712.8,0.1814,0.209,0.1013,0.6934,0.9862,0.7147
46712.83015,0.512,0.0849,-0.3208,-2.6056,0.3715,-1.0707
46712.8603,0.4958,0.6235,0.0166,1.3395,-0.1499,-1.9401
46712.89046,0.3579,0.0725,-0.0638,1.8381,-0.5774,-1.9384
46712.92061,0.0642,-0.332,0.1555,-0.7822,-0.7691,-1.4223
46712.95076,-0.4545,-0.8366,0.1103,-1.0831,-0.5004,-0.6303
46712.98091,-0.2635,-0.1727,-0.1358,2.2309,-0.1279,1.1052
46713.01109,-0.0837,-0.5943,0.0357,2.3539,0.0939,1.3968
46713.04125,0.1242,-0.271,0.0818,3.7699,0.4998,1.8327
46713.0714,0.2379,-0.3399,-0.0533,3.7459,0.7256,1.7852
46713.10155,0.2586,-0.2862,-0.1324,2.695,0.8862,1.6674
46713.1317,0.2384,-0.3396,-0.0218,1.1318,0.9757,1.866
46713.16185,0.2544,-0.2257,-0.0814,0.9905,0.8922,1.9914
46713.19203,0.2596,-0.1568,-0.1463,0.7193,0.8062,2.1135
46713.22218,0.2558,-0.1549,-0.149,-1.0389,0.625,2.3537
46713.25234,0.371,0.4997,-0.6242,-6.227,-0.3098,0.4245
46713.28249,0.2971,0.8921,-0.193,-1.6835,-1.4226,0.7033
46713.31264,-0.0315,-0.3266,0.4243,-2.5888,-1.1492,0.7106
46713.34279,0.0798,-0.2276,0.5819,-2.6167,-0.7849,0.8833
46713.37294,0.1136,-0.2294,0.6102,-2.4278,-0.3648,1.3498
46713.40312,0.2414,-0.2582,0.7418,-2.4086,0.15,1.6703
46713.43327,0.2985,-0.3937,0.8504,-3.3475,0.5562,1.6379
46713.46343,0.3814,-0.3027,1.0051,-3.8008,0.762,1.3565
46713.49358,0.4788,-0.0138,0.9637,-2.8318,0.9225,1.2605
46713.52373,0.5941,0.2693,0.9158,0.6426,1.1701,1.7267
46713.55388,0.6589,0.0327,0.7308,3.0586,1.5816,2.3736
46713.58403,0.763,-0.3934,0.4447,1.8396,2.1139,2.2231
46713.61421,0.9132,-0.3265,0.3456,-1.081,2.4051,1.938
46713.64436,0.802,0.295,0.0958,-2.5516,2.5722,2.4476
46713.67452,0.6618,0.2267,-0.1494,-2.9754,2.0186,2.9863
46713.70467,0.5963,0.4695,-0.0891,-4.3645,1.173,3.2958
46713.73482,0.4575,0.583,-0.0543,-5.856,0.4235,3.5247
46713.76497,0.4154,0.7412,0.174,-6.3685,-0.2124,3.6241
46713.79512,0.3945,0.9233,0.3584,-6.0612,-0.4647,3.4493
46713.8253,0.3584,1.0007,0.6909,-4.7153,-0.196,3.1846
46713.85545,0.1894,1.211,0.8004,-3.4919,0.6547,2.6952
46713.88562,-0.0411,1.3564,0.7465,-2.4312,1.5462,2.1385
46713.91577,-0.4777,1.359,0.5637,-2.4206,2.1529,1.4531
46713.94592,-0.7874,1.4376,0.1813,-3.4076,1.8453,0.5297
46713.97607,-0.4843,1.9829,-1.3389,-1.1066,-0.5812,-1.0128
46714.00623,0.5264,-0.0668,-0.9271,-1.3223,-1.6918,-0.2106
46714.03641,-0.1593,-0.5271,0.0406,0.0191,0.5577,-0.5611
46714.06656,-0.0563,0.2207,0.0868,-0.0543,0.5185,-0.0727
46714.09671,0.0282,-0.0906,0.1576,-0.1101,0.032,0.052
46714.12686,0.0251,0.0113,0.0385,-0.2134,-0.0321,-0.0235
46714.15701,-0.0019,-0.0291,-0.0169,-0.131,0.1123,-0.1282
46714.18716,-0.0057,-0.0501,0.0051,-0.0371,0.173,-0.3298
46714.21735,0.0286,0.0137,0.2263,0.0469,0.059,-0.2685
46714.2475,-0.0149,0.1368,-0.0111,0.157,0.1716,0.0801
46714.27765,-0.0098,0.0758,-0.0461,0.2834,0.4172,0.3227
46714.3078,0,0.0415,0.009,0.2442,0.4794,0.4718
46714.33795,0.003,0.0117,0.0082,0.2303,0.4554,0.5583
46714.3681,0.0173,-0.0451,0.0331,0.2224,0.3393,0.5135
46714.39825,0.0112,-0.0292,0.0486,0.0986,0.1595,0.5045
46714.42844,0.0128,-0.0518,0.0266,0.015,0.0504,0.4309
46714.45859,0.0105,-0.0456,0.0371,-0.091,-0.0554,0.3519
46714.48874,0.0074,-0.0446,0.0127,-0.1602,-0.1067,0.238
46714.51889,0.0097,-0.0205,0.0273,-0.2186,-0.1627,0.183
46714.54904,0.0063,-0.0161,0.0061,-0.2459,-0.2148,0.1719
46714.57919,0.0115,-0.0216,0.0324,-0.2928,-0.3109,0.2053
46714.60934,0.0035,-0.0272,0.0015,-0.2899,-0.3365,0.1998
46714.63953,-0.0024,-0.0178,0.0019,-0.2514,-0.3043,0.1434
46714.66968,-0.0042,-0.0443,0.0028,-0.2145,-0.2993,0.0012
46714.69983,-0.0003,-0.0162,0.0191,-0.1857,-0.3586,-0.0933
46714.72998,0.0075,-0.0381,0.0394,-0.2527,-0.5043,-0.1469
46714.76013,0.0103,0.0298,-0.006,-0.1962,-0.5157,-0.0849
46714.79028,-0.0122,0.0364,-0.0319,-0.1205,-0.4405,-0.0393
46714.82043,0.0323,-0.046,0.0463,-0.2128,-0.569,-0.0789
46714.85062,0.0002,0.0422,-0.0088,-0.2138,-0.603,0.061
46714.88077,-0.0071,0.056,0.006,-0.1452,-0.6195,0.2471
46714.91092,-0.0029,0.0329,-0.0244,-0.0549,-0.5943,0.4089
46714.94108,0.0013,0.1421,-0.0096,-0.0375,-0.607,0.8826
46714.97123,-0.0146,0.2,-0.0852,0.1299,-0.3537,1.5618
46715.00138,-0.0037,0.2924,-0.2384,1.0061,0.606,2.3123
46715.03153,0.1354,0.384,-0.3018,3.4889,1.5021,3.2998
46715.06171,0.9905,0.4211,-0.3991,5.5306,1.5887,3.7716
46715.09186,0.8967,-0.0274,-0.6054,4.9147,1.3572,2.3551
46715.12201,0.346,0.514,-0.887,3.8931,1.0825,0.4971
46715.15217,0.4687,0.3009,-1.2492,1.6824,-0.4161,-0.0036
46715.18232,0.3495,1.1009,0.8709,-0.4436,-1.777,-1.2262
46715.21247,0.0717,1.0032,2.0058,-1.7962,-1.789,-3.0003
46715.24262,-0.4489,1.0085,1.1117,-3.5066,-0.6944,-4.0468
46715.2728,-0.8335,-0.0864,1.0921,-2.2436,0.7509,-3.5124
46715.30295,-1.2258,-0.7437,0.4461,-1.422,1.7972,-1.5826
46715.3331,-0.8787,-0.4921,-0.124,-1.537,1.9361,0.1478
46715.36326,-0.1224,-2.1406,-2.2398,-0.8832,0.7005,1.4689
46715.39341,1.6662,-1.5776,-1.6133,0.9505,0.6143,1.8856
46715.42356,0.4803,0.432,-0.2952,0.7061,-0.59,0.1778
46715.45371,-0.6204,-0.0087,0.5708,0.2654,0.0984,0.5867
46715.48389,0.0768,-0.2967,0.4564,-0.2269,-0.1125,1.0208
46715.51404,-0.0603,-0.0448,-0.2728,0.049,0.195,0.8278
46715.54419,0.3408,0.28,-0.6362,0.3174,-0.1195,0.706
46715.57435,0.3076,0.3249,-0.4507,0.4446,-0.7616,1.3099
46715.6045,0.6209,0.3653,-0.9005,1.557,-1.4081,2.5248
46715.63465,0.9536,0.0541,-1.1536,-0.6576,-2.836,1.8267
46715.66483,0.846,2.6286,0.7497,4.574,-0.4772,-1.9363
46715.69498,0.9785,0.4887,0.5042,4.3056,-1.6779,-2.8654
46715.72513,0.6973,0.3828,0.4817,3.8709,-1.5354,-3.4404
46715.75528,0.4913,0.0928,0.3879,2.4672,-1.799,-3.9265
46715.78544,0.2857,-0.1364,0.5227,1.2318,-1.9055,-4.0583
46715.81559,0.2144,-0.2234,0.3171,-0.4471,-1.881,-3.81
46715.84574,0.1267,-0.5745,0.4233,-2.0682,-1.5723,-3.2793
46715.87592,-0.0079,-0.6958,0.5721,-2.8519,-0.8003,-2.851
46715.90607,0.1662,-0.5927,0.4631,-2.1056,-0.2388,-2.1987
46715.93622,0.2677,-0.7172,0.5389,-1.1513,-0.0072,-1.538
46715.96637,0.2752,-0.8891,0.477,-1.1861,0.3506,-0.8508
46715.99653,0.3027,-0.8162,0.4145,-1.301,0.8492,-0.0911
46716.02668,0.3101,-1.1809,0.0246,-3.9528,0.7183,1.2886
46716.05683,0.3169,-0.6617,0.0438,-2.7122,1.0344,1.8787
46716.08701,0.3045,-0.1996,0.1792,0.614,1.0638,2.4917
46716.11716,0.4214,-0.3528,0.1058,-0.2825,1.477,3.0081
46716.14731,0.521,-0.299,0.2088,-2.176,2.1584,2.907
46716.17746,0.4452,-0.0397,0.2789,-2.5812,2.7811,3.0288
46716.20762,0.4225,0.2055,0.3383,-2.1054,2.9045,2.7608
46716.23777,0.4099,0.3838,0.2062,-1.171,2.9117,2.4465
46716.26792,0.3383,0.5101,-0.0084,-0.7402,2.8133,1.6602
46716.2981,0.2891,0.5115,-0.159,-1.7397,2.5643,0.9341
46716.32825,0.2443,0.6266,-0.3143,-3.0741,2.3211,0.3658
46716.3584,0.2011,0.9258,-0.5354,-4.8164,1.614,-0.6642
46716.38855,0.0978,0.484,-0.7508,-7.1064,-0.1854,-1.1705
46716.41871,-0.099,2.0955,-0.2577,-3.2483,0.4559,-3.0753
46716.44886,0.1669,1.1565,-0.4744,-1.6363,-0.2633,-3.5428
46716.47901,0.0364,0.6245,0.0618,-1.0023,0.0017,-3.5303
46716.50919,-0.1898,-0.2583,-0.095,-0.718,0.2999,-2.7726
46716.53934,-0.1169,0.2131,0.1465,-1.0045,0.7841,-2.9501
46716.56949,-0.2057,0.8372,0.2258,-0.433,0.9928,-3.2837
46716.59964,-0.3855,0.3733,-0.0781,1.2799,1.0638,-2.6328
46716.6298,-0.4424,0.1467,-0.3917,0.6316,1.0024,-2.5656
46716.65995,-0.5485,0.1915,-0.0258,0.9924,0.7997,-3.2009
46716.6901,-0.679,0.6279,0.1649,1.8645,0.7994,-3.9646
46716.72028,-0.5542,0.3743,0.3466,3.7351,0.8694,-3.9317
46716.75043,-0.2877,0.1185,0.482,4.7766,0.5234,-3.3853
46716.78058,-0.0596,-0.015,0.8199,3.3788,0.4735,-3.2217
46716.81073,0.2983,0.0169,0.7935,1.1989,0.534,-2.8968
46716.84089,0.4291,0.0221,0.6782,1.3069,0.6147,-2.7388
46716.87104,0.4161,0.1292,0.7259,2.4631,1.0204,-2.5632
46716.9012,0.47,0.1111,0.7664,3.5091,1.1482,-2.1213
46716.93138,0.4956,-0.1599,0.6317,4.7923,0.9657,-1.5926
46716.96154,0.5385,-0.2537,0.4519,5.678,0.6757,-1.338
46716.99169,0.4879,-0.2628,0.2557,5.8173,0.7764,-1.152
46717.02184,0.4938,-0.1905,0.2711,5.5357,1.012,-0.5506
46717.05199,0.3148,-0.3786,0.3798,4.3181,1.111,0.0721
46717.08214,0.2208,-0.3726,0.1317,2.7626,1.1113,0.6637
46717.11232,0.1431,-0.4323,0.1081,1.4134,1.0062,1.2281
46717.14247,0.0649,-0.4836,0.0014,1.086,0.7754,1.6581
46717.17263,0.1877,-0.3433,-0.0972,0.1117,0.6531,1.9511
46717.20278,0.2093,-0.301,-0.0934,-0.6786,0.638,2.0666
46717.23293,0.2168,-0.1169,-0.082,0.7019,0.5451,2.0366
46717.26308,0.1825,-0.0588,0.0295,1.3457,0.8349,1.6792
46717.29323,0.21,-0.1286,0.0911,1.382,0.9111,1.4327
46717.32341,0.1688,-0.2392,0.1708,1.2615,0.8844,1.1842
46717.35356,0.1781,-0.1778,0.074,1.119,0.8692,0.9999
46717.38372,0.186,-0.2003,0.1234,0.3831,0.9107,0.9009
46717.41387,0.1715,-0.2548,0.2469,-0.2658,0.8046,0.9421
46717.44402,0.1711,-0.2661,-0.0239,-0.3994,0.5279,0.8799
46717.47417,0.1264,-0.1106,-0.1443,-0.226,0.3654,0.7741
46717.50432,0.1042,-0.1415,-0.0988,-0.0568,0.5138,0.4974
46717.5345,0.188,0.164,-0.0652,0.798,0.3772,0.1755
46717.56466,0.1453,0.0844,-0.2613,0.9172,0.1174,0.132
46717.59481,0.0815,-0.2309,-0.0826,-0.3665,0.0754,-0.0283
46717.62496,0.049,0.0158,0.1157,-0.6357,0.0443,-0.139
46717.65511,0.0057,0.0314,0.218,-0.5635,-0.0399,-0.2187
46717.68526,0.0087,-0.001,0.1832,-0.1505,-0.1475,-0.2307
46717.71541,0.0271,-0.0566,0.1925,-0.1959,-0.2578,-0.3204
46717.74559,0.0286,-0.0396,0.1879,-0.1878,-0.2821,-0.3633
46717.77575,0.0076,0.0049,0.08,0.1625,-0.29,-0.3875
46717.8059,0.0155,0.0567,0.0155,0.4078,-0.2698,-0.3978
46717.83605,0.0085,-0.0737,0.0268,0.0679,-0.1925,-0.3688
46717.8662,0.0542,-0.1886,-0.0093,-0.2404,-0.0992,-0.2005
46717.89635,0.0319,-0.1982,-0.0955,-0.4129,-0.0448,-0.0677
46717.9265,0.0282,-0.1193,-0.1103,-0.8341,-0.0058,-0.0059
46717.95668,-0.0066,0.0086,-0.1585,-0.9102,0.1041,0.0707
46717.98683,-0.0754,0.0085,-0.2322,-0.8438,0.2082,0.1058
46718.01698,-0.138,-0.0017,-0.3119,-1.4487,0.3148,0.0887
46718.04714,-0.1355,-0.0497,-0.4458,-1.8861,0.1592,0.1865
46718.07729,-0.1443,-0.0367,-0.2846,-1.6261,-0.231,0.3818
46718.10744,-0.1764,0.0024,-0.0373,-1.0575,-0.4653,0.5209
46718.13759,-0.1732,-0.0562,0.198,-1.4359,-0.2879,0.4479
46718.16777,-0.0767,0.0524,0.244,-1.3089,-0.1257,0.2214
46718.19792,-0.0503,0.0049,0.2342,-0.2989,-0.123,0.2174
46718.22807,0.0091,-0.248,0.3801,-0.3305,0.1743,0.518
46718.25822,0.3738,-0.0518,-0.1873,0.8383,-0.0771,0.539
46718.28838,0.4425,0.1219,-0.0178,1.9513,-0.3908,0.0162
46718.31853,-0.0439,-0.3482,0.1629,1.9619,0.1143,0.3472
46718.34868,-0.0171,-0.0064,-0.1897,0.9344,0.3053,0.1281
46718.37886,0.0492,-0.1041,-0.0412,0.0315,0.5245,0.0986
46718.40901,0.0965,-0.1137,0.1494,0.0885,0.6186,0.2106
46718.43916,0.0436,-0.106,0.0273,-0.1641,0.5443,0.1584
46718.46932,-0.0388,-0.2271,0.0047,-0.0001,0.5087,0.2503
46718.49947,-0.0178,-0.0478,-0.0311,-0.1661,0.4509,0.2208
46718.52962,-0.0236,0.0348,0.0327,-0.3342,0.5467,0.2416
46718.55977,-0.126,0.0169,0.0238,-0.1403,0.699,0.3189
46718.58995,-0.0014,0.0693,-0.0954,0.5205,0.852,0.4621
46718.6201,0.0414,-0.04,-0.1576,0.5875,1.0971,0.4972
46718.65025,-0.0715,0.0561,-0.1085,0.7208,1.2945,0.4218
46718.68041,-0.0002,0.031,-0.0378,0.4679,1.1268,0.2887
46718.71056,0.0017,-0.0333,-0.0187,0.196,0.7913,0.1735
46718.74071,0.0298,0.0394,0.0267,0.0318,0.4724,0.0651
46718.77089,-0.0383,0.0005,0.0853,-0.2274,0.3593,0.066
46718.80104,0.0568,0.044,0.1126,-0.2825,0.3601,0.1504
46718.83119,0.0187,0.0269,0.125,-0.2662,0.4362,0.2644
46718.86134,0.0028,-0.0517,0.0958,-0.4645,0.5096,0.285
46718.89151,-0.0111,-0.0693,0.1017,-0.5901,0.4411,0.2405
46718.92166,-0.0263,-0.0308,0.0858,-1.0333,0.2954,0.1415
46718.95181,0.0027,0.0578,0.0706,-1.4274,0.1984,-0.1004
46718.98199,0.0531,0.1597,0.1436,-1.3331,-0.0102,-0.12
46719.01214,0.0982,0.0923,0.0654,-1.4599,-0.1564,-0.2143
46719.04229,0.2309,0.2259,-0.0923,-1.8978,-0.1716,-0.5112
46719.07245,0.5187,0.2857,-0.1891,-4.1361,-0.6472,-1.2995
46719.1026,-0.1084,-0.5746,0.6862,-0.4536,-0.5962,-0.3265
46719.13275,-0.5674,0.3268,0.4874,0.7304,0.7093,-0.2585
46719.1629,0.8114,-0.7442,0.214,-0.7501,-0.4596,-0.9216
46719.19308,0.5264,0.2125,-0.0537,-0.8986,-0.4437,-1.4436
46719.22323,0.2608,-0.1716,-0.0302,-0.6095,-0.5259,-1.3315
46719.25338,0.3714,-0.0958,-0.0888,-0.6012,-0.5408,-1.3541
46719.28354,0.2223,-0.1507,-0.0001,-0.6471,-0.5997,-1.4583
46719.31369,0.1158,-0.2086,-0.0164,-0.5117,-0.6673,-1.1742
46719.34384,0.1741,-0.26,0.0251,-0.2669,-0.8968,-0.7124
46719.37399,0.188,-0.437,0.3786,-0.2451,-0.8179,-0.5503
46719.40417,0.155,-0.067,0.2034,-0.3345,-0.7453,-0.152
46719.43432,0.1147,-0.173,0.0293,-0.3127,-0.7869,0.1568
46719.46447,0.0364,0.2245,-0.1667,-0.0421,-0.6951,0.4702
46719.49463,-0.0883,0.1547,-0.2203,0.363,-0.6362,0.6412
46719.52478,-0.1284,0.0526,-0.2171,0.5955,-0.7397,0.7808
46719.55493,-0.2857,0.1585,-0.1345,0.9237,-0.8116,1.0909
46719.58508,-0.4867,0.093,-0.0082,1.1482,-0.778,1.5171
46719.61526,-0.5741,-0.1171,0.1186,0.8476,-0.5516,1.9003
46719.64541,-0.6862,-0.049,0.1731,1.4156,0.0555,2.2499
46719.67556,-0.4747,-0.4833,0.2127,2.6475,1.5304,6.4734
46719.70572,5.7836,2.2937,-2.1236,-2.2641,0.2853,-1.8602
46719.73587,-3.2692,1.1316,2.1647,2.1663,-0.3242,2.9326
46719.76602,0.1465,-1.8661,1.9234,2.9047,1.4224,3.1594
46719.79617,0.1628,2.0184,0.6048,-0.3888,0.6053,-0.6971
46719.82635,1.4489,-1.5781,-1.3451,3.401,-1.785,1.982
46719.8565,-0.7743,0.8639,-0.4717,-2.6347,0.5916,-0.0669
46719.88665,0.059,-0.1415,0.7419,0.3651,0.4512,-1.2075
46719.9168,-0.0636,0.1324,-0.3099,1.9841,-0.3739,1.503
46719.94695,0.2176,-0.4313,-1.0923,0.2747,-0.4335,0.2479
46719.97711,-0.1573,-0.1606,0.4598,1.4656,-0.1159,0.6305
46720.00726,-0.0007,0.0688,-0.1675,1.1786,-0.187,0.7686
46720.03744,0.0557,-0.2003,0.042,1.0232,-0.4383,0.7644
46720.06759,-0.0416,0.0044,0.0364,0.8141,-0.4433,0.7074
46720.09774,0.029,-0.0139,0.1596,0.5226,-0.3727,0.5738
46720.12789,0.0023,0.0995,0.1929,0.3158,-0.4393,0.4565
46720.15804,0.0602,-0.0684,0.1918,0.3478,-0.5601,0.2824
46720.1882,0.0118,0.0055,0.2055,0.3823,-0.5547,0.0728
46720.21835,0.0492,0.029,0.1333,0.0082,-0.5568,-0.3202
46720.24853,0.0739,0.0813,0.2313,0.2534,-0.5683,-0.5307
46720.27868,-0.055,-0.0527,0.122,0.4681,-0.4534,-0.7927
46720.30883,0.0473,0.0253,0.0399,0.3298,-0.2057,-1.3365
46720.33898,0.0045,0.0454,0.0651,0.1016,0.1125,-1.6414
46720.36914,-0.0234,-0.0384,-0.0994,0.1081,0.4418,-1.5458
46720.39929,-0.0962,-0.0579,-0.161,-0.0505,0.5585,-1.297
46720.42944,0.0151,0.117,-0.0984,-0.0257,0.5402,-1.1389
46720.45962,0.0491,-0.074,0.0584,-0.1367,0.6157,-0.8411
46720.48977,-0.0151,-0.0712,0.0366,-0.4441,0.5234,-0.6989
46720.51992,0.0894,-0.0779,0.1811,-0.6319,0.6431,-0.5805
46720.55007,-0.062,-0.0146,0.1872,-0.8365,0.6903,-0.4596
46720.58023,0.0867,-0.0425,0.104,-0.7946,0.6489,-0.1978
46720.61038,-0.0036,-0.0791,0.0455,-0.7408,0.5763,-0.0753
46720.64053,-0.0339,0.0103,0.072,-0.4758,0.3477,0.0635
46720.67071,-0.037,0.0695,0.0647,-0.2241,0.1554,0.2164
46720.70086,0.0048,-0.0283,-0.0458,0.0194,0.0808,0.3488
46720.73101,-0.0412,0.0322,-0.0528,0.1014,0.1439,0.4328
46720.76116,-0.1118,0.0929,-0.0629,0.465,0.1513,0.5103
46720.79132,-0.0097,0.1621,-0.1378,0.6594,0.0814,0.602
46720.82147,0.0203,0.1045,-0.1835,0.4062,0.0578,0.4742
46720.85165,-0.0124,0.138,-0.1531,0.2194,-0.0424,0.4198
46720.88182,-0.0207,0.1331,-0.141,0.1138,-0.1248,0.357
46720.91197,0.0112,0.0341,-0.1493,0.2976,-0.1455,0.2779
46720.94212,0.0422,0.0327,-0.104,0.4249,-0.1561,0.1742
46720.97227,-0.0139,-0.0765,-0.0181,0.495,-0.0869,0.1556
46721.00242,-0.0234,-0.1159,0.0128,0.3784,0.0252,0.2515
46721.03257,0.0084,-0.0607,0.0243,-0.2609,0.1569,0.349
46721.06276,-0.0359,-0.1052,-0.0105,-0.7141,0.3066,0.311
46721.09291,0.0448,-0.0481,-0.108,-1.546,0.455,0.1132
46721.12306,0.0997,0.1236,-0.2657,-2.5603,0.4208,-0.1269
46721.15321,0.017,-0.0697,-0.0673,-2.3479,0.3981,-0.2466
46721.18336,-0.1647,-0.0956,0.0368,-1.5003,0.3947,-0.0124
46721.21351,-0.2859,-0.0514,0.2472,-1.0925,0.7668,0.1193
46721.24366,-0.1147,-0.0381,0.2969,-1.0002,0.881,0.2326
46721.27385,0.0193,0.0532,0.1826,-0.9603,0.7704,0.4543
46721.304,0.1643,0.0279,-0.0507,-0.8876,0.6206,0.7688
46721.33415,-0.0183,0.098,-0.2291,-0.4427,0.6236,0.9747
46721.3643,0.0236,-0.0634,-0.1477,-0.1091,0.6174,1.0296
46721.39445,0.0197,-0.0355,0.0347,-0.8819,0.3428,0.9614
46721.4246,-0.0366,-0.0626,0.0875,-0.6431,0.1407,1.1409
46721.45475,-0.0054,0.0627,0.0854,-0.32,-0.0291,1.231
46721.48494,-0.0393,0.1919,0.2307,-0.7276,0.1791,1.2224
46721.51509,-0.0335,-0.1049,-0.0318,-0.2464,0.2201,1.2939
46721.54524,-0.0109,-0.0474,-0.0482,0.0127,0.3401,1.2128
46721.57539,-0.0425,0.1201,0.0963,0.1116,0.4123,1.2027
46721.60554,0.0257,0.1258,0.0585,-0.1163,0.3836,1.0268
46721.63569,-0.0099,0.0794,0.076,-0.1647,0.3398,0.7302
46721.66584,0.0839,0.1341,0.021,-0.138,0.2934,0.2796
46721.69603,0.161,0.0874,-0.024,-0.3046,0.2161,-0.1918
46721.72618,0.1336,0.0333,-0.1165,-0.3338,0.1547,-0.4266
46721.75633,0.0358,0.0447,-0.1031,-0.1398,0.0998,-0.4995
46721.78648,0.0399,-0.0255,-0.0181,0.1573,-0.0176,-0.4037
46721.81663,0.0563,0.0836,-0.0795,-0.0833,-0.1853,-0.3775
46721.84678,0.0627,0.0098,-0.0489,-0.4883,-0.3001,-0.335
46721.87693,0.0883,0.0701,-0.1585,-0.269,-0.3908,-0.3493
46721.90712,0.0933,0.0911,-0.1249,0.0352,-0.4733,-0.5228
46721.93727,0.1859,0.0792,-0.1033,-0.1115,-0.7439,-0.6876
46721.96742,0.0863,0.2535,0.0199,-0.1092,-0.8802,-0.7624
46721.99757,0.1594,0.2155,-0.0799,-0.1187,-1.1125,-0.839
46722.02772,0.0344,0.176,0.0192,-0.2299,-1.1999,-0.9393
46722.05788,0.2076,0.1901,0.088,0.1148,-1.3134,-0.991
46722.08803,-0.0078,0.3216,0.1818,0.637,-1.3228,-0.9016
46722.11821,0.1051,0.0976,-0.0151,0.6447,-1.5041,-0.7821
46722.14836,0.1127,0.2502,0.1252,0.6837,-1.3831,-0.7074
46722.17851,0.0801,0.1177,0.2823,0.6167,-1.5143,-0.5095
46722.20866,-0.0002,0.2005,0.0946,0.3657,-1.2882,-0.2782
46722.23881,0.093,0.214,0.2447,0.2412,-1.3307,-0.0583
46722.26897,0.0365,-0.203,0.291,0.1262,-1.2764,0.0607
46722.29912,0.0205,0.0649,0.2129,0.0347,-0.9552,0.1721
46722.3293,-0.0222,0.0478,0.1128,-0.0447,-0.8376,0.2124
46722.35945,0.0156,0.089,-0.0308,-0.0215,-0.7749,0.245
46722.3896,-0.1802,0.174,-0.1678,-0.0089,-0.5347,0.2436
46722.41975,-0.1728,0.009,-0.1067,0.1018,-0.3925,0.309
46722.4499,-0.2546,-0.0635,-0.0807,0.5336,0.0144,0.4976
46722.48006,-0.2446,-0.1006,-0.0863,0.852,0.4512,0.4285
46722.51021,-0.2417,-0.4295,-0.0386,0.8922,0.6806,0.4324
46722.54039,-0.3328,-0.3283,-0.0688,0.8386,0.7164,0.2123
46722.57054,-0.2118,-0.0474,-0.2022,1.7102,0.6769,0.4035
46722.60069,0.0785,0.1912,-0.1759,1.076,0.1931,-0.125
46722.63084,0.2307,-0.0502,0.0039,0.7049,-0.4331,-0.1302
46722.66099,-0.1033,-0.1841,-0.1064,0.4125,-0.5249,-0.2574
46722.69115,-0.1726,-0.1239,-0.0736,0.5945,-0.612,-0.3028
46722.7213,-0.0584,-0.2172,-0.0375,0.5928,-0.569,-0.3484
46722.75148,-0.0601,-0.2111,-0.0512,0.6485,-0.5349,-0.3738
46722.78163,-0.0429,-0.373,-0.0023,0.2753,-0.4655,-0.4219
46722.81178,-0.0598,-0.2901,0.1491,0.2189,-0.3658,-0.4458
46722.84193,0.0231,-0.1705,0.0491,0.4923,-0.3224,-0.4216
46722.87208,-0.0318,-0.1844,-0.0664,0.39,-0.3088,-0.4633
46722.90225,0.0032,-0.1903,-0.0107,0.405,-0.0581,-0.4283
46722.93243,0.0548,-0.2297,-0.1858,0.7105,0.3046,-0.5856
46722.96258,0.1704,-0.1348,-0.0453,0.2948,0.4088,-0.7105
46722.99273,0.2575,-0.061,0.4787,0.1953,0.2875,-1.026
46723.02288,0.257,0.1473,0.1901,0.2565,-0.0796,-0.7934
46723.05303,-0.054,0.0783,-0.0232,0.0082,-0.1505,-0.5536
46723.08318,-0.224,0.1049,-0.0608,0.1362,-0.0671,-0.4939
46723.11334,-0.3787,-0.0003,-0.0005,-0.0575,0.0036,-0.3824
46723.14352,-0.4653,-0.0435,-0.0152,-0.2902,-0.0086,-0.1336
46723.17367,-0.4352,-0.0218,-0.0067,-0.3793,0.0953,0.2168
46723.20382,-0.4203,-0.0649,0.0077,-0.4519,0.3206,0.6077
46723.23397,-0.0914,0.0561,0.0096,-0.9789,0.4112,0.6815
46723.26412,-0.0469,-0.0156,0.0279,-0.9323,0.5189,0.8375
46723.29427,-0.0504,0.0642,-0.0105,-0.766,0.6668,0.9682
46723.32443,1.51,0.1275,0.1219,4.0316,-1.899,-0.5133
46723.35461,-0.2803,-1.0642,-0.1558,-2.7828,1.0666,-0.2518
46723.38476,-0.1324,0.5907,-0.1842,-0.3216,-0.0108,-0.2791
46723.41491,0.0183,0.0371,-0.0308,-0.4574,0.3864,0.0039
46723.44506,-0.1116,-0.0139,-0.0679,-0.102,0.4864,-0.1885
46723.47521,0.2432,0.2493,0.1004,0.2671,-0.1013,-0.4138
46723.50536,-0.2725,0.2773,0.2124,-0.306,0.0973,-0.4901
46723.53552,-0.2286,0.385,0.1409,0.0347,-0.1941,-0.4287
46723.5657,0.0759,0.3145,-0.1745,0.0711,-0.2922,-0.3107
46723.59585,-0.1078,0.2027,-0.0124,0.3731,-0.3112,-0.4056
46723.626,-0.0111,0.0211,0.0089,0.29,-0.1191,-0.4963
46723.65615,0.1208,0.1214,-0.1305,0.2505,-0.0386,-0.516
46723.6863,-0.1217,-0.0032,-0.2426,0.1801,0.0648,-0.6009
46723.71646,-0.1309,-0.128,-0.0871,0.2682,-0.0073,-0.4153
46723.74661,-0.0762,0.0032,-0.1815,0.3995,-0.1354,-0.1904
46723.77679,-0.0758,-0.1128,-0.1027,0.4522,-0.2363,0.0154
46723.80694,-0.0399,-0.0689,-0.0124,0.4314,-0.394,0.1329
46723.83709,-0.0442,-0.0183,0.0508,0.4048,-0.5057,0.2475
46723.86724,-0.0134,0.0243,0.0209,0.386,-0.5019,0.3385
46723.89739,-0.023,0.0159,0.0138,0.2218,-0.4308,0.3559
46723.92754,-0.0033,0.0221,-0.0333,0.1834,-0.2759,0.3784
46723.95769,0.0017,-0.0149,0.0025,0.3269,-0.1259,0.3754
46723.98787,-0.0177,-0.0514,0.0297,0.3888,-0.0191,0.3335
46724.01803,0.0683,0.0023,0.0725,0.4202,0.0334,0.2708
46724.04818,0.1483,-0.0032,0.1587,0.3069,0.1223,0.1537
46724.07833,0.1701,0.1034,0.1094,0.1683,0.2206,0.0912
46724.10848,0.15,0.1708,0.2158,-0.076,0.2829,0.0517
46724.13863,0.1207,0.1327,0.158,-0.2475,0.2146,-0.0089
46724.16878,0.0898,0.0659,0.0576,-0.4123,0.1917,-0.1344
46724.19896,0.0572,0.0844,-0.052,-0.5447,0.2094,-0.3034
46724.22912,0.0163,-0.0571,-0.1336,-0.6971,0.1871,-0.5477
46724.25927,-0.0406,0.0271,0.1131,-0.5461,0.2155,-0.7483
46724.28942,0.001,0.1644,0.2099,-0.16,0.2969,-0.9023
46724.31957,0.0335,0.0557,0.0845,0.0449,0.363,-1.0374
46724.34972,0.0856,0.217,0.0481,0.1197,0.2702,-0.9439
46724.37987,0.0095,0.2261,0.2075,-0.2568,0.1153,-0.4995
46724.41005,0.0107,0.3702,0.1429,-0.2851,-0.0694,0.005
46724.44021,-0.0268,0.2512,0.0828,-0.6029,-0.0967,0.3327
46724.47036,-0.0475,0.3206,0.0589,-0.7961,-0.0741,0.4503
46724.50051,-0.046,0.2347,-0.0754,-0.8443,-0.1107,0.5313
46724.53066,-0.1293,0.217,0.0506,-0.8789,-0.1773,0.6184
46724.56081,-0.2364,0.1021,0.0503,-0.474,-0.2527,0.9104
46724.59096,-0.1398,-0.1332,-0.1646,-0.4031,-0.274,1.1841
46724.62114,-0.0137,-0.2297,-0.3788,-0.423,-0.1464,1.1123
46724.6513,-0.0455,-0.3344,-0.4704,-0.3286,0.2593,1.0695
46724.68145,-0.0763,-0.3676,-0.4137,0.0549,0.4437,1.02
46724.7116,-0.1449,-0.2659,-0.2553,0.3464,0.4265,0.9796
46724.74175,-0.1135,-0.1246,-0.2928,0.564,0.2257,0.8319
46724.7719,-0.1509,-0.057,-0.2058,0.7301,-0.0215,0.781
46724.80205,-0.0787,0.0495,-0.2079,0.7701,-0.218,0.7443
46724.83223,-0.0542,0.1062,-0.1187,0.6148,-0.2724,0.6785
46724.86239,0.0027,0.1329,-0.0328,0.494,-0.2108,0.6563
46724.89255,0.0125,0.1232,0.027,0.4437,-0.1311,0.5927
46724.9227,0.0225,0.0677,0.1072,0.4261,-0.0741,0.5513
46724.95286,0.0454,-0.014,0.1204,0.4561,-0.0625,0.5397
46724.98301,0.0807,-0.1032,0.1397,0.3995,0.0289,0.4965
46725.01316,0.1019,-0.1057,0.1212,0.2937,0.1998,0.3981
46725.04334,0.1118,-0.0631,0.199,0.1236,0.4246,0.2798
46725.07349,0.1041,0.0243,0.1822,-0.0195,0.5257,0.1135
46725.10364,0.0032,0.0477,0.0894,-0.125,0.4846,-0.0623
46725.13379,-0.0544,0.0755,-0.0516,-0.0248,0.4268,-0.1215
46725.16395,-0.0466,0.0704,-0.2649,0.0213,0.2793,-0.1257
46725.1941,-0.1418,0.0505,-0.3266,0.2103,0.0662,-0.1805
46725.22425,-0.1268,0.052,-0.3544,0.4722,-0.1791,-0.259
46725.25443,-0.0952,0.0372,-0.2837,0.5027,-0.3604,-0.332
46725.28458,-0.0939,0.0246,-0.1874,0.522,-0.4219,-0.4063
46725.31473,-0.0181,-0.0298,-0.0246,0.5406,-0.3553,-0.486
46725.34489,-0.0164,-0.0159,0.0463,0.6356,-0.2683,-0.4595
46725.37504,-0.0074,-0.1055,0.1071,0.6601,-0.1162,-0.3856
46725.40519,0.0718,-0.0779,0.1622,0.5326,0.0732,-0.3437
46725.43537,-0.0002,-0.1016,0.2101,0.3505,0.1353,-0.2429
46725.46552,0.0749,-0.0984,0.1495,0.0423,0.1823,-0.1799
46725.49567,0.0517,-0.0329,0.095,-0.1711,0.2169,-0.0858
46725.52582,-0.0065,-0.0485,0.0682,-0.3612,0.1498,0.0279
46725.55598,-0.0071,0.0151,-0.0304,-0.4859,0.0258,0.1359
46725.58613,-0.0736,0.0428,-0.0494,-0.5001,-0.0961,0.1714
46725.61628,-0.0259,0.027,-0.1196,-0.4708,-0.1346,0.1476
46725.64646,-0.0636,0.0477,-0.1122,-0.3953,-0.1336,0.1092
46725.67661,-0.0551,0.0288,-0.1073,-0.3091,-0.1251,0.0495
46725.70676,-0.0611,0.0225,-0.1099,-0.1972,-0.026,0.0086
46725.73691,0.0455,0.1205,-0.1632,-0.1034,-0.0826,-0.0676
46725.76707,-0.1206,-0.0096,0.0997,-0.169,0.0385,-0.085
46725.79722,-0.0083,-0.0441,-0.151,0.1115,-0.0873,-0.1508
46725.82737,-0.1174,0.0444,-0.0833,0.0954,-0.0892,-0.1744
46725.85755,-0.0446,-0.0161,-0.0889,0.1415,-0.1613,-0.1331
46725.8877,-0.0695,-0.0012,-0.1146,0.2102,-0.2218,-0.0789
46725.91786,-0.0667,0.0125,-0.0519,0.1962,-0.2444,-0.0417
46725.94801,0.0153,0.0029,-0.0491,0.206,-0.2164,-0.0757
46725.97816,-0.0901,-0.0938,0.046,0.1305,-0.1373,-0.0314
46726.00831,-0.0052,-0.0919,-0.0771,0.1847,-0.1417,-0.0527
46726.03846,-0.0029,0.0647,0.0119,0.1554,-0.0913,-0.0716
46726.06864,0.0155,-0.0255,0.0302,0.0672,-0.0683,-0.0812
46726.09879,0.026,0.0141,0.0969,0.0484,-0.0503,-0.0543
46726.12895,0.0507,0.0672,0.0603,-0.0593,-0.0431,-0.0897
46726.1591,0.0201,0.038,0.1,-0.1198,-0.0301,-0.0854
46726.18925,-0.0046,-0.0274,0.0614,-0.212,-0.0022,-0.0383
46726.2194,0.0093,-0.0154,-0.0892,-0.2205,-0.0075,-0.0255
46726.24955,0.0055,0.0268,-0.0592,-0.2273,0.0436,0.0059
46726.27973,0.0263,0.0803,-0.0653,-0.2642,0.0672,0.0135
46726.30988,-0.031,0.0431,-0.0141,-0.2568,0.0563,0.0348
46726.34004,0.012,-0.0204,-0.0536,-0.3016,0.1474,0.0162
46726.37019,-0.094,-0.0338,-0.0825,-0.223,0.117,0.0428
46726.40034,-0.1501,-0.2612,-0.3489,-0.17,0.0581,0.1997
46726.43049,-0.2684,0.0353,-0.2408,0.0978,-0.1718,0.2058
46726.46064,0.0955,0.269,-0.0863,0.0805,0.0478,-0.045
46726.49082,0.0386,0.2716,-0.1218,0.1374,-0.0652,-0.1206
46726.52097,-0.0395,-0.065,-0.03,0.2098,-0.1168,0.0448
46726.55112,-0.0037,-0.1344,0.0571,0.2899,-0.2107,0.1341
46726.58128,0.0455,0.0667,-0.0328,0.1617,-0.2269,0.0835
46726.61143,0.0204,0.0306,0.0226,0.218,-0.1294,0.003
46726.64158,0.0889,0.0457,0.0323,0.2658,-0.0056,-0.1789
46726.67173,0.0899,0.1368,-0.0454,0.09,0.1148,-0.3365
46726.70191,-0.0325,0.0797,0.0478,-0.0677,0.1253,-0.3634
46726.73206,-0.0959,0.0153,-0.0085,-0.1109,0.073,-0.3435
46726.76222,-0.1364,0.0024,-0.1602,-0.0455,-0.0705,-0.3199
46726.79237,-0.1342,0.0421,-0.188,0.0824,-0.2454,-0.3007
46726.82252,0.0001,0.0893,-0.2611,-0.0313,0.0253,-0.2806
46726.85267,0.153,0.4287,0.0427,0.0062,0.4979,-0.0631
46726.88282,0.1552,0.3164,-0.2083,0.4244,0.5088,-0.239
46726.913,-0.0992,0.1457,0.3912,0.2182,0.466,-0.2353
46726.94315,0.1529,0.4247,0.2322,0.0938,0.418,-0.3203
46726.9733,-0.1262,0.3666,-0.2496,-0.1095,0.0155,-0.3621
46727.00345,-0.2517,0.2394,-0.2178,-0.1964,-0.5579,-0.3237
46727.03361,-0.2523,0.1857,-0.4183,-0.132,-1.1113,-0.347
46727.06376,-0.2919,-0.0788,-0.3946,-0.3131,-1.4641,-0.3188
46727.09391,-0.2007,-0.1491,-0.3307,0.0797,-1.1456,-0.3138
46727.12409,-0.0226,-0.2893,-0.1927,0.2409,-0.5064,-0.3452
46727.15424,0.0318,-0.4866,-0.0306,0.3378,0.0717,-0.3044
46727.18439,0.1188,-0.5187,0.1009,0.5187,0.3626,-0.164
46727.21454,0.0212,-0.3618,0.2395,0.5002,0.2934,0.305
46727.2447,0.0643,-0.2837,0.2165,0.3744,0.2582,0.7228
46727.27485,0.0947,-0.1897,0.1504,0.2376,0.3365,0.9414
46727.305,0.0402,-0.0432,0.0269,0.0413,0.4815,0.9572
46727.33518,-0.0069,0.0381,-0.0151,-0.223,0.5717,0.9094
46727.36533,0.0119,0.0547,0.0011,-0.4886,0.5254,0.9985
46727.39548,-0.0232,0.1132,-0.0436,-0.6675,0.4112,1.1172
46727.42563,-0.0456,0.0956,0.0331,-0.5123,0.3179,1.0568
46727.45578,-0.0021,0.1186,0.1177,-0.3774,0.3139,0.9286
46727.48594,0.0479,0.1918,-0.0095,-0.2997,0.2807,0.7103
46727.51609,0.0912,0.1663,0.0817,-0.2978,0.2525,0.4491
46727.54627,0.0543,0.0262,-0.0206,-0.1396,0.2343,0.3454
46727.57642,-0.0544,-0.0056,-0.0082,0.0361,0.1438,0.3268
46727.60657,-0.0234,-0.0393,-0.1046,0.228,-0.0196,0.3515
46727.63672,-0.0244,0.0215,-0.1,0.271,-0.1488,0.3249
46727.66688,0.0041,0.0625,-0.0512,0.3784,-0.1292,0.1776
46727.69703,0.061,0.0944,-0.0266,0.408,-0.107,0.0345
46727.72721,0.0699,0.0641,-0.0435,0.421,-0.1392,-0.124
46727.75736,0.0112,0.0418,0.0512,0.3994,-0.1341,-0.2299
46727.78751,0.0218,0.063,0.0225,0.3729,-0.2076,-0.2359
46727.81766,-0.0009,-0.0916,-0.0076,0.2857,-0.2033,-0.1889
46727.84781,0.0066,-0.0293,0.0043,0.255,-0.2002,-0.1429
46727.87797,0.0602,-0.0517,0.0955,-0.0085,-0.1281,-0.1983
46727.90811,0.0276,-0.0735,0.141,-0.2258,-0.1073,-0.2787
46727.93829,-0.0221,-0.1051,0.1013,-0.2369,-0.0516,-0.3082
46727.96845,-0.0341,-0.1269,0.0818,-0.329,0.0451,-0.1536
46727.9986,-0.0372,-0.0743,-0.0411,-0.3484,0.1388,0.0664
46728.02875,-0.0661,-0.019,-0.0918,-0.3337,0.1874,0.1395
46728.0589,-0.0898,0.1144,-0.1686,-0.3638,0.1554,0.1595
46728.08905,-0.3206,-0.2664,-0.1445,-0.2565,-0.124,0.1747
46728.1192,-0.1245,-0.0907,-0.4655,0.3767,-0.1279,0.3081
46728.14938,0.1443,0.3274,0.0663,-0.3097,0.0656,0.1215
46728.17954,0.0792,-0.0998,-0.0029,-0.0028,-0.0127,0.1245
46728.20969,-0.1433,-0.0193,-0.2601,0.5555,-0.1854,0.1549
46728.23984,-0.0385,0.0752,-0.0166,0.3453,-0.0238,0.0949
46728.26999,0.017,0.0686,-0.1174,0.4931,-0.1531,0.1647
46728.30014,-0.0543,-0.0147,-0.0019,0.3755,-0.2536,0.09
46728.33029,-0.0451,0.0336,0.0321,0.4567,-0.2358,0.101
46728.36047,0.0003,0.0499,-0.0521,0.4493,-0.3104,0.0801
46728.39063,0.0018,-0.0005,0.0145,0.3577,-0.2814,-0.0428
46728.42078,-0.0005,-0.0205,-0.0134,0.3932,-0.231,-0.113
46728.45093,0.0009,-0.0555,-0.0143,0.2762,-0.2153,-0.1312
46728.48108,0.0004,-0.0009,0.0604,0.1602,-0.215,-0.0929
46728.51123,0.0107,0.0136,0.0082,0.1076,-0.1734,-0.0509
46728.54138,0.0044,-0.0246,-0.0093,0.0201,-0.1135,0.0018
46728.57156,-0.01,-0.0344,-0.0029,-0.0336,-0.0588,0.0086
46728.60172,-0.0089,-0.0107,0.0118,-0.1047,-0.0371,-0.0052
46728.63187,-0.0046,0.0079,0.0159,-0.1785,-0.0569,-0.0119
46728.66202,-0.0116,0.0164,-0.0485,-0.1559,-0.0367,-0.0256
46728.69217,-0.0326,-0.0107,-0.0446,-0.1933,-0.0407,-0.0321
46728.72232,-0.0395,-0.0069,-0.0308,-0.2276,-0.0587,-0.0312
46728.75247,-0.0126,0.0487,-0.0136,-0.1735,-0.0683,-0.0794
46728.78265,-0.0071,-0.0275,-0.0297,-0.1462,-0.0731,-0.1852
46728.81281,0.0146,-0.0186,-0.025,-0.1252,0.0041,-0.2445
46728.84296,-0.0006,-0.0438,-0.048,-0.159,0.0946,-0.1712
46728.87311,-0.0338,-0.059,0.0147,-0.163,0.0777,-0.0333
46728.90328,-0.0378,-0.0814,-0.0057,-0.1715,0.1291,0.1082
46728.93343,0.0019,0.0492,-0.0163,-0.2561,0.0932,0.1196
46728.96358,-0.0453,-0.0023,-0.0204,-0.37,0.1121,0.0854
46728.99376,-0.0388,0.031,-0.0973,-0.2801,0.066,0.0477
46729.02391,-0.0636,0.0011,-0.1554,-0.2308,0.0925,0.0373
46729.05406,-0.0753,0.0189,-0.1101,-0.1767,0.0654,0.0639
46729.08421,-0.1601,0.0051,-0.1208,-0.2689,0.0999,0.0769
46729.11437,-0.1462,-0.0768,-0.2919,0.1211,-0.0107,0.2124
46729.14452,0.0243,0.1951,-0.0548,0.1284,0.0804,0.1532
46729.17467,0.0344,0.0583,-0.1526,0.0607,0.0525,0.0652
46729.20485,-0.0459,-0.026,-0.0387,0.1457,-0.0297,-0.0038
46729.235,-0.0178,-0.0134,0.0301,0.0998,0.0584,-0.0577
46729.26515,-0.0228,0.0271,-0.0725,0.0831,-0.008,-0.0123
46729.2953,-0.0452,-0.0338,-0.0361,0.0667,0.0259,0.05
46729.32546,-0.0076,0.0392,-0.0247,0.1168,0.0267,0.0437
46729.35561,0.0162,0.0237,0.0232,0.1115,0.0583,-0.0406
46729.38576,-0.012,-0.0445,-0.0168,0.138,-0.0225,-0.1257
46729.41594,-0.0386,-0.1059,0.0131,0.0947,-0.0023,-0.0721
46729.44609,-0.0491,-0.1062,-0.0285,0.1392,0.0286,0.064
46729.47624,0.0111,0.0348,0.0029,0.0954,0.097,0.0987
46729.50639,0.038,0.0901,-0.0129,-0.0222,0.1588,0.0445
46729.53655,0.0168,0.1024,-0.0147,-0.0942,0.1384,-0.0595
46729.5667,0.019,0.0866,-0.0403,-0.0725,0.1222,-0.2126
46729.59685,-0.011,0.0074,-0.032,-0.2149,0.1812,-0.3118
46729.62703,0.1162,-0.0493,-0.1365,-0.2417,-0.2203,-0.4635
46729.65718,0.1568,-0.1208,0.2906,-1.3586,0.2876,-0.8997
46729.68733,0.1011,-0.0565,0.0689,-0.7696,0.3003,-0.6539
46729.71748,0.0229,-0.1052,0.2326,-0.4663,0.4837,-0.4885
46729.74764,0.1038,0.0163,0.2234,-0.2746,0.6263,-0.3962
46729.77779,0.1174,0.1132,0.1222,-0.6006,0.8853,-0.3947
46729.80794,0.0079,-0.0241,0.147,-0.6554,0.9917,-0.302
46729.83812,-0.192,0.1364,0.3035,-0.4614,0.6391,0.0732
46729.86827,-0.1081,-0.0003,-0.2669,-0.765,0.6165,0.1678
46729.89843,0.0783,-0.0388,-0.3256,-0.8207,0.5723,-0.0604
46729.92858,-0.0829,-0.0515,-0.2754,-0.813,0.4984,-0.0364
46729.95873,-0.1975,-0.0102,-0.2727,-0.7498,0.3869,0.1511
46729.98888,-0.1394,-0.0724,-0.2696,-0.7321,0.1336,0.3332
46730.01907,-0.2439,0.0129,-0.1895,-0.7536,-0.1759,0.4774
46730.04922,-0.0655,0.0121,-0.3369,-0.6284,-0.2764,0.3945
46730.07937,-0.0776,-0.1038,-0.3089,-0.2863,-0.2806,0.1318
46730.10952,-0.0418,0.013,-0.1716,0.0206,-0.2976,-0.1054
46730.13967,0.0286,0.0251,0.022,0.0225,-0.2851,-0.2176
46730.16982,0.0028,0.022,0.1685,-0.0782,-0.3589,-0.1285
46730.19998,0.1014,0.0133,0.1095,-0.2738,-0.3491,-0.0206
46730.23016,0.0828,-0.0062,0.1035,-0.4282,-0.2005,0.0798
46730.26031,0.0646,-0.0121,-0.0178,-0.7354,-0.1479,0.0969
46730.29046,-0.2514,0.0591,-0.0631,-0.1435,-0.026,0.1349
46730.32061,-0.1552,0.0964,-0.1433,0.1098,-0.42,0.2585
46730.35076,0.0633,-0.0401,-0.177,0.2063,-0.437,0.1783
46730.38091,-0.0722,0.1121,-0.0505,0.4009,-0.4296,0.046
46730.41107,0.0982,-0.0011,0.0756,0.4701,-0.3051,-0.0963
46730.44125,0.083,0.0799,0.0715,0.3468,-0.016,-0.1243
46730.4714,0.1349,0.0592,0.1726,0.2853,0.0835,-0.099
46730.50155,0.0987,0.0363,0.0709,0.1852,0.1506,-0.0099
46730.5317,0.0701,0.0462,0.1365,0.1526,0.172,0.0191
46730.56185,0.1174,-0.0112,0.1896,0.0205,0.338,0.0362
46730.592,0.0688,0.1199,-0.021,0.1502,0.1375,0.0595
46730.62216,-0.0698,-0.0384,0.1018,0.108,0.0021,0.0606
46730.65234,0.0454,-0.1359,0.0818,0.0823,0.0879,0.0312
46730.68249,-0.0689,0.0873,-0.1462,0.1012,0.0544,0.0781
46730.71264,-0.0129,0.0121,-0.0802,0.1062,0.0277,0.0629
46730.74279,-0.0198,0.0574,-0.042,0.1408,0.0133,-0.0409
46730.77294,-0.0436,0.1373,-0.1627,0.2299,-0.0752,-0.1388
46730.80309,-0.1645,-0.069,-0.1953,0.3309,-0.1933,-0.1032
46730.83325,0.0425,-0.0623,-0.2105,0.618,-0.3491,-0.0056
46730.86343,-0.0349,0.0587,0.198,0.3794,-0.2561,-0.0095
46730.89358,0.1545,0.0132,0.1609,0.1767,-0.1921,-0.0178
46730.92373,0.0561,-0.0612,0.0743,0.3296,-0.0353,-0.0988
46730.95388,0.1312,0.1974,0.0938,0.6739,0.4337,-0.2039
46730.98403,-0.0022,-0.032,-0.142,0.9413,0.4532,-0.273
46731.01418,0.0488,-0.0024,-0.0642,2.124,0.4721,-0.6029
46731.04433,0.0355,0.157,-0.3542,3.0731,0.3263,-1.0488
46731.07451,-0.0252,-0.1908,-0.3311,3.3041,-0.2637,-1.1459
46731.10467,-0.1726,-0.0782,-0.1191,3.2038,-0.7546,-0.9754
