44961.52068,0.1142,0.1109,-0.7608,-0.2438,-0.0228,0.3819
44961.55087,0.1237,-0.2613,-0.233,-0.1742,-0.1355,0.578
44961.58102,0.0459,-0.096,0.0304,-0.7507,-0.1401,0.5665
44961.61117,-0.1522,-0.2193,0.2315,-0.6663,-0.2845,0.5409
44961.64132,-0.0242,-0.0301,-0.1696,-0.5174,-0.287,0.4812
44961.67147,0.0754,-0.0704,-0.0953,-0.4672,-0.2139,0.5438
44961.70165,0.1336,-0.2498,0.3695,-0.9544,-0.373,0.3966
44961.7318,0.0975,-0.1658,0.0085,-1.0929,-0.2169,0.1398
44961.76196,-0.2323,-0.1457,-0.0853,-1.0585,-0.2792,-0.1687
44961.79211,-0.0941,0.1523,-0.3709,-0.7178,-0.1828,0.04
44961.82226,-0.1389,0.4529,-0.1667,-1.3151,-0.5694,-0.0236
44961.85241,0.0547,-0.1566,-0.2942,-0.1389,-0.1624,0.4259
44961.88259,0.1449,0.1879,0.1848,-0.532,-0.4672,0.2766
44961.91274,-0.0386,-0.0046,-0.0345,-0.6678,-0.471,0.1341
44961.94289,0.1324,-0.1125,0.0518,-1.3288,-0.4383,-0.1349
44961.97305,-0.003,0.0837,-0.2671,-1.0367,-0.4884,-0.197
44962.0032,-0.0945,-0.1071,0.2429,-0.5477,-0.4611,0.3408
44962.03335,-0.1764,0.238,-0.2685,-0.2701,-0.2796,0.4762
44962.06353,-0.0147,0.182,-0.1524,0.0443,-0.151,0.3492
44962.09368,-0.0632,0.1104,-0.2438,0.3051,0.0409,0.2109
44962.12383,-0.0004,0.0709,-0.0314,0.4484,0.0389,0.0838
44962.15398,-0.0956,-0.0987,-0.1748,0.2018,0.0094,-0.304
44962.18413,0.0283,-0.0309,0.1155,0.0194,-0.1459,-0.4294
44962.21432,0.0539,0.0262,0.0525,-0.4716,-0.2117,-0.4658
44962.24447,-0.075,-0.1489,0.006,-1.2448,-0.3354,-0.2613
44962.27462,0.1512,0.1965,-0.4047,-1.5741,-0.3753,-0.1241
44962.30477,-0.0396,0.3277,-0.4819,-0.2727,-0.1385,0.1286
44962.33492,-0.0427,-0.1477,0.0097,-0.0855,-0.1486,0.0721
44962.36507,0.2359,-0.1558,0.177,-0.4929,-0.3211,-0.0495
44962.39526,0.1967,-0.2008,-0.0771,-0.8112,-0.423,-0.2422
44962.42541,0.1056,0.0103,-0.7998,-0.8508,-0.3589,0.1176
44962.45556,-0.0769,0.0377,-0.5256,-0.4083,-0.2872,0.2695
44962.48571,-0.0901,0.1074,-0.3352,-0.0109,-0.2333,0.7208
44962.51586,0.1243,0.2087,-0.3485,0.16,-0.3972,0.8438
44962.54601,0.2212,-0.082,-0.043,-0.2815,-0.4862,0.3955
44962.57619,-0.0688,0.0118,0.2981,-0.2076,-0.2727,0.0164
44962.60635,-0.3609,0.095,0.269,0.13,-0.1963,0.3479
44962.6365,0.1729,0.0938,0.2145,-0.0535,-0.2399,0.4479
44962.66665,-0.1554,0.1427,0.3056,-0.383,-0.1994,-0.1169
44962.6968,-0.1265,0.0542,-0.2221,-0.2725,-0.0196,0.0728
44962.72695,0.2046,0.1715,-0.2873,0.0746,0.0658,-0.0031
44962.75713,-0.038,0.041,0.1315,0.2283,-0.0169,-0.5501
44962.78728,-0.1438,-0.1346,0.2137,0.6988,0.216,-0.2419
44962.81744,-0.0756,0.1433,0.1226,0.1715,0.0356,-0.5316
44962.84759,-0.1153,0.0781,-0.0297,0.4011,-0.0335,-0.412
44962.87774,0.1434,0.1531,0.0296,0.1413,-0.3962,-0.2985
44962.90792,0.1167,-0.0941,-0.0145,-0.321,-0.3983,-0.2831
44962.93807,-0.3038,0.1542,-0.045,0.0533,-0.0931,-0.3541
44962.96822,0.113,-0.0274,0.2917,0.6891,0.1123,-0.2191
44962.99838,0.0641,-0.037,0.5461,0.0245,0.0714,-0.3379
44963.02854,0.0303,0.0466,0.2934,-0.6639,-0.1615,-0.4871
44963.05869,0.0274,0.1613,-0.0732,0.374,-0.0707,-0.0958
44963.08887,0.1796,-0.1906,0.0872,0.5969,-0.0415,0.1753
44963.11902,-0.0874,-0.1113,-0.0836,0.5512,0.0987,0.0095
44963.14917,0.1783,-0.3408,0.6392,0.2162,0.0926,-0.1279
44963.17932,0.0543,-0.0232,-0.1274,-0.0899,-0.0367,-0.3913
44963.20948,-0.1397,-0.0825,-0.4085,-0.2284,-0.0437,-0.0257
44963.23963,-0.0469,-0.0738,-0.3852,0.4369,-0.049,0.4735
44963.26981,0.2211,-0.2423,-0.0363,0.2608,-0.1909,0.5781
44963.29996,0.162,-0.3616,0.0229,0.0007,0.0493,0.2833
44963.33011,0.1286,-0.1096,0.0895,-0.8725,0.1404,0.0454
44963.36026,0.0393,-0.0563,-0.3305,-0.7079,0.017,0.0265
44963.39041,-0.1345,0.0702,0.1192,-0.2429,-0.0892,0.5707
44963.4206,0.2018,0.1194,-0.0252,-0.1143,-0.1265,0.6337
44963.45075,-0.2207,-0.022,-0.2057,-0.6698,-0.1229,0.1496
44963.4809,-0.3606,0.2647,-0.2401,-0.4949,-0.2238,0.2731
44963.51105,0.1967,0.1338,0.0241,-0.3685,-0.1699,0.2609
44963.5412,0.0438,0.0971,0.108,-0.1819,0.0982,-0.0449
44963.57135,0.0918,-0.1162,0.2667,-1.4023,-0.0918,-0.479
44963.60153,-0.1494,-0.0701,-0.4087,-0.9841,-0.0777,-0.3361
44963.63169,-0.1283,0.1819,-0.4991,0.0388,0.0618,0.1465
44963.66184,-0.1729,-0.0205,-0.0924,-0.0544,-0.0605,0.1262
44963.69199,0.0485,0.0508,-0.043,0.2312,-0.0599,0.164
44963.72214,0.1413,-0.0348,0.3506,-0.0904,-0.222,-0.1456
44963.75229,0.1108,-0.062,0.2826,-0.5267,-0.5363,-0.4277
44963.78247,-0.0502,0.0518,-0.2165,0.0169,-0.4617,0.0196
44963.81262,0.1167,-0.0994,0.1718,0.0797,-0.4431,0.2412
44963.84278,-0.0034,-0.2221,0.0339,0.2324,-0.3055,0.144
44963.87293,-0.0763,-0.0667,-0.2232,-0.1054,-0.3289,0.2226
44963.90308,0.0556,0.0501,-0.1142,0.6074,-0.1048,0.3835
44963.93323,0.0593,-0.115,0.4018,0.709,-0.0951,0.1377
44963.96341,-0.012,0.1536,0.2658,0.0267,-0.1477,0.1706
44963.99357,0.0156,0.4357,-0.1291,-0.1394,-0.2368,0.2093
44964.02372,0.1213,-0.1573,-0.0473,0.179,-0.0728,0.2024
44964.05387,0.0357,-0.153,0.0544,0.3276,0.0174,0.0204
44964.08402,-0.1809,0.2025,-0.2244,0.4295,0.1808,-0.0542
44964.11421,-0.1394,0.0321,-0.0743,0.5331,0.1206,-0.0578
44964.14436,0.0504,0.1925,0.2173,0.0512,-0.0329,-0.2585
44964.17451,0.1535,0.0529,0.1485,0.1549,-0.0572,-0.374
44964.20466,-0.0085,-0.0817,-0.0211,0.2488,-0.0053,-0.212
44964.23481,-0.1185,-0.173,0.1164,-0.2172,-0.1424,-0.1377
44964.26496,0.0322,0.0638,-0.0681,-1.3896,-0.4531,-0.1084
44964.29514,0.2242,-0.1244,0.0938,-1.3836,-0.3319,-0.362
44964.3253,-0.2401,-0.2454,0.0197,-0.9735,-0.026,-0.5699
44964.35545,-0.0473,0.3668,-0.222,0.1714,0.0009,0.2083
44964.3856,0.0822,0.0665,-0.0153,-0.1487,-0.2353,0.3077
44964.41575,0.1878,-0.0915,0.1153,-0.3373,-0.1926,0.1195
44964.4459,0.1289,0.0217,-0.2716,-0.8509,-0.1878,-0.2426
44964.47608,0.1551,-0.4139,-0.4217,-0.4481,-0.2624,-0.2416
44964.50623,-0.1468,-0.2059,-0.105,0.2042,0.0582,-0.0843
44964.53639,-0.0853,0.178,0.0141,0.3109,0.1023,0.4456
44964.56654,0.0674,0.0894,-0.0104,0.5175,0.1572,0.227
44964.59669,-0.0822,-0.0307,0.0275,0.6533,0.4294,-0.0093
44964.62687,-0.2248,0.3815,-0.0128,1.1301,0.7347,-0.0075
44964.65702,0.0398,0.2723,0.2797,0.6858,0.4576,-0.2625
44964.68717,-0.0427,0.1205,0.1859,1.0746,0.388,-0.0273
44964.71733,0.0912,0.0361,0.221,1.2252,0.3349,-0.0136
44964.74748,-0.1236,0.1475,-0.0162,0.7053,0.1371,0.0656
44964.77763,0.1319,-0.1327,0.1758,0.9763,0.1273,-0.0999
44964.80781,-0.0313,-0.3121,0.1042,1.1749,0.2096,-0.2574
44964.83796,0.1618,0.1063,-0.0919,1.0632,0.0378,-0.2021
44964.86811,0.0489,-0.2564,0.1915,0.8681,-0.0113,-0.392
44964.89826,0.0454,-0.1615,0.0204,-0.1038,-0.2172,-0.3691
44964.92842,0.1352,-0.0461,-0.31,0.1758,-0.0738,0.1992
44964.95857,0.1651,0.1797,0.3781,0.1265,-0.0435,0.0047
44964.98874,0.4804,-0.5608,0.4804,0.7221,0.0368,0.0424
44965.01889,0.4046,-0.6637,-0.0008,-1.3784,-0.5168,-0.019
44965.04904,0.0652,-0.324,-0.2171,-1.3441,-0.1699,0.6553
44965.07919,0.3138,-0.4463,-0.2076,0.0089,0.3151,0.7997
44965.10934,0.1478,-0.0967,0.0701,-0.6515,0.1714,0.7133
44965.13953,0.1705,0.0579,0.1715,-1.2266,0.0269,0.3585
44965.16968,0.0702,-0.0517,0.2042,-1.0913,-0.0614,0.3623
44965.19983,0.07,-0.2412,0.2919,-0.6361,0.1899,0.4803
44965.22998,0.2833,-0.0442,-0.0146,-0.4933,0.5069,0.2454
44965.26013,0.0712,0.2009,-0.0525,-1.5551,-0.2062,-0.1805
44965.29028,0.0749,-0.3062,0.3791,-1.0946,-0.1608,0.0589
44965.32047,0.2989,-0.044,0.1454,-1.3979,-0.3144,0.0713
44965.35062,0.0667,-0.316,-0.1831,-1.3252,-0.3349,0.2295
44965.38077,0.0893,0.0613,0.1303,-0.9689,0.1015,0.0204
44965.41092,0.0765,0.1503,-0.0955,-0.836,0.1331,0.1695
44965.44107,-0.0258,0.021,0.1917,-0.6278,0.0457,0.3124
44965.47122,0.3315,-0.0098,0.0823,-0.6178,-0.035,0.0733
44965.5014,-0.3008,0.1507,-0.0904,-0.727,-0.2417,0.0663
44965.53156,0.4537,0.3174,-0.1624,0.142,-0.0415,0.179
44965.56171,0.0838,-0.183,-0.053,-0.3593,-0.3632,0.2498
44965.59186,0.1769,-0.39,-0.116,-0.03,-0.3737,0.3229
44965.62201,-0.1791,-0.12,-0.2653,0.1382,-0.5671,0.3655
44965.65216,-0.0239,-0.1268,-0.1694,-0.114,-0.7887,0.3132
44965.68234,0.0818,-0.3513,0.0435,-0.4441,-1.1052,0.2773
44965.71249,0.1225,-0.2107,0.0395,0.0325,-1.0173,0.3641
44965.74265,0.1243,-0.2355,0.2584,-0.4105,-1.0945,0.0806
44965.7728,0.2564,-0.4376,0.1229,-0.5256,-1.1156,0.1317
44965.80295,0.4613,-0.1357,0.148,-0.4232,-0.2939,-0.0107
44965.83313,-0.2443,0.2278,0.2795,-0.8458,0.4623,0.1334
44965.86328,-0.3877,0.169,-0.2521,-0.1008,0.4351,0.6582
44965.89343,-0.0171,0.0787,0.0374,-0.14,1.0591,0.6393
44965.92358,-0.4007,0.1302,0.0027,-0.1372,0.7575,0.3675
44965.95374,-0.2173,0.3237,-0.3154,0.9349,0.3877,-0.0467
44965.98389,-0.1194,0.0018,-0.0146,1.0117,1.0356,-0.5306
44966.01409,0.0225,-0.2841,0.1524,0.5699,0.9932,-0.9272
44966.04424,-0.1569,0.3081,0.0295,0.0778,1.4456,-1.3127
44966.07439,0.0517,0.1119,0.1034,0.2291,1.6134,-1.2727
44966.10454,0.2152,0.058,0.2276,0.2295,1.4363,-1.1479
44966.13469,0.1111,-0.0615,0.2569,0.616,1.1775,-0.8872
44966.16485,0.1403,0.1577,0.2459,0.5459,0.8773,-0.6553
44966.19503,0.1468,-0.2356,0.1822,0.2625,0.547,-0.3983
44966.22518,-0.0032,0.0291,0.1797,0.3201,0.6177,-0.3142
44966.25533,0.1201,-0.0929,0.0668,0.2039,0.8123,-0.0883
44966.28548,0.1834,-0.055,-0.1032,0.3565,1.1803,-0.1303
44966.31563,-0.1799,0.0679,0.0219,0.4819,1.4903,-0.0968
44966.34578,-0.0088,0.1,0.2309,0.3945,1.1577,0.1979
44966.37597,0.0251,0.1575,0.2615,-0.124,0.8344,0.2034
44966.40612,-0.2171,0.1304,-0.0966,0.0604,0.8301,0.2378
44966.43627,-0.0202,0.1628,-0.0254,0.3109,0.9697,0.0991
44966.46642,-0.0892,0.071,-0.0448,0.3715,0.8963,0.0077
44966.49657,-0.1322,0.1041,-0.0846,0.9633,0.8408,0.068
44966.52675,-0.0448,-0.0577,-0.0102,0.6758,0.6819,0.0685
44966.55691,-0.142,0.054,-0.2263,0.7557,0.6771,0.0889
44966.58706,0.0086,0.2449,-0.1578,1.029,0.9803,0.083
44966.61721,-0.0503,-0.0173,0.0198,0.5207,0.8176,0.0105
44966.64736,-0.1681,-0.0674,-0.1016,0.2765,0.6234,0.0013
44966.67751,0.0621,-0.1188,-0.1149,0.3222,0.8424,0.1217
44966.70769,0.1049,-0.0026,-0.1066,0.3475,1.0224,0.015
44966.73784,0.1513,-0.0575,0.1332,-0.1023,0.655,0.0192
44966.768,-0.0515,-0.0179,0.0099,0.2075,0.6679,-0.0691
44966.79815,-0.0733,0.2163,0.1012,0.2319,0.7283,-0.013
44966.8283,-0.1366,0.0408,0.0964,0.0447,0.6049,-0.1083
44966.85845,0.0155,0.2231,0.0857,0.2898,0.5585,-0.2227
44966.88863,-0.0998,0.0764,0.1099,0.206,0.6896,-0.2807
44966.91878,-0.1648,-0.0233,-0.0161,0.4858,0.8601,-0.0887
44966.94893,-0.0333,0.1014,-0.1096,0.9289,1.1142,-0.0798
44966.97908,0.1135,-0.055,0.0034,0.746,1.2318,-0.1198
44967.00923,-0.0974,-0.1207,0.023,0.7343,1.1397,-0.0766
44967.03938,-0.0456,-0.0284,0.018,1.0862,0.8952,-0.0192
44967.06956,0.0412,-0.0162,0.167,0.5511,0.5786,0.1189
44967.09971,0.0225,-0.0525,-0.0708,0.2005,0.4196,0.3558
44967.12986,0.0536,-0.0338,-0.0269,0.2103,0.3721,0.5951
44967.16002,0.0253,0.235,-0.0362,0.08,0.2114,0.7616
44967.19017,-0.1006,0.3772,0.0015,0.2837,0.2603,0.6457
44967.22032,-0.1935,0.0025,-0.0401,0.1952,0.2257,0.4442
44967.2505,-0.232,0.24,0.0343,0.3415,0.0523,0.2367
44967.28065,0.0283,0.0852,0.0896,-0.1498,-0.1651,0.3499
44967.3108,0.0872,-0.2057,0.0584,-0.6734,-0.3597,0.6013
44967.34095,0.1208,-0.3675,0.1216,-0.7425,-0.3432,0.9137
44967.37111,-0.1218,-0.1148,0.001,-0.381,-0.4232,1.2996
44967.40126,-0.0176,0.1693,0.0962,0.0769,-0.4253,1.2767
44967.43144,-0.0311,0.5115,0.1681,-0.1831,-0.8587,0.9469
44967.46159,-0.0981,0.2101,0.0432,-0.3906,-0.833,0.5949
44967.49174,-0.366,-0.0524,-0.0139,0.0267,-0.4905,0.1745
44967.52189,0.1204,-0.4052,-0.1826,-0.0454,-0.4505,-0.1794
44967.55204,0.4397,-0.5353,0.0131,0.0087,0.1423,-0.2262
44967.58223,0.1985,-0.3995,0.1884,-0.3912,0.351,0.1578
44967.61238,0.2198,0.0016,0.2148,-0.967,0.2499,0.3648
44967.64253,-0.0912,0.5416,0.22,-0.99,0.3706,0.0459
44967.67268,-0.2924,0.5741,-0.0001,-0.6505,0.5766,-0.5147
44967.70283,-0.084,0.4455,0.0447,-0.1584,0.824,-1.1369
44967.73298,-0.2338,0.0085,-0.073,0.5119,0.8607,-1.2074
44967.76316,0.0723,0.179,0.2102,0.8316,0.6246,-0.9275
44967.79332,-0.0217,-0.2839,0.099,0.4316,0.5521,-0.4814
44967.82347,0.0622,-0.4227,0.011,0.3745,0.3226,-0.4672
44967.85362,0.1796,-0.1868,0.1462,-0.0466,0.0975,-0.3582
44967.88377,0.0617,0.0157,-0.0909,-0.2534,-0.1544,-0.3956
44967.91392,-0.0583,-0.0274,-0.1428,0.0911,-0.3595,-0.478
44967.9441,-0.0395,0.2276,-0.0392,0.3089,-0.4492,-0.6527
44967.97425,-0.1817,0.2612,-0.0527,0.3623,-0.3863,-0.834
44968.00441,-0.1552,0.1553,-0.0563,0.4609,-0.331,-0.8634
44968.03456,0.0513,0.0124,-0.0394,0.7514,-0.2977,-0.7762
44968.06471,0.1184,-0.0205,0.0971,0.4012,-0.4215,-0.5305
44968.09486,0.1204,-0.2812,0.0529,0.3046,-0.8883,-0.2956
44968.12504,0.1808,-0.1016,0.1586,-0.3317,-1.0619,-0.3886
44968.15519,0.0512,-0.1273,0.156,-0.421,-1.3524,-0.501
44968.18535,0.233,-0.1098,0.1145,-0.8964,-1.9727,-0.5073
44968.2155,0.5243,0.0857,0.2331,-0.2787,-1.995,-0.1623
44968.24565,0.7768,-0.3393,0.4615,-1.764,-0.8853,-0.2351
44968.2758,0.3739,0.0883,0.1538,2.8894,0.6693,0.0659
44968.30598,0.0442,0.2534,-0.0781,6.6524,1.4523,-0.2336
44968.33613,-0.5011,0.0052,-0.2549,3.5772,1.1313,0.1216
44968.36628,-0.8114,0.1884,-0.5638,6.2087,1.4269,-0.6044
44968.39644,-0.8096,0.1669,-0.5216,4.913,1.0164,-0.7535
44968.42659,-0.6461,-0.0494,-0.4128,3.9531,0.6902,-0.8139
44968.45674,-0.7684,-0.008,-0.5149,4.7279,0.9368,-0.6923
44968.48692,-0.6605,0.2572,-0.1409,5.4454,0.8423,-0.8087
44968.51707,-0.265,-0.0226,-0.1726,3.2292,0.4276,-0.9633
44968.54722,0.0214,-0.0344,0.4344,1.0922,0.336,-0.9261
44968.57737,0.0935,-1.1959,0.3382,-0.0691,0.915,-0.2473
44968.60753,0.0539,-0.095,0.2619,-0.4855,1.0218,-0.2738
44968.63768,0.646,0.0287,-0.1582,1.6777,0.6169,0.1431
44968.66786,0.627,-0.0989,0.4729,-4.0766,0.5218,-1.2586
44968.69801,-0.1505,0.4166,0.1397,-3.9049,0.4508,-0.6343
44968.72816,-0.1422,0.2152,0.0887,-1.1868,0.465,-0.2104
44968.75831,0.0934,0.0341,-0.0046,-0.7792,0.2723,-0.2637
44968.78846,0.0809,-0.0427,-0.2331,-0.12,0.0493,-0.4485
44968.81861,-0.0965,0.0753,0.1064,0.2518,0.0794,-0.2627
44968.8488,0.0587,0.1267,0.1759,0.7612,0.1905,0.0243
44968.87895,0.0099,-0.0354,0.0895,2.0268,0.3552,0.3844
44968.9091,0.0238,-0.2481,-0.1588,1.6207,0.3696,0.2685
44968.93925,0.0805,-0.0899,0.1168,0.8002,0.0554,0.4009
44968.9694,0.0428,-0.0305,0.1949,1.4806,0.3442,0.5034
44968.99957,0.0444,-0.012,-0.0748,0.3232,-0.1488,0.6159
44969.02976,-0.0047,0.0645,-0.1473,0.2815,-0.5338,0.7381
44969.05991,0.2676,-0.3185,0.3113,0.5124,-0.2385,0.8155
44969.09006,-0.1479,0.1794,0.0599,0.1854,-0.2469,0.8664
44969.12021,0.2342,-0.0903,0.025,0.1121,-0.0388,1.1117
44969.15036,-0.1298,-0.0804,-0.0341,-1.0352,-0.0246,1.4109
44969.18054,0.1724,-0.0703,-0.1524,-1.2087,-0.3843,1.4925
44969.21069,-0.019,-0.1667,0.067,-0.8982,-0.3015,1.3501
44969.24085,-0.0919,0.3418,-0.0617,-0.182,-0.4854,0.8556
44969.271,0.0074,-0.1163,0.1296,-0.0888,-0.5886,1.0549
44969.30115,-0.0477,0.0408,-0.0072,-1.9234,-0.8612,0.781
44969.3313,-0.129,0.3938,-0.0028,0.3147,-0.497,0.9684
44969.36148,-0.0409,-0.0677,0.0439,0.2202,-0.2443,0.767
44969.39163,-0.0373,-0.0872,0.0774,-1.4365,-0.3837,0.5809
44969.42178,-0.06,0.1891,0.0303,-1.3469,-0.3396,0.4701
44969.45194,-0.0369,0.0782,0.0744,-1.1582,-0.4142,0.1414
44969.48209,-0.0614,0.1133,-0.137,-1.1494,-0.4215,-0.0683
44969.51224,0.0285,0.1779,-0.1831,-1.2932,-0.6334,-0.2272
44969.54242,0.0766,0.0131,-0.0477,-1.2159,-0.4587,-0.3756
44969.57257,0.1718,-0.2044,0.0032,-1.6759,-0.5849,-0.498
44969.60272,0.0914,-0.7717,0.0173,-1.2842,-0.4416,-0.152
44969.63287,0.4577,-0.7118,-0.051,-1.3243,-0.6394,-0.2658
44969.66303,0.4256,-0.5509,-0.0907,-1.6753,-0.7397,-0.3547
44969.69318,0.3436,-0.3337,0.0731,-1.908,-0.9226,-0.1329
44969.72336,0.2665,-0.0914,0.2098,-2.3394,-1.2349,0.0846
44969.75351,0.2826,-0.1277,0.2309,-2.5791,-1.4976,0.0919
44969.78366,0.2192,0.1554,0.2384,-2.7542,-1.5816,-0.0137
44969.81381,0.199,0.0857,0.2165,-2.909,-1.5999,-0.044
44969.84396,0.1922,0.0791,0.2104,-2.8033,-1.7311,-0.1422
44969.87412,0.1145,0.0319,0.2169,-2.5397,-1.7871,-0.1048
44969.9043,0.0948,0.0253,0.2357,-2.6306,-1.7706,0.0535
44969.93445,0.075,-0.0427,0.0928,-1.9256,-1.8809,0.4065
44969.9646,0.0197,-0.0565,0.2438,-1.5072,-1.8098,0.6771
44969.99475,-0.1296,0.0208,0.2668,-1.2106,-1.7245,1.1327
44970.0249,0.028,0.0596,0.3676,-1.0684,-1.9168,1.3785
44970.05505,0.0473,0.0009,0.3781,-0.9363,-2.0041,1.3994
44970.08523,0.1391,0.0706,0.4957,-1.2567,-2.1366,1.3135
44970.11538,0.1256,0.0788,0.438,-1.8966,-2.268,1.285
44970.14553,0.293,-0.228,0.4984,-1.9327,-2.4695,1.4321
44970.17569,-0.0561,0.3436,0.493,-1.6919,-2.1291,1.1258
44970.20584,0.0488,0.2358,0.3689,-2.3044,-2.0363,0.7813
44970.23599,-0.1372,0.1962,0.331,-1.9812,-1.7836,0.6008
44970.26617,-0.157,0.2022,0.1649,-1.1003,-1.7087,0.6014
44970.29632,-0.1043,0.0879,0.048,-1.1714,-1.7693,0.6008
44970.32647,0.0063,0.1429,0.0443,-1.2435,-1.556,0.5478
44970.35662,0.0359,0.0116,0.0967,-1.1569,-1.3589,0.5569
44970.38678,0.0029,-0.0669,0.1333,-1.3111,-1.179,0.5901
44970.41693,-0.0396,-0.0025,0.0757,-1.7346,-1.0793,0.6855
44970.44711,-0.0447,0.0365,0.0599,-1.471,-1.0434,0.7128
44970.47726,-0.0563,0.0507,0.2348,-1.6835,-1.0938,0.7368
44970.50741,-0.0733,0.113,0.2058,-1.4008,-1.1584,0.7762
44970.53756,-0.0858,0.1044,0.1756,-1.1564,-1.0674,0.8938
44970.56771,-0.0495,0.1231,0.1639,-1.4655,-0.8223,0.8824
44970.59787,0.1602,0.1026,0.2473,-0.8112,-0.4383,0.7995
44970.62805,-0.4739,-0.5212,-0.5827,-0.5359,-0.0801,1.195
44970.6582,0.0825,0.8757,0.4815,-1.9971,-0.2493,0.0303
44970.68835,0.2912,0.2721,0.3951,-0.9863,-0.532,0.0531
44970.7185,-0.1232,-0.1306,-0.1492,-0.5671,-0.7355,0.3312
44970.74865,-0.1425,-0.097,-0.5471,-0.5543,-0.3302,0.4156
44970.7788,0.0675,0.459,0.1573,-1.3445,-0.0959,-0.0522
44970.80899,0.1769,0.4852,0.489,-1.0913,-0.045,-0.3477
44970.83914,-0.0706,0.1337,0.1026,-0.62,-0.4633,-0.2561
44970.86929,-0.2217,-0.1149,-0.4409,-0.4539,-0.6469,0.0967
44970.89944,-0.1612,0.0679,-0.0945,-0.8047,-0.6698,0.0972
44970.92959,0.0582,0.1929,0.3531,-0.6833,-0.5497,-0.0686
44970.95974,0.0125,0.2148,0.1727,-0.0928,-0.6858,-0.0935
44970.98993,-0.1087,-0.0402,-0.2292,0.1706,-0.8485,0.264
44971.02008,-0.0954,-0.1076,-0.1084,-0.1347,-0.9509,0.465
44971.05024,0.0863,0.0923,0.2974,-0.3519,-0.9064,0.3484
44971.08039,0.124,0.148,0.2405,-0.0262,-0.8898,0.181
44971.11054,0.0089,0.0113,0.0159,0.1995,-0.873,0.3964
44971.14069,-0.0112,-0.1015,-0.0735,0.0916,-0.8784,0.6401
44971.17087,0.0923,-0.0676,0.1486,-0.4741,-0.891,0.6917
44971.20102,0.1075,0.2166,0.2392,0.5619,-0.7404,0.5915
44971.23117,-0.0173,-0.1243,0.154,0.8065,-0.616,0.6655
44971.26133,-0.0605,-0.1113,-0.0223,0.6493,-0.5624,0.917
44971.29148,0.1032,0.0656,0.0546,0.4989,-0.6281,1.1153
44971.32163,-0.3154,0.1051,-1.6879,-0.1635,-1.3615,1.0458
44971.35181,0.0726,-0.578,1.0114,1.6331,-0.5613,2.0167
44971.38196,-0.184,-0.352,-0.4083,0.9705,0.1328,1.3676
44971.41211,0.0366,-0.3872,-0.1391,-0.2791,-0.1404,1.4249
44971.44226,0.1325,-1.4754,-0.8214,1.1863,-0.6653,3.8936
44971.47242,1.771,2.2997,0.7188,-1.0761,0.9761,-0.8631
44971.50257,-1.8409,-0.1533,-0.3177,-2.5418,0.6182,-0.1147
44971.53275,0.7006,0.6931,0.0378,1.7448,-0.4686,1.2967
44971.5629,0.0055,-0.8909,0.443,0.0241,-0.529,0.5111
44971.59305,-0.3231,0.0031,-0.5523,-0.0528,-0.0716,0.354
44971.6232,0.2848,0.0454,-0.2246,-0.5698,-0.5395,0.0888
44971.65335,0.0868,-0.5924,0.2067,0.8272,0.3808,-0.0608
44971.68354,-0.2011,0.4566,-0.2637,0.015,0.4447,-0.7566
44971.71369,0.0477,-0.2135,-0.2009,0.049,-0.1489,-0.1556
44971.74384,0.0605,0.0925,-0.0005,-0.0879,-0.3651,-0.4772
44971.77399,-0.0175,-0.0208,0.2814,0.0776,-0.0841,-0.1134
44971.80414,-0.1652,-0.1573,-0.0453,0.2333,0.0956,-0.115
44971.83429,0.051,0.1357,-0.3356,0.1238,-0.0796,-0.3571
44971.86448,0.0904,0.1876,-0.1106,0.1096,-0.1051,-0.3605
44971.89463,-0.0194,-0.2317,0.1349,0.3561,0.0461,-0.1441
44971.92478,-0.0636,-0.1878,0.0263,0.5291,0.2285,-0.3992
44971.95493,-0.1221,0.0072,-0.1008,0.3557,0.1608,-0.3743
44971.98508,0.0814,0.0168,-0.1573,0.649,0.058,-0.2175
44972.01524,0.0391,-0.1232,-0.0455,0.6027,0.0232,-0.2456
44972.04542,-0.123,-0.0614,-0.0525,0.6768,0.1814,-0.3256
44972.07557,0.0341,-0.2005,-0.1675,0.6412,0.1682,-0.4006
44972.10572,-0.0468,-0.1357,-0.1236,0.6634,0.1673,-0.7824
44972.13587,-0.0199,0.0607,-0.1291,0.7516,0.1137,-0.6522
44972.16602,0.0531,-0.0787,0.0054,0.705,0.1089,-0.5368
44972.19617,-0.046,-0.1043,0.001,0.492,0.1438,-0.6502
44972.22636,-0.0099,0.1137,-0.0755,0.0764,0.0531,-0.3648
44972.25651,-0.0393,0.1182,-0.0507,0.3533,-0.0149,-0.1157
44972.28666,-0.031,-0.1705,0.0557,0.3146,0.055,-0.1644
44972.31681,-0.0661,0.0087,-0.002,0.5912,0.0063,-0.1056
44972.34696,0.0809,-0.027,-0.1466,0.0946,-0.1213,0.003
44972.37711,-0.0476,-0.0569,-0.0208,-0.087,-0.2507,0.005
44972.40729,0.0785,0.0212,-0.0584,0.1425,-0.2957,0.0135
44972.43745,-0.0245,0.0959,0.073,0.1779,-0.396,0.1433
44972.4676,0.0376,-0.1314,-0.0952,0.0694,-0.3104,0.1919
44972.49775,-0.0153,-0.0206,-0.1558,0.1395,-0.2708,-0.0312
44972.5279,0.1519,0.261,0.1252,0.0324,-0.3679,-0.4674
44972.55805,-0.0161,0.2384,0.2451,0.2112,-0.5906,-0.3448
44972.58823,-0.063,-0.1995,0.1295,-0.024,-0.4836,-0.0373
44972.61838,-0.1075,-0.1106,0.0755,0.0871,-0.2022,-0.0276
44972.64854,-0.0519,0.0131,-0.0465,0.1842,-0.1613,0.1857
44972.67869,0.1396,-0.0499,-0.0489,-0.1566,-0.1239,0.0925
44972.70884,-0.0368,-0.0186,-0.0237,-0.4031,-0.1361,0.0129
44972.73899,-0.0423,0.0236,0.0593,-0.0135,-0.2567,0.0414
44972.76917,-0.0089,-0.2535,-0.1952,-0.0426,-0.1245,-0.224
44972.79932,-0.0813,-0.0918,-0.2468,0.3114,0.0387,-0.125
44972.82947,0.0885,0.0761,-0.1382,0.0701,0.283,-0.2315
44972.85963,0.1284,0.3315,-0.0623,0.1631,0.214,0.1318
44972.88978,0.1124,0.1805,0.0892,-0.2991,0.1568,0.3896
44972.91993,-0.0358,0.0112,0.029,-0.4605,0.3604,0.4091
44972.95011,0.2119,0.0531,-0.0355,0.8059,0.5519,0.5886
44972.98026,-0.0008,-0.0455,0.0152,0.4003,0.4086,0.5795
44973.01041,0.112,-0.1126,0.0686,-0.2905,0.3287,0.4005
44973.04057,0.1011,-0.0549,0.0788,-0.2784,-0.0051,0.4782
44973.07072,0.378,0.0744,0.0447,-0.2016,-0.3531,-0.0975
44973.10087,0.5241,-0.2138,0.1869,-0.1934,-1.035,-0.5337
44973.13105,0.3188,-0.2093,0.4376,1.129,-0.7331,-0.6153
44973.1612,0.1097,-0.2694,0.5083,-0.0831,-0.6138,-0.3357
44973.19135,-0.2847,-0.1382,0.4469,-1.4528,-0.0512,0.2047
44973.2215,-0.4132,-0.0857,0.1283,-0.4305,0.5691,0.6567
44973.25166,-0.3042,-0.209,0.1254,0.74,0.6582,0.8738
44973.28181,-0.2333,0.3367,-0.4039,0.1613,0.232,0.4934
44973.31199,-0.046,0.8702,-0.3623,0.3477,0.2125,-0.4295
44973.34214,0.35,-0.3903,0.1381,0.3262,-0.2461,-0.3613
44973.37229,-0.0211,0.17,0.11,-0.6908,0.0998,-0.9141
44973.40244,0.1986,0.2447,-0.3223,0.7808,-0.1502,-0.4969
44973.43259,0.1688,0.2032,0.0715,-0.0113,-0.0401,-0.7495
44973.46275,-0.2983,-0.3565,0.144,0.1006,0.0262,-0.0109
44973.49293,0.4488,0.1933,-0.5957,1.1813,0.3135,-0.309
44973.52308,0.1414,0.262,-0.1252,-0.4148,-0.2991,-0.0397
44973.55323,-0.0049,-0.1477,0.188,-1.1226,-0.0386,-0.1713
44973.58338,-0.1651,-0.0596,0.0843,-0.1085,-0.0761,0.602
44973.61353,0.0751,0.014,-0.1916,-0.0794,0.0469,0.5516
44973.64368,-0.0043,0.0107,0.0149,-0.677,-0.0763,0.3841
44973.67387,-0.0387,-0.3131,-0.0363,-0.2035,0.0836,0.5785
44973.70402,-0.0319,-0.2005,0.1114,0.0948,-0.0131,0.6102
44973.73417,-0.0429,-0.0911,-0.0143,0.0227,-0.008,0.3727
44973.76432,0.2228,-0.0251,0.0134,0.0305,-0.2597,0.142
44973.79447,-0.0949,-0.3592,0.2565,-0.3007,-0.2507,0.1587
44973.82462,0.1441,0.1126,0.2464,0.6796,-0.167,0.2023
44973.85481,-0.0521,-0.0081,0.2168,0.4897,-0.1908,0.219
44973.88496,-0.0363,-0.0818,-0.0781,0.0265,-0.3884,0.0672
44973.91511,0.1971,-0.2155,0.2731,-0.3348,-0.3908,-0.2809
44973.94526,-0.1508,-0.062,0.1916,0.0099,0.0949,-0.0052
44973.97541,0.4773,0.3125,-0.2192,1.0974,-0.1126,-0.2577
44974.00559,-0.3386,0.0607,-0.0731,-0.5233,-0.1511,-0.2216
44974.03577,0.1549,-0.0479,0.3377,-0.552,0.1512,-0.0386
44974.06592,-0.1015,0.3351,-0.2207,-0.0786,0.4285,0.3363
44974.09607,0.373,-0.0405,-0.1664,-0.4835,0.4065,0.0661
44974.12623,-0.0356,0.124,-0.019,-0.866,0.3681,0.1787
44974.15638,0.1908,-0.0199,0.1887,-0.8226,0.4824,0.3133
44974.18653,0.3257,0.1323,0.154,-0.2445,0.4059,0.4888
44974.21671,-0.2059,-0.2707,0.0731,-0.8249,0.4488,0.7227
44974.24686,0.3579,0.0806,0.1278,0.1634,0.3569,0.3264
44974.27701,-0.1463,-0.2268,0.2273,-0.1034,0.1938,0.1377
44974.30716,0.2378,-0.4562,-0.0019,-0.4459,-0.3534,0.1289
44974.33732,-0.0586,-0.2116,0.5019,-0.1733,-0.3467,0.0405
44974.36747,0.1684,-0.1094,0.1471,0.1627,-0.3887,0.0107
44974.39765,-0.0074,0.0145,-0.1517,-0.2161,-0.4963,-0.0751
44974.4278,-0.0902,-0.1194,0.191,-0.5207,-0.4971,-0.0562
44974.45795,0.3506,0.0927,0.0835,-0.1457,-0.5429,-0.5246
44974.4881,-0.2339,-0.1647,0.1322,-0.1169,-0.1356,-0.4424
44974.51825,0.3854,0.4545,-0.167,0.0507,-0.2335,-0.6204
44974.54841,-0.7644,-0.3874,0.0712,-0.2102,0.2899,-0.2746
44974.57859,0.2151,-0.3273,0.0267,0.6188,0.5255,-0.1456
44974.60874,-0.0011,0.1078,-0.0532,-0.2261,0.645,-0.0046
44974.63889,0.0909,0.3219,-0.0244,0.0529,0.485,-0.0771
44974.66904,-0.1108,-0.0507,0.0686,0.2334,0.447,0.2224
44974.69919,0.2399,0.1265,0.0069,0.1755,0.3331,0.2001
44974.72934,0.126,0.4005,-0.1812,-0.348,0.08,0.0788
44974.75953,-0.0966,-0.3709,-0.1052,-1.1876,-0.0052,0.6675
44974.78968,0.0917,0.0714,0.1536,-0.6887,0.2524,0.7695
44974.81983,0.4953,0.0138,0.0666,-0.658,-0.0113,1.0553
44974.84998,-0.0308,0.2682,0.122,-1.2766,-0.5227,0.8218
44974.88013,-0.0457,-0.3175,0.2105,-0.5871,-0.3996,0.4321
44974.91028,-0.1427,-0.6523,0.1054,-0.1454,-0.5762,0.333
44974.94047,0.039,-0.5008,0.5049,0.2489,-0.4295,0.1485
44974.97062,0.0803,0.1603,0.3389,0.5878,-0.2333,-0.2186
44975.00076,0.2943,-0.1465,-0.1684,0.3896,-0.3536,0.2048
44975.03091,-0.2675,0.0195,0.0434,-0.0917,-0.3178,0.1339
44975.06106,-0.035,-0.1075,0.4014,-0.4313,0.1358,0.108
44975.09121,0.3159,0.2248,-0.1362,0.4174,0.3547,0.1524
44975.1214,0.1268,0.2481,0.0678,-0.1691,0.0542,0.1494
44975.15155,-0.3173,-0.3168,0.1501,-0.1547,0.6489,0.3271
44975.1817,0.2071,0.054,-0.2123,0.1101,0.6344,0.2322
44975.21185,0.1905,0.6477,0.2255,-0.8255,-0.1187,0.1045
44975.242,-0.5822,-0.3367,0.1384,-1.0473,0.1963,0.7814
44975.27215,0.5678,-0.5308,-0.0916,-0.0025,0.2619,0.4485
44975.30233,-0.0554,0.3719,0.0062,-0.484,-0.092,0.1896
44975.33249,0.2484,-0.2167,0.2209,-0.5282,-0.2965,0.4683
44975.36264,-0.2485,-0.253,-0.1117,-0.9325,-0.2583,0.8039
44975.39279,-0.1386,0.1351,0.1034,-2.1609,-0.5666,0.6545
44975.42294,-0.1608,-0.7789,-0.2396,-1.7349,-0.5968,0.7212
44975.45309,0.0977,-0.7518,0.2853,-1.4231,-0.6186,0.3898
44975.48327,0.3621,-0.3155,0.3529,0.0454,-0.8961,-0.0467
44975.51343,-0.2139,-0.1839,0.285,0.4032,-0.8922,-0.0912
44975.54358,0.069,-0.1569,0.2187,-0.3636,-0.5109,-0.1888
44975.57373,-0.2927,-0.0323,0.1918,-0.3506,0.1995,0.4294
44975.60388,0.6763,0.1323,0.2245,0.4745,0.3652,0.2969
44975.63403,0.2366,0.0751,-0.1102,-0.754,0.4055,0.0871
44975.66421,0.0256,-0.0522,0.1023,-1.095,0.3744,-0.1414
44975.69436,-0.4396,0.0061,0.1655,-0.2771,1.0634,0.0809
44975.72452,0.474,0.19,0.3694,0.3849,0.7341,0.4761
44975.75467,-0.0866,0.3482,-0.1477,0.0428,0.3853,0.1586
44975.78482,0.2736,-0.0977,-0.5717,-0.0343,0.2857,0.0818
44975.81497,0.6595,0.3358,0.518,-0.0434,-0.2618,0.0263
44975.84515,-0.3847,0.1712,-0.1593,-0.7774,-0.3426,0.3457
44975.8753,0.5552,0.0973,0.0153,-0.011,-0.4819,0.3499
44975.90545,0.1104,-0.3064,0.0046,-1.1894,-0.8746,0.5005
44975.93561,-0.1272,-0.9578,-0.4308,-1.341,-1.1349,0.7262
44975.96576,0.1435,0.1107,0.3918,-0.0358,-0.7518,-0.0137
44975.99591,-0.004,0.0037,0.2502,0.1985,-0.9994,-0.0516
44976.02611,-0.2625,-0.013,0.2991,0.2855,-0.6999,0.3101
44976.05627,0.6026,-0.0749,0.2641,-0.0418,-0.4153,-0.1791
44976.08642,0.2191,0.1336,0.1703,-0.1615,-0.5846,-0.003
44976.11657,0.0791,-0.0138,-0.1224,0.2359,-0.1299,0.2352
44976.14672,0.0975,-0.1514,-0.0502,0.0177,-0.3188,0.0399
44976.17687,-0.2847,-0.4763,0.2958,-0.9133,-0.4339,-0.4681
44976.20705,0.5095,-0.0854,0.3619,0.5325,0.1373,-0.002
44976.2372,-0.0376,0.2162,-0.631,-0.7904,-0.1471,0.515
44976.26736,0.2634,-0.2121,0.0691,-1.7857,-0.1954,0.615
44976.29751,-0.1819,-0.3311,0.4284,-1.5906,-0.0968,0.9208
44976.32766,-0.1501,-0.952,0.1991,-0.923,0.328,1.1345
44976.35781,0.1534,0.0153,0.2379,-0.5281,0.1854,0.6056
44976.38799,-0.0703,-0.4148,0.1371,-0.63,-0.1326,0.6319
44976.41814,0.2652,-0.192,0.2353,0.2664,0.0636,0.6795
44976.4483,-0.1355,-0.0819,0.047,-0.5494,-0.2505,0.9616
44976.47845,-0.106,0.0004,-0.0843,-0.9415,-0.2901,0.779
44976.5086,0.3631,-0.2548,0.1481,-0.608,-0.1879,0.4112
44976.53875,0.5616,-0.2555,-0.1439,0.2218,-0.4657,0.146
44976.56893,0.5045,0.4758,0.3996,0.2707,-1.2391,-0.1987
44976.59908,-0.6181,0.1648,0.6278,-1.5109,-1.1342,-0.0794
44976.62923,0.0045,-0.51,0.3991,-0.4709,-0.6568,-0.5098
44976.65939,-0.4961,-0.5441,0.0658,-0.5897,-0.5118,-0.5527
44976.68954,-0.0645,-0.6823,-0.3802,-0.2992,0.3803,-0.1478
44976.71969,0.1307,0.6606,0.4683,-0.4538,0.0628,0.0186
44976.74987,-0.311,-0.0716,0.131,-1.1404,0.3061,0.5522
44976.78002,0.277,-0.3259,-0.283,0.364,0.8176,0.6146
44976.81017,0.1038,-0.2036,-0.3424,-0.4349,0.5222,0.7986
44976.84032,0.1218,-0.1715,0.0093,-1.0115,0.4622,0.6017
44976.87048,0.1367,-0.0152,0.3615,-0.7589,0.2119,0.9595
44976.90063,0.451,-0.0903,-0.0194,-0.4284,0.004,0.8343
44976.93081,-0.2857,-0.4129,-0.1351,-0.9686,-0.2802,1.2486
44976.96096,0.5003,-0.0823,0.0687,-0.1076,-0.1481,0.4966
44976.99111,-0.0994,0.0504,0.5057,-0.0879,-0.5829,0.3415
44977.02127,0.4149,0.6789,0.4771,0.1513,-1.1069,-0.7231
44977.05142,-0.6368,-0.9552,-0.0653,0.128,-1.1672,-0.1471
44977.08157,-0.2868,-1.0907,0.4866,-0.1418,-0.3799,0.3655
44977.11175,0.1213,0.7278,-0.0997,0.3096,-0.1406,0.0159
44977.1419,0.2638,0.6434,-0.2534,-0.0722,-0.7524,-0.0597
44977.17206,0.2394,-0.6753,-0.1407,-0.5197,-0.037,0.1301
44977.20221,0.5784,0.7357,0.1412,0.1372,-0.436,-0.4218
44977.23236,0.55,-1.0802,-0.1,-1.058,0.2237,-0.6377
44977.26251,0.1688,0.822,-0.1639,-0.2531,-0.467,0.2021
44977.29269,0.1018,0.0624,0.3005,-1.2357,-0.6049,0.2864
44977.32284,-0.305,-0.7372,0.3892,-1.4203,0.2007,1.0302
44977.35299,0.1126,-0.6447,0.0866,-0.3376,0.3602,1.1836
44977.38315,0.0623,-0.184,0.037,-0.7665,0.1432,0.8574
44977.4133,0.1886,-0.0739,0.242,-0.3537,-0.0208,0.3165
44977.44345,0.2041,-0.5177,0.1131,-0.0736,-0.5292,0.2757
44977.47363,0.0258,0.3312,0.4827,-0.7364,-0.1162,-0.0152
44977.50378,0.3529,0.106,-0.2017,-0.7991,-0.8576,0.2316
44977.53393,-0.4404,0.0938,0.3934,-0.8047,-0.2502,-0.2099
44977.56408,0.4368,-0.7849,0.0893,-0.1489,-0.3576,-0.2654
44977.59424,-0.0965,0.2076,-0.1907,0.0949,-0.3617,0.0204
44977.62439,0.4049,0.0194,0.1594,0.0171,0.0274,-0.4709
44977.65457,0.1227,-0.0753,-0.1981,-0.518,-0.7327,-0.2976
44977.68472,-0.3302,-0.0754,0.1486,-1.2569,0.0411,-0.1644
44977.71487,0.599,0.2216,0.0234,-0.2071,-0.7339,-0.0095
44977.74502,-0.7997,0.3557,-0.0897,-1.3683,-0.0217,0.5345
44977.77517,0.4705,-0.7825,0.2592,-0.5525,0.4195,0.0896
44977.80533,-0.1264,0.1573,-0.3284,0.0852,-0.0658,0.5061
44977.83551,-0.4569,-0.2216,-0.1284,-0.6752,0.4907,0.7349
44977.86566,0.6078,0.3891,-0.0941,-0.0462,0.4987,0.1935
44977.89581,0.0828,0.3976,0.1239,-0.3447,-0.9234,0.6531
44977.92596,-0.5927,-1.0247,-0.0422,-1.4467,0.1334,1.0532
44977.95611,0.4025,-0.3131,0.0193,0.1286,0.1002,0.4175
44977.98626,-0.3902,-0.4404,-0.0713,-0.7065,-0.3255,0.7898
44978.01645,0.3208,-0.2939,-0.1512,0.8084,0.2468,0.8676
44978.0466,0.5383,0.4445,-0.0177,0.6383,-0.1127,0.4209
44978.07676,0.1787,0.1799,-0.0427,-0.0118,-1.1308,0.2862
44978.10691,-0.4905,-0.6998,0.0804,-0.4823,-0.7165,0.4673
44978.13706,0.0853,-0.4046,0.2311,0.2169,0.1788,0.4065
44978.16721,0.4693,0.4503,-0.0261,0.1598,-0.4539,0.3482
44978.19739,-0.2411,-0.0707,-0.0957,-0.4282,-0.5967,0.571
44978.22754,-0.3131,-0.4684,0.2567,-0.4895,0.0936,0.3985
44978.25769,0.3023,-0.0271,-0.0189,-0.2172,0.184,0.2562
44978.28785,0.0746,0.1814,-0.0931,-0.4862,-0.1979,0.5439
44978.318,-0.2354,-0.4476,0.2779,-0.945,0.1892,0.8168
44978.34815,-0.0521,-0.164,0.2741,-0.3439,0.2317,0.7356
44978.37833,0.0662,0.0925,0.139,-0.2026,0.0709,0.8939
44978.40848,-0.1025,-0.2284,-0.013,-0.7333,0.2304,0.8987
44978.43863,-0.0602,-0.3765,0.1733,-0.7864,-0.0129,0.5631
44978.46878,-0.039,-0.4879,0.1895,-0.326,0.1103,0.1678
44978.49894,0.465,0.1025,0.1296,0.2361,-0.3669,-0.1078
44978.52909,-0.1528,-0.0933,-0.0436,-0.839,-0.436,-0.1995
44978.55927,0.2022,0.2702,0.1275,-0.6512,-0.7727,-0.4521
44978.58942,-0.0455,-0.2394,0.0583,-0.3658,-0.592,-0.1979
44978.61957,0.1202,-0.1945,-0.0264,-0.2864,-0.2693,-0.2789
44978.64972,0.2489,0.264,-0.0154,-0.2428,-0.795,-0.2784
44978.67987,-0.1646,-0.1951,-0.1638,-0.4205,-0.1416,0.2225
44978.71003,0.6624,0.5076,-0.1944,-0.0456,-0.1663,-0.035
44978.74021,0.3079,0.4143,-0.0003,-0.666,-0.9085,-0.2542
44978.77036,-0.6272,-0.6875,-0.0004,-0.652,0.2128,0.0933
44978.80051,0.4502,0.1869,-0.0664,0.2653,0.3592,-0.1087
44978.83066,-0.2485,0.1819,0.0012,-0.1922,0.3001,0.6143
44978.86081,0.1739,0.0911,-0.1213,0.0739,0.502,0.7499
44978.89096,-0.0352,0.1621,-0.2829,-0.1584,0.2646,0.6344
44978.92115,-0.0903,-0.4312,-0.0425,-0.3088,0.407,0.6888
44978.9513,0.3335,-0.0789,0.0928,0.24,0.3557,0.2848
44978.98145,-0.2584,-0.1324,0.1767,0.0929,-0.2329,-0.0792
44979.01158,-0.0993,-0.6179,0.1315,0.3299,-0.1704,-0.1704
44979.04173,-0.0937,-0.3039,0.0617,0.5001,-0.2923,-0.1144
44979.07188,0.2771,0.0894,-0.0183,0.2487,-0.8213,-0.3775
44979.10206,-0.4287,-0.1941,0.1419,-0.286,-0.5352,-0.1322
44979.13221,-0.017,-0.1873,-0.1483,0.1588,-0.5495,-0.2216
44979.16236,-0.3802,-0.4234,0.0333,-0.7198,0.3547,-0.0063
44979.19252,0.05,0.9731,-0.4282,-0.0825,-1.7566,-1.3293
44979.22267,-0.5391,-2.0012,0.4815,0.4357,1.0179,-1.0053
44979.25282,0.4666,1.2639,-0.1774,0.1438,-0.9491,-0.6759
44979.283,-0.2209,-0.9768,0.0837,-1.0551,0.3743,-0.3093
44979.31315,-0.0786,0.6973,-0.1671,0.9165,-0.3992,-0.4045
44979.3433,-0.4617,-1.9223,0.5731,-0.7873,1.1028,-0.0254
44979.37346,0.5928,1.0058,-0.2199,-0.1422,0.2618,1.381
44979.40361,-0.0281,-0.1982,-0.025,-1.0844,0.2663,1.2204
44979.43376,0.3057,0.231,0.0013,0.0739,-0.0314,0.486
44979.46394,-0.3856,-0.7408,0.2788,-0.8654,0.1202,0.3544
44979.49409,-0.2029,-0.54,0.0377,0.0989,0.1513,-0.0378
44979.52424,-0.0252,-0.2401,0.0979,0.3488,0.2003,-0.3633
44979.55439,0.4845,-0.1345,-0.4086,0.4348,0.3966,-0.2291
44979.58455,0.1511,0.5071,0.024,0.1515,-1.9158,-0.5045
44979.6147,-0.4291,-0.7799,0.3153,-0.8811,-0.5277,-0.688
44979.64488,0.3298,0.4999,-0.2089,-0.1261,-0.3248,-0.2438
44979.67503,0.1127,0.2636,-0.015,-0.4303,-0.4612,-0.227
44979.70518,-0.2465,-0.2459,-0.2189,0.1609,-0.1232,-0.2462
44979.73533,-0.0788,-0.2463,-0.0379,0.2461,0.6267,0.166
44979.76548,-0.0457,0.2617,-0.2306,0.3255,0.7436,0.2044
44979.79564,-0.0749,-0.2869,0.0715,-0.408,0.872,0.2097
44979.82582,-0.0923,-0.1215,-0.1018,0.5143,0.7476,0.6015
44979.85597,-0.2812,0.1288,0.0439,-0.4281,0.8588,0.6032
44979.88612,0.4578,0.0273,-0.1746,-0.6403,0.8854,0.4534
44979.91627,0.0474,0.4692,-0.1069,0.2691,0.1315,0.5901
44979.94642,-0.2218,-1.1936,-0.1705,-0.275,0.9965,0.3403
44979.97657,0.0999,0.2367,0.1288,0.6362,-0.1248,0.148
44980.00678,-0.1776,-0.7727,0.0803,-0.3862,-0.0678,0.0092
44980.03693,0.2203,0.0533,-0.0599,0.7177,-0.5151,-0.1639
44980.06709,-0.3704,-0.3112,0.1698,-0.3192,-0.4819,-0.0783
44980.09724,0.4294,0.305,-0.1802,0.4954,-0.3419,-0.3725
44980.12739,-0.1969,-0.0097,-0.279,0.4201,-1.1132,-0.2821
44980.15754,-0.1279,-0.3532,-0.0225,-0.142,-0.5275,-0.4357
44980.18772,0.0766,0.1687,0.1382,-1.1712,-0.6352,-0.3608
44980.21787,-0.3432,0.121,-0.1737,0.2803,-0.0101,0.0158
44980.24802,0.2533,0.0014,-0.3102,0.1118,0.1236,0.1086
44980.27818,0.4109,0.4401,-0.2705,-0.249,-0.1326,0.1875
44980.30833,-0.0519,-0.1029,-0.0293,-0.4674,0.5848,0.0599
44980.33848,-0.0582,-0.4856,-0.0698,1.039,0.4647,1.184
44980.36866,-0.0943,0.1248,0.3561,1.7726,0.4522,1.4234
44980.39881,0.411,-0.0966,0.1412,-0.55,-0.1639,0.7965
44980.42896,0.2158,0.2184,0.5541,-1.1159,-0.1444,-0.0009
44980.45911,-0.0393,-0.3602,0.3836,-1.9817,-0.2526,-0.1333
44980.48927,-0.3621,-0.4436,0.2896,-0.5501,0.0587,0.8805
44980.51942,-0.3789,-0.2561,-0.0667,1.5386,0.4557,0.8915
44980.5496,-0.09,-0.3218,-0.0031,-1.0774,-0.0539,0.3474
44980.57975,0.4138,0.2747,0.2038,-0.4669,-0.3813,-0.0029
44980.6099,0.2982,0.0358,0.2381,0.345,-0.5773,-0.5221
44980.64005,-0.3697,-0.1725,-0.2271,-1.0187,-0.6559,-0.903
44980.6702,0.0808,0.0127,-0.5165,-0.2887,-0.475,-0.8441
44980.70036,0.5209,0.4774,-0.6345,-0.5774,-0.3848,-0.8705
44980.73054,-0.6903,0.3256,0.1212,-0.6434,-0.7206,0.0735
44980.76069,0.8396,0.5265,-0.6816,0.9682,-0.2199,-0.5806
44980.79084,-0.4666,-0.3204,0.4415,-1.3019,-0.2068,0.3727
44980.82099,-0.1806,-0.7836,0.1951,-0.248,0.3757,0.5325
44980.85114,-0.0085,-0.0947,-0.0322,0.7883,0.7208,0.7471
44980.88129,-0.1865,-0.5345,0.0841,0.0468,0.7134,0.776
44980.91148,-0.0851,-0.5802,0.1262,-0.5572,0.8707,0.8417
44980.94163,0.159,0.0208,0.0186,-0.1451,0.7004,0.7842
44980.97178,-0.0637,0.3218,-0.017,0.0493,0.0631,0.4278
44981.00193,0.0625,-0.2142,0.001,-0.2619,-0.0995,0.3663
44981.03209,-0.1406,-0.1567,0.0682,-0.629,-0.1128,0.539
44981.06224,0.2587,0.0231,0.0699,-0.1527,-0.3158,0.367
44981.09242,0.2089,0.0418,0.1331,0.0608,-0.4328,-0.0347
44981.12257,-0.0054,-0.0033,-0.0959,-0.226,-0.9611,-0.0476
44981.15272,-0.3061,-0.4993,0.0894,-0.8231,-0.5069,0.3454
44981.18288,0.6252,1.0638,-0.1468,0.6144,-0.7526,-0.5337
44981.21303,0.0795,0.3095,-0.2021,-0.1943,-0.8524,-0.85
44981.24318,0.3244,-0.2399,-0.1208,-0.684,0.1187,-0.1973
44981.27336,-0.087,0.8323,-0.0167,-1.1746,-1.0499,-0.473
44981.30351,-0.3112,-0.4684,-0.3055,-0.4206,0.5583,-0.1638
44981.33366,-0.4127,-0.0164,-0.2696,0.1711,0.2098,0.6152
44981.36381,0.1467,-0.731,0.2318,-0.5231,0.9176,0.6666
44981.39397,0.3459,0.9204,-0.1475,0.3649,-0.3715,0.8432
44981.42412,-0.5006,-1.2618,0.2617,-0.7658,0.5887,1.0008
44981.4543,0.5298,1.0076,-0.0703,0.5403,-0.2842,0.4195
44981.48445,0.1895,-0.4504,0.1598,-0.8755,-0.7187,0.1117
44981.5146,-0.6578,-1.165,0.2138,-0.627,0.1691,0.7165
44981.54475,0.6509,0.4093,0.0937,1.0217,0.3942,0.7064
44981.5749,0.1724,0.6539,-0.0384,-0.5144,-1.2637,-0.1047
44981.60506,-0.235,-0.2542,0.1217,-0.7848,-1.2761,-0.3084
44981.63521,-0.3596,-0.8405,0.2398,-0.4338,-0.2062,0.3097
44981.66539,0.6449,0.6172,-0.2891,0.4939,-0.2455,0.0892
44981.69554,-0.2183,0.2153,-0.2333,-0.6154,-1.6799,-0.0812
44981.72569,-0.1234,-1.0674,0.1801,-0.0419,-0.6069,-0.4511
44981.75584,-0.0504,0.0637,0.0698,0.1312,-0.2221,-0.1314
44981.786,0.028,0.1027,-0.0643,-0.648,-0.4987,-0.2158
44981.81615,-0.2454,-0.5359,-0.1087,-0.7268,0.3418,0.1754
44981.84633,0.0584,-0.1,-0.0296,-0.3981,0.9031,0.1768
44981.87648,0.0624,0.0657,0.1815,-0.5031,0.6573,0.2754
44981.90663,-0.0661,0.2847,0.1494,0.0591,0.7209,0.2777
44981.93678,-0.0454,0.1531,0.1037,0.1616,0.9795,0.3428
44981.96693,0.1638,0.2285,-0.1838,0.0188,0.3593,0.3968
44981.99709,-0.2874,-0.4547,0.0225,-0.5925,0.4715,0.9959
44982.02727,0.4763,0.4362,0.1608,-0.6174,0.5292,0.024
44982.05742,-0.0825,0.7394,-0.1861,-0.2116,-0.5898,0.3371
44982.08757,-0.1393,-0.8493,0.1344,-1.3003,0.2246,-0.439
44982.11772,0.4368,0.5491,-0.1632,0.3028,-0.8124,-0.1399
44982.14787,-0.5964,-1.18,-0.075,-1.1522,-0.2952,-0.0973
44982.17802,0.4689,0.2757,-0.1942,0.7365,-0.3799,-0.4506
44982.20821,-0.412,-0.5262,-0.0496,-0.3007,-0.4962,-0.1993
44982.23836,-0.0574,-0.0144,-0.0166,0.2486,-0.3863,-0.4181
44982.26851,-0.0345,-0.446,0.0939,-0.2314,0.4794,-0.6572
44982.29866,0.2547,0.3379,-0.3944,0.4729,0.2118,-0.2582
44982.32881,0.1127,0.5125,-0.1276,0.0077,-0.5151,-0.3081
44982.35896,-0.1912,-0.2645,0.1515,-0.2634,-0.1447,-0.2373
44982.38915,-0.0178,-0.4547,-0.2999,0.1389,0.9595,0.3095
44982.4193,-0.4093,-0.3794,-0.1042,-0.9802,0.7536,1.2595
44982.44945,0.507,0.4158,-0.0686,-0.1579,0.6043,1.1236
44982.4796,-0.408,0.0463,0.2803,-1.134,0.3489,1.3654
44982.50975,0.5258,0.2614,0.3366,0.0329,0.4903,0.939
44982.5399,-0.1256,-0.0442,0.209,-0.9871,-0.0735,0.6758
44982.57008,-0.0602,-0.7562,0.1132,-0.7804,0.1006,0.349
44982.60024,0.1188,0.2146,-0.2288,-0.5786,-0.2069,0.0271
44982.63039,0.1069,0.0142,-0.0608,-0.0471,-0.5031,-0.4792
44982.66054,0.0471,-0.2732,-0.1668,0.6022,-0.6047,-0.6011
44982.69069,-0.3364,-0.2007,-0.0064,-0.6708,-0.6731,-0.6439
44982.72084,0.1632,0.3019,0.0417,-0.0701,-0.907,-0.7646
44982.75102,-0.2491,-0.0489,0.0302,-0.3653,-0.534,-0.9141
44982.78117,0.4369,0.2311,-0.214,0.2424,-0.8795,-0.7758
44982.81133,-0.8072,-0.24,-0.0421,-1.1123,-0.5945,-0.4289
44982.84148,0.6633,0.3355,-0.3149,0.1997,0.2205,-0.4115
44982.87163,-0.2467,0.1939,-0.3834,-0.4268,-0.3873,0.5543
44982.90178,0.1121,-0.172,0.0166,0.0084,0.3565,0.1754
44982.93196,0.1673,0.2243,-0.0667,0.3952,0.1278,0.7315
44982.96211,-0.2011,0.2315,0.0315,0.0952,0.376,1.2206
44982.99226,0.3096,0.375,0.1032,0.2307,0.5777,0.8244
44983.02242,-0.36,-0.2166,0.2154,0.2761,0.8368,1.3441
44983.05257,0.3142,-0.074,-0.0631,0.6652,0.3481,1.3292
44983.08272,0.156,-0.2301,0.0921,-0.0472,0.4001,0.5778
44983.1129,-0.2979,-0.1443,0.0792,-0.1875,0.2523,0.9113
44983.14306,0.136,-0.1046,0.109,-0.5659,0.032,0.4076
44983.17321,-0.1855,-0.0173,-0.0757,-0.1166,-0.4001,0.6541
44983.20336,-0.0492,-0.1595,0.0325,-0.533,-0.4784,0.0305
44983.23351,-0.1623,-0.3625,-0.0996,-0.3579,-0.6093,-0.0087
44983.26366,-0.3176,-0.2934,-0.0225,-0.2346,-0.5008,0.1345
44983.29384,0.0429,-0.0923,-0.0234,-0.3979,-0.2004,-0.1138
44983.32399,0.0915,0.1616,-0.1258,-0.4611,0.1182,-0.4495
44983.35415,0.2713,0.4961,-0.2002,0.3058,-0.9454,0.2837
44983.3843,-0.1127,-0.246,-0.0364,-1.0797,-0.2147,-0.0538
44983.41445,-0.081,0.288,-0.1937,-0.3178,-0.4519,0.5551
44983.4446,-0.2297,-0.3957,0.2231,-1.6529,0.141,-0.1321
44983.47478,0.337,0.0836,-0.5224,0.4844,-0.5806,1.3702
44983.50493,-0.3352,-0.3251,0.2078,-1.3671,0.1085,0.7119
44983.53508,0.4634,0.0029,0.0741,0.0136,0.0941,1.1051
44983.56524,-0.2692,-0.305,-0.0229,-1.3501,0.0834,1.1268
44983.59539,0.3958,-0.1518,-0.2815,-0.1989,0.0368,0.868
44983.62554,-0.2375,0.1981,0.0853,-0.2205,-0.2965,0.4098
44983.65572,0.0735,-0.3518,0.0058,-0.2202,-0.5623,-0.1066
44983.68587,-0.0349,0.0161,0.0107,0.4821,-0.7559,-0.258
44983.71602,0.0219,-0.2039,0.5019,-0.0908,-0.5433,-0.993
44983.74617,0.0374,-0.0825,-0.1368,-0.2198,-0.9147,0.0512
44983.77633,-0.3404,0.1267,-0.2709,-0.474,-0.681,-0.0736
44983.80648,0.1381,-0.0731,-0.1164,0.0033,-0.5805,0.2272
44983.83666,-0.1595,-0.0627,0.0865,0.0471,-0.1876,0.0559
44983.86681,0.163,0.1891,0.1495,0.2376,0.1732,-0.3936
44983.89696,0.1441,0.3181,-0.1349,0.3569,0.2812,0.1603
44983.92711,0.0086,-0.1362,0.095,-0.2165,0.5212,0.4694
44983.95726,0.4733,0.3473,-0.1575,0.6247,0.3525,0.9997
44983.98742,-0.1565,0.4502,0.118,0.0633,0.7037,0.9503
44984.0176,-0.0494,-0.0763,0.0152,0.2915,0.7239,0.9636
44984.04775,-0.033,-0.0098,0.0429,0.141,0.6793,1.024
44984.0779,0.1028,-0.0111,0.0395,-0.0908,0.548,0.689
44984.10806,0.0244,-0.1616,0.0067,0.1281,0.2436,0.6956
44984.13821,0.0447,-0.2059,-0.0194,0.2101,-0.057,0.5405
44984.16836,-0.1118,-0.0573,0.135,-0.5082,0.1924,0.1564
44984.19854,0.3227,0.0313,0.1046,0.0315,-0.4074,0.3655
44984.22869,-0.3002,-0.1133,0.1047,-0.4519,-0.2227,0.0571
44984.25884,0.3254,-0.0635,-0.0556,0.301,-0.4131,0.0556
44984.28899,-0.2053,0.1941,0.1076,-0.487,-0.1725,-0.411
44984.31915,0.3883,0.3127,-0.0348,0.0268,-0.4317,-0.3364
44984.3493,0.0385,0.2917,-0.2209,-0.0761,-0.5767,-0.2969
44984.37948,-0.1458,-0.0684,-0.0136,-0.7272,-0.098,-0.5274
44984.40963,0.1695,0.0725,-0.1193,-0.6053,0.3815,-0.2776
44984.43978,0.0562,0.2474,-0.3624,-0.6672,0.0513,-0.0331
44984.46993,0.0793,-0.3155,0.0378,-0.9411,-0.0259,0.2141
44984.50008,-0.1293,-0.11,0.1881,-1.0975,0.2767,0.4472
44984.53024,0.2017,0.448,-0.0043,-0.6234,0.0652,0.596
44984.56042,-0.274,-0.5468,-0.1661,-1.1686,0.1178,0.7818
44984.59057,0.127,-0.2104,0.0409,-1.6648,0.1187,0.8528
44984.62072,0.2852,0.1571,-0.1573,-0.9692,-0.8354,0.8819
44984.65087,-0.2388,-0.3752,-0.0154,-0.9578,-0.8196,0.7408
44984.68102,-0.0861,-0.1679,0.2743,-0.6301,-0.6134,0.162
44984.71117,0.2811,0.0107,0.0733,0.5294,-1.0855,-0.193
44984.74136,-0.4521,-0.3232,0.31,0.0402,-0.4244,-0.1641
44984.77151,0.4349,0.0876,-0.015,-0.6354,-0.8819,-0.0967
44984.80166,-0.119,0.2112,0.0241,-1.0038,-0.7523,0.122
44984.83181,0.1539,-0.1376,0.0945,-0.3647,-0.6654,0.0764
44984.86196,-0.241,-0.5768,0.2612,-1.1425,0.0374,-0.0199
44984.89211,-0.1089,-0.5055,-0.1703,-1.4921,0.0002,0.3826
44984.92229,0.1063,0.0981,-0.1515,-0.6387,0.2228,0.5201
44984.95245,-0.0134,-0.0184,0.371,-0.7947,0.3109,0.0553
44984.9826,-0.0952,-0.0282,0.4815,-0.4948,0.3927,0.5622
44985.01276,0.1295,0.5599,-0.0293,-0.9405,0.3881,0.4482
44985.04291,0.4899,0.4795,-0.3762,-0.4663,0.0206,0.6012
44985.07306,-0.3428,-0.3347,-0.2542,-1.4604,-0.1779,0.9749
44985.10324,-0.0272,-0.3136,-0.0864,-1.2028,-0.1555,1.1305
44985.13339,0.3735,0.2477,0.2294,-0.3856,-0.2945,1.046
44985.16355,0.0356,-0.2337,-0.0288,-0.6837,-0.6209,1.0379
44985.1937,-0.2346,-0.2496,-0.0697,-1.2564,-0.5568,0.9585
44985.22385,0.199,0.0276,0.103,-0.9808,-0.6638,0.2842
44985.254,-0.1381,-0.1963,0.1126,-0.4449,-1.0772,0.5609
44985.28418,-0.1184,-0.187,0.0272,-0.6183,-0.9138,0.3566
44985.31433,-0.0953,-0.2178,0.214,-0.0727,-0.7862,0.5443
44985.34448,-0.2421,-0.3129,0.2455,-0.4758,0.1848,0.3243
44985.37464,0.5127,0.5314,0.1688,0.2201,-0.2659,0.4759
44985.40479,0.6636,0.4669,-0.028,-0.0352,-0.5318,0.3206
44985.43494,0.3941,0.0455,0.237,-1.5628,0.0943,-0.4136
44985.46509,0.0208,0.4455,-0.148,-0.634,-0.5111,0.5371
44985.49527,0.4834,0.1713,-0.3188,-0.6211,-0.3164,0.4808
44985.52542,-0.2663,-0.0275,0.0059,-1.2363,-0.1161,1.4987
44985.55557,0.3513,-0.0154,0.1273,-0.6986,-0.0054,1.3301
44985.58573,-0.4966,-0.1851,0.4132,-1.1419,0.6411,1.0991
44985.61588,0.21,-0.2603,0.0464,0.1096,0.0265,0.7571
44985.64603,0.2864,-0.3026,0.2011,-0.4019,-0.4112,0.4419
44985.67621,0.1917,-0.3375,0.2334,-0.9748,-0.5579,0.4219
44985.70636,-0.2773,0.0837,0.2818,-0.6798,-0.5787,0.4553
44985.73651,0.0274,0.0676,0.0928,-0.1709,-0.2258,0.342
44985.76666,0.4761,0.1527,-0.1376,0.1039,-0.2619,0.4372
44985.79682,0.4004,0.0398,-0.1685,-0.7037,-0.6818,0.0555
44985.82697,-0.0629,-0.1527,0.3008,-0.8767,-1.3702,0.2748
44985.85715,-0.3094,-0.3954,-0.1463,-0.1665,-0.3695,0.588
44985.8873,0.1337,0.2328,0.356,0.0342,0.1017,-0.0832
44985.91745,0.1569,0.1756,-0.057,-0.5111,-0.5728,0.2416
44985.9476,-0.0244,0.0436,0.0513,-0.5613,-0.0311,0.4135
44985.97775,0.3286,0.1524,0.4076,-0.6916,-0.0045,0.851
44986.00791,-0.0095,0.5708,-0.1225,-0.3793,0.1777,0.8549
44986.03808,0.1152,0.1184,0.1093,-0.36,0.5146,0.6007
44986.06823,0.5162,-0.3583,-0.1252,-1.0138,0.1306,0.8398
44986.09838,-0.2653,-0.0391,-0.0625,-0.8562,-0.0398,1.1447
44986.12853,0.1774,0.146,0.2076,-0.2235,0.1884,0.5664
44986.15868,-0.0185,-0.01,0.2189,-0.1269,-0.4357,0.5619
44986.18884,-0.1659,-0.155,-0.0006,-0.6499,-0.3129,0.4562
44986.21902,0.2191,-0.1133,-0.0777,-0.7512,-0.4711,0.7041
44986.24917,-0.2687,0.0581,-0.0447,-0.6408,-0.474,0.5855
44986.27932,0.2576,-0.2631,0.0452,-0.4058,-0.3944,0.4816
44986.30947,0.0849,0.1218,0.29,-0.5487,-0.6442,0.7373
44986.33962,-0.158,-0.1121,-0.0546,-0.4035,-0.3059,0.8341
44986.36977,0.228,-0.1882,-0.1501,-0.0792,-0.3929,0.6692
44986.39996,-0.5834,-0.3432,0.4717,-0.4997,-0.1207,1.0065
44986.43011,0.4807,-0.3883,0.2751,-0.3033,0.3847,0.5079
44986.46026,0.2963,0.3528,-0.113,-0.1645,0.1096,0.6654
44986.49041,0.4375,0.0343,-0.0383,-0.3572,-0.041,0.6372
44986.52056,-0.2962,-0.1914,0.7156,-1.0046,0.2868,1.1191
44986.55071,-0.0198,0.2368,0.5374,-0.5248,0.6749,1.0467
44986.58089,0.5974,-0.2384,0.1361,0.0147,0.254,1.1512
44986.61105,-0.0839,-0.5664,0.093,-2.1137,0.3755,0.1076
44986.6412,0.3104,-0.3245,0.2322,-0.8687,-0.3318,0.3959
44986.67135,0.0362,0.1395,0.2453,-0.8811,-0.4968,0.1593
44986.7015,0.2834,0.1546,0.1431,-1.1725,-0.3432,0.0692
44986.73165,0.0132,-0.1483,0.0082,-0.4143,-0.4875,0.514
44986.76183,-0.0921,0.2216,-0.2055,-0.5561,-0.3814,0.4013
44986.79198,0.2072,-0.0661,0.2167,-0.4827,-0.2676,0.2557
44986.82214,0.2086,0.1382,0.1218,0.0375,-0.5326,0.3945
44986.85229,-0.3679,-0.0857,0.2774,-0.8329,0.0577,0.4277
44986.88244,0.6092,-0.2372,-0.3108,-0.7656,-0.2289,0.2674
44986.91259,-0.0408,0.2765,-0.0161,-0.2438,-0.1083,0.3898
44986.94277,0.238,-0.1801,0.2017,-0.518,0.0231,0.415
44986.97292,0.1932,0.1163,0.3523,-0.6094,0.2412,0.9428
44987.00307,0.3311,0.4021,0.1227,-0.3377,0.3758,1.0832
44987.03326,-0.0663,-0.0682,-0.0129,-0.4229,0.433,0.8781
44987.06341,0.419,-0.254,-0.0513,-0.4866,0.5619,0.1592
44987.09356,-0.0572,-0.1013,0.4218,-0.254,-0.1212,0.5769
44987.12374,-0.0449,0.0063,0.1412,-0.7494,-0.12,-0.0805
44987.15389,-0.1075,-0.1005,0.2027,-0.5087,-0.2612,0.4386
44987.18404,-0.4463,0.1363,-0.0528,-1.3287,-0.0967,0.212
44987.21419,0.285,-0.0258,0.0868,-1.5313,-0.3156,0.3609
44987.24435,-0.0298,0.1906,0.0907,-0.9977,-0.1524,0.3361
44987.2745,0.0903,-0.3741,-0.0888,-0.8868,0.0702,0.1743
44987.30468,0.2203,-0.1887,-0.2031,-0.4994,-0.2562,0.3221
44987.33483,-0.0403,-0.0776,0.0945,-0.363,-0.1464,0.2535
44987.36498,0.3667,0.227,0.294,-0.2455,0.0561,-0.0956
44987.39513,-0.0023,0.0047,0.4078,-0.4586,-0.532,0.4976
44987.42528,0.1741,-0.5837,-0.3549,-0.1131,-0.1795,0.2301
44987.45544,-0.0117,-0.0921,0.1149,-0.058,-0.1331,0.6166
44987.48562,0.068,0.2161,0.3635,-0.9259,0.1806,0.8136
44987.51577,0.0329,0.2708,0.194,-0.2533,0.2641,0.9509
44987.54592,0.1217,-0.2559,-0.0076,-0.2204,0.4143,0.6515
44987.57607,0.3952,-0.2573,0.0906,-0.2501,0.242,0.3956
44987.60622,-0.3469,-0.2654,0.2582,-0.5878,0.0223,0.262
44987.63637,0.4892,0.2476,-0.1701,-0.4007,0.0211,-0.5175
44987.66656,0.2401,0.2747,0.1916,0.0994,-0.8202,-0.1039
44987.69671,-0.0349,-0.2731,0.1193,-0.3094,-0.9318,-0.5512
44987.72686,0.0821,0.0481,0.2784,-0.8623,-0.6343,-0.4053
44987.75701,0.2624,0.2961,-0.1032,-0.1795,-0.8325,0.0176
44987.78716,0.2793,0.2362,0.0182,-0.3309,-0.5752,-0.3497
44987.81731,0.2068,-0.4702,0.2109,-0.6569,-0.776,0.3843
44987.8475,0.2171,-0.0117,-0.1475,-0.3471,0.0827,0.0028
44987.87765,0.3542,0.3272,-0.0521,0.1822,-0.1989,0.0496
44987.9078,-0.3276,0.31,0.2473,-0.6457,0.2216,0.3672
44987.93795,0.6061,0.1561,0.1651,-0.3701,-0.0143,0.815
44987.9681,-0.3408,0.502,-0.0626,-0.5871,0.2368,1.2776
44987.99825,0.4926,-0.3395,-0.0812,-0.412,0.5639,0.7829
44988.02842,-0.6825,-0.4346,-0.0174,-0.4342,0.3918,1.157
44988.05857,-0.002,-0.3678,0.235,-0.443,0.9518,0.2734
44988.08872,0.1391,0.0049,0.1406,-0.7918,0.3147,0.2842
44988.11887,0.0522,0.0572,-0.0641,-0.2885,0.0627,0.4028
44988.14902,0.0383,-0.3665,-0.1281,-0.3932,-0.1794,0.2607
44988.17918,0.2884,-0.3934,-0.1133,-0.3115,-0.4716,-0.0301
44988.20936,-0.0474,0.1156,0.2408,-0.3828,-0.5152,0.4903
44988.23951,0.0823,0.3641,0.0605,0.0731,-0.4144,0.4179
44988.26966,-0.043,-0.1924,0.0156,-0.039,-0.2708,0.4306
44988.29981,0.2596,-0.4816,-0.2325,-0.1796,-0.3031,0.5713
44988.32996,-0.195,0.1512,0.1956,0.1988,0.0003,0.7762
44988.36011,-0.0741,-0.0593,0.3267,0.2071,0.3458,0.6911
44988.3903,0.1815,0.1047,0.1303,0.16,0.5162,0.6282
44988.42045,0.4168,-0.1748,0.0058,0.1654,-0.0251,1.0905
44988.4506,-0.1427,-0.1815,0.1576,-0.6571,0.3361,0.675
44988.48075,0.3957,-0.1777,0.6353,-0.0211,-0.0063,0.977
44988.5109,-0.3316,0.0309,0.2616,-0.8015,0.5418,0.6859
44988.54105,0.2126,0.0141,-0.0822,-0.6791,0.3584,0.3788
44988.5712,0.0999,0.0487,0.0752,-0.433,-0.1149,-0.1078
44988.60139,0.2008,-0.3484,0.0586,-0.5572,-0.673,-0.7507
44988.63154,-0.0511,-0.0978,0.1625,-0.823,-0.7942,-0.1519
44988.66169,-0.1926,0.1799,-0.1079,-0.2768,-0.6855,-0.0178
44988.69184,0.1053,-0.1751,0.1385,-0.1283,-0.3696,-0.4152
44988.72199,0.1277,0.0129,0.123,0.0585,-0.6975,-0.0538
44988.75214,0.0213,-0.0407,0.2405,-0.288,-0.5902,-0.5337
44988.78232,-0.0982,0.0064,0.0955,-0.5343,-0.3903,-0.0491
44988.81248,0.0691,0.151,0.0167,0.7,0.3582,-0.0986
44988.84263,0.3013,0.0378,-0.2656,0.2653,0.2037,-0.173
44988.87278,0.3677,0.0138,-0.0885,0.1363,-0.297,0.39
44988.90293,-0.1676,-0.0024,0.3345,-0.1206,0.2644,0.474
44988.93308,-0.1957,0.1753,0.2776,-0.4299,0.7967,0.6381
44988.96326,0.093,-0.0307,0.2669,-0.3326,0.8295,0.9347
44988.99341,0.151,-0.2678,0.2096,0.0616,0.8024,1.0409
44989.02357,-0.0893,-0.2976,0.1994,-0.461,0.5585,0.8202
44989.05372,-0.1449,-0.2882,0.0731,-0.44,0.0463,0.4014
44989.08388,-0.0339,-0.4524,0.1651,-0.534,-0.0973,-0.1068
44989.11403,-0.1976,-0.1093,0.1158,-1.101,-0.3899,-0.3621
44989.14421,0.3322,-0.1043,0.0122,-0.9973,-0.5904,-0.1485
44989.17436,-0.2697,-0.0199,0.0389,-0.5417,-0.3181,0.0157
44989.20451,0.5076,0.0785,-0.11,-1.0987,-0.3694,-0.0582
44989.23466,0.1815,0.0889,-0.0574,-0.9017,-0.646,0.6203
44989.26481,-0.0166,-0.1711,0.0361,-0.3732,0.1574,0.1927
44989.29497,0.2403,-0.1155,-0.0386,0.0548,-0.0765,0.368
44989.32515,0.2215,-0.3525,0.0682,-0.2984,-0.3441,0.5548
44989.3553,0.114,-0.2076,0.2833,-0.1791,-0.3325,0.4984
44989.38545,-0.0282,-0.7288,0.1599,-0.3529,-0.4464,0.5658
44989.4156,-0.034,-0.35,0.1903,-0.6973,-0.1549,0.3365
44989.44575,0.0934,-0.0329,0.5757,-0.6182,0.2067,0.3414
44989.4759,0.1572,-0.1343,0.1632,-0.4768,0.2056,0.5737
44989.50609,-0.0827,-0.2207,0.1587,-0.6041,0.3694,0.7715
44989.53624,0.3632,0.0715,0.3632,-0.7279,0.2104,0.3509
44989.56639,0.1271,-0.1952,0.191,-1.4561,-0.1846,0.3588
44989.59654,0.08,-0.0408,-0.2581,-0.874,-0.1018,0.1773
44989.62669,0.1434,-0.0164,0.1159,-0.3826,-0.3545,0.2455
44989.65684,0.2897,-0.3131,0.1904,-0.301,-0.743,0.308
44989.68703,-0.2469,-0.3036,0.4662,-0.6682,-0.7002,0.2362
44989.71718,0.3674,-0.1142,0.1611,-0.5249,-0.3855,0.1852
44989.74733,0.1106,0.0189,-0.1135,-0.2257,-0.3636,0.389
44989.77748,0.1972,0.0041,0.0432,-0.1569,-0.2216,0.6768
44989.80763,0.0885,-0.0516,0.2475,-0.2123,0.0633,0.2489
44989.83778,0.1923,0.0897,0.2812,-0.6074,-0.0346,0.0006
44989.86796,0.0449,0.0701,0.002,-0.7735,0.0545,0.0438
44989.89812,-0.0201,0.0838,-0.0784,-0.5549,0.4639,0.1605
44989.92827,0.3652,0.0686,-0.1143,-0.3707,0.4918,0.3449
44989.95842,-0.0101,-0.0088,-0.0402,-1.0757,0.556,0.4996
44989.98857,0.3174,-0.1558,0.0436,-1.0182,0.488,0.743
44990.01874,0.3,-0.334,0.2737,-0.7818,0.2044,0.8139
44990.04892,0.0128,-0.6252,0.2869,-0.6056,-0.0142,0.8018
44990.07907,0.205,-0.3206,0.2149,-0.1122,-0.2634,0.1664
44990.10922,0.1138,-0.1543,0.4513,-0.0967,-0.5266,0.0607
44990.13937,-0.1139,-0.0611,0.2429,-0.8159,-0.6095,0.0238
44990.16952,0.1203,-0.129,-0.0376,-0.6654,-0.66,-0.0309
44990.19968,-0.0071,-0.2717,0.2877,-0.4486,-0.73,0.0662
44990.22986,0.1889,-0.2025,0.0721,-1.2312,-0.2737,0.1007
44990.26001,-0.0643,0.2143,-0.2275,-0.5575,-0.1978,0.2625
44990.29016,0.1566,-0.0294,-0.1858,-0.3326,0.2861,-0.2491
44990.32031,0.3318,-0.1955,0.0138,-0.569,0.275,-0.1725
44990.35046,-0.5584,-0.0439,-0.102,-0.6321,0.197,0.6996
44990.38061,1.053,-0.0285,-0.0146,0.2842,0.4387,0.1368
44990.4108,0.2618,-0.0082,0.3415,-0.9273,0.0039,1.055
44990.44095,-0.4532,-0.1761,0.0637,-0.969,0.5103,1.3796
44990.4711,0.1914,-0.0981,0.1421,0.119,0.3227,1.1978
44990.50125,0.6749,-0.3123,0.2514,-0.4471,0.2746,0.9443
44990.5314,0.3425,-0.3462,0.3738,-0.8028,-0.22,0.5615
44990.56155,0.278,-0.2024,0.235,-0.1041,-0.6374,-0.1509
44990.59173,-0.313,-0.1538,0.284,-0.7541,-0.4706,0.134
44990.62189,0.4291,0.2982,-0.1926,-0.6333,-0.2563,-0.2161
44990.65204,0.3732,-0.0469,0.1638,-0.071,-0.9301,0.0031
44990.68219,-0.2371,-0.5278,0.0641,-0.9874,-1.0688,-0.1777
44990.71234,0.1061,-0.3135,0.271,-1.0277,-0.5958,-0.2887
44990.74249,-0.1403,0.2019,0.0925,-0.4991,-0.2218,-0.0403
44990.77267,0.2475,-0.3673,-0.2467,-0.6646,-0.1831,-0.2819
44990.80282,0.3429,-0.2364,0.2559,-0.7329,-0.4726,0.1073
44990.83298,-0.0676,-0.075,0.2299,-1.0311,-0.0376,0.7733
44990.86313,0.63,0.5607,0.0857,-0.4986,0.3841,0.7365
44990.89328,-0.1035,0.2263,-0.0139,-0.5555,0.6931,1.0564
44990.92343,0.0113,-0.2262,-0.2233,-0.3509,0.8586,1.0771
44990.95361,-0.0319,-0.1687,0.0659,-0.9675,0.9181,1.2565
44990.98376,0.2344,0.1523,0.1848,-0.8334,0.8157,0.9703
44991.01391,-0.0102,-0.4504,0.0213,-0.4633,0.3322,0.9768
44991.04407,0.1381,-0.5166,0.2188,-0.0762,-0.2302,0.6201
44991.07422,-0.1166,-0.5335,0.2586,-0.3981,-0.5362,0.1169
44991.10437,0.0412,0.0513,0.0818,-0.9595,-0.7746,0.0673
44991.13455,-0.0582,0.2558,-0.0202,-0.6868,-0.8427,-0.0098
44991.1647,0.0562,0.0751,-0.0998,-0.2809,-0.5458,-0.4681
44991.19485,0.1274,-0.1212,-0.0655,-0.6924,-0.796,0.3659
44991.225,-0.0458,0.1764,-0.1865,-0.7171,-0.2096,0.3735
44991.25516,0.2956,0.1563,-0.1426,0.4302,0.1103,0.1132
44991.28531,0.152,-0.5079,0.4698,-0.6537,-0.3501,0.4196
44991.31549,0.3618,-0.3791,0.1515,-0.6947,-0.3694,0.6376
44991.34564,0.1098,-0.1424,-0.0679,-0.1908,-0.2459,1.1547
44991.37579,-0.2419,-0.2679,0.2587,-0.6283,0.3208,1.0471
44991.40594,-0.1422,-0.4864,0.2353,-0.9155,0.8897,0.9815
44991.43609,0.314,-0.0776,0.1466,0.1327,0.84,1.129
44991.46625,0.0353,-0.0958,0.3789,-0.5721,0.5575,0.7356
44991.49643,0.3213,-0.3479,0.3827,-0.2574,0.1072,0.9273
44991.52658,-0.1536,-0.0362,0.1108,-0.1294,0.0425,0.2702
44991.55673,0.2915,-0.1139,-0.0123,0.0641,-0.5383,0.0907
44991.58688,-0.1367,0.0361,-0.0373,-0.5555,-0.5187,-0.1741
44991.61703,0.1529,0.0673,-0.068,-0.5669,-0.5751,-0.1981
44991.64719,0.4296,0.1034,-0.1783,-0.3323,-0.901,-0.5093
44991.67737,-0.003,-0.2688,0.0723,-0.5209,-1.1616,0.1356
44991.70752,-0.3402,-0.1102,-0.0052,-0.5705,-0.2071,-0.1076
44991.73767,0.489,0.1628,0.053,-0.0137,-0.4765,-0.156
44991.76782,-0.2544,-0.1472,-0.1409,-0.6814,-0.6325,0.5137
44991.79797,-0.1365,-0.5275,0.2157,-0.9296,0.4893,0.1495
44991.82812,-0.2355,0.3285,0.1131,-0.3819,0.7418,1.1661
44991.85831,0.1422,-0.4257,-0.2533,-0.5637,1.0924,0.9278
44991.88846,-0.4909,-0.2306,-0.0715,-0.7705,1.19,1.17
44991.91861,0.2903,-0.2751,0.2021,-0.6132,0.9051,0.8493
44991.94876,-0.3115,-0.1888,0.1052,-1.0362,0.4572,0.8872
44991.97891,0.0908,-0.2846,-0.0281,-0.9577,0.4628,0.129
44992.00906,0.7302,-0.1162,0.122,0.2497,-0.1113,0.1626
44992.03921,-0.2064,-0.1457,0.0629,-0.493,-0.448,-0.2462
44992.06939,1.0734,-0.1556,-0.4764,-0.4283,-0.8357,-1.1175
44992.09955,-2.1542,-0.4642,0.6721,-2.0617,-0.0512,0.9911
44992.1297,2.4881,0.2842,0.2058,3.6127,-2.8904,2.1666
44992.15985,-0.7337,-0.9132,0.254,-2.7597,-1.4342,0.9821
44992.19,0.2887,-0.7287,-0.0831,-0.2771,-0.7627,-0.1317
44992.22015,-0.149,0.1055,0.1209,-0.8311,-0.3722,0.0085
44992.25033,-0.0491,0.1506,-0.2309,-1.1367,-0.0523,0.1388
44992.28048,0.282,0.0739,-0.0956,-0.491,-0.2407,0.5661
44992.31064,-0.2313,-0.4372,0.0859,-0.6311,0.3505,1.0719
44992.34079,0.0727,-0.0719,0.1642,-0.4467,0.998,0.8973
44992.37094,0.023,-0.196,-0.1379,-0.2882,0.713,1.2558
44992.40109,0.1138,-0.4098,0.2655,-0.229,0.8789,1.1619
44992.43127,-0.3182,-0.6029,0.4365,-0.7029,0.9433,1.2859
44992.46142,0.3807,-0.1619,-0.122,0.3149,0.3886,0.928
44992.49157,-0.0803,-0.258,0.4614,-0.3705,-0.0223,0.7272
44992.52173,0.4502,-0.1136,0.1963,-0.4051,-0.4001,0.7051
44992.55188,-0.3655,-0.1155,0.3488,-0.604,-0.7121,0.372
44992.58203,-0.1017,-0.2583,0.1087,-0.1442,-0.3761,-0.0506
44992.61221,0.1603,0.1613,-0.0149,-0.5706,-0.6223,-0.1599
44992.64236,-0.1305,0.1371,0.074,-0.6115,-0.5609,-0.536
44992.67251,0.1155,0.1348,-0.2073,-0.4053,-0.1492,-0.9316
44992.70267,0.2578,0.0418,-0.1413,-0.3769,-0.3808,-0.4873
44992.73282,-0.2281,0.1204,-0.1117,-0.8633,-0.342,-0.185
44992.76297,-0.083,-0.1584,-0.0881,-0.7646,0.092,0.0163
44992.79315,0.2115,0.0667,-0.0055,-0.6089,0.3102,0.5112
44992.8233,-0.0913,0.1144,-0.2506,-0.2849,0.5702,0.8644
44992.85345,0.449,-0.0862,-0.1869,0.0001,0.6903,0.9202
44992.8836,0.2492,0.0318,0.1237,-0.04,0.3032,1.1921
44992.91376,0.0179,-0.1524,0.3766,0.1335,0.1481,1.0906
44992.94391,-0.4098,-0.3422,0.4522,0.1148,0.156,0.8768
44992.97409,-0.4702,-0.362,0.2283,-0.137,0.0637,0.4618
44993.00424,-0.0288,-0.433,0.1246,-0.6304,-0.3323,0.2935
44993.0344,0.0519,0.0567,-0.1884,-0.5486,-0.444,0.0029
44993.06455,-0.3022,0.1692,-0.0721,-0.7808,-0.545,-0.2334
44993.09471,0.2911,0.0183,-0.1313,-0.4246,-0.6636,-0.3109
44993.12486,0.1865,0.1255,-0.2413,-0.611,-0.9081,-0.0338
44993.15504,-0.1511,0.0846,-0.1257,-0.8953,-0.3932,-0.3298
44993.18519,0.4688,0.0228,-0.204,-0.2135,-0.6922,-0.1771
44993.21534,0.016,-0.3765,-0.168,-0.9717,-1.1251,0.5952
44993.24549,-0.0793,-0.4732,0.1562,-0.8583,-0.2097,0.1754
44993.27564,-0.3238,-0.1158,0.2222,0.0778,0.2803,0.8349
44993.3058,0.1737,-0.2586,-0.0683,0.1364,1.1081,0.6154
44993.33598,-0.4526,0.1985,0.0879,-0.317,0.3012,1.2035
44993.36613,-0.0058,-1.2761,0.3159,-0.7261,1.1511,1.5441
44993.39628,0.286,0.1682,0.5196,0.1163,0.8541,1.2702
44993.42643,0.256,-0.2704,0.1911,-0.8228,0.1816,1.0768
44993.45658,0.133,0.1473,0.2405,-1.2599,-0.4235,0.661
44993.48673,0.3435,0.1203,0.335,-0.505,-0.3487,-0.0637
44993.51692,-0.2198,-0.082,0.3598,-1.0524,-0.6369,-0.1885
44993.54707,-0.1317,-0.2686,0.2391,-0.9211,-0.927,0.3165
44993.57722,-0.6419,-0.2709,0.1073,-0.6796,-0.2671,0.325
44993.60737,0.6009,-0.1893,-0.1651,0.0054,-0.0198,-0.605
44993.63752,-0.0073,0.4788,0.0844,-0.5273,-0.9283,-0.1044
44993.66767,0.0878,-0.1436,0.0502,-1.3227,-0.5408,-0.4769
44993.69786,0.0272,0.2378,-0.0833,-0.5811,-0.8787,0.1879
44993.72801,-0.1777,-0.0562,-0.3717,-0.6669,-0.1377,0.4511
44993.75816,-0.117,-0.2936,0.0277,-0.4094,0.2112,0.9781
44993.78831,-0.1064,0.013,-0.105,-0.1836,1.1085,0.7936
44993.81846,0.1943,0.4335,-0.017,0.2127,0.8186,1.2369
44993.84861,0.1287,0.1042,-0.1303,-0.0783,0.6582,1.1466
44993.87879,-0.142,-0.0529,0.2001,-0.0601,0.5429,0.9639
44993.90895,0.012,-0.2742,0.2195,-0.4942,0.3125,0.7349
44993.9391,-0.1899,-0.1235,0.1564,-0.3562,0.0544,0.9075
44993.96925,0.0605,-0.3336,0.0857,-0.0174,-0.1226,0.6189
44993.9994,-0.1909,-0.288,0.1388,-0.3216,-0.3477,0.3098
44994.02956,0.0684,-0.0674,0.1791,-0.6393,-0.5539,0.0555
44994.05975,-0.0259,-0.1783,-0.0294,0.0074,-0.6107,0.273
44994.0899,-0.1891,-0.05,-0.1982,-0.3366,-0.377,0.3898
44994.12005,-0.0103,0.0038,0.0848,0.2986,-0.3282,-0.0197
44994.1502,0.2852,0.0582,-0.1813,0.2157,-0.6699,0.029
44994.18035,-0.381,-0.2047,0.2046,-0.3806,-0.2655,0.5222
44994.2105,0.0958,0.0126,0.0739,0.1632,0.2972,0.4768
44994.24068,0.4991,-0.1615,-0.3756,0.4968,0.1309,0.8418
44994.27084,-0.2493,-0.1055,0.4817,-0.8817,0.4399,0.9707
44994.30099,-0.0721,-0.1326,0.4612,-1.0619,0.7797,0.9227
44994.33114,0.035,0.1581,0.3109,-0.9161,0.6686,0.6482
44994.36129,0.072,-0.4441,0.2313,-1.1198,0.4707,0.6807
44994.39144,-0.0034,-0.1834,0.155,-0.9922,0.3806,0.323
44994.42162,0.0987,0.296,0.1356,-0.8528,-0.2464,0.0575
44994.45177,0.0896,0.2168,0.0193,-1.6579,-0.3745,-0.0194
44994.48193,-0.1303,-0.018,0.071,-1.1834,-0.5112,0.2893
44994.51208,-0.2706,-0.1629,-0.1428,-0.762,-0.4817,0.0505
44994.54223,0.2331,-0.2607,-0.05,-0.1037,-0.4389,-0.1195
44994.57238,-0.0613,0.1431,0.0986,-0.1944,-0.5289,0.1482
44994.60256,-0.1568,-0.1644,-0.0606,-0.4023,-0.3108,-0.0579
44994.63271,-0.2495,-0.0343,0.1464,0.0874,-0.3015,0.13
44994.66286,0.3505,0.0622,0.0135,-0.4759,0.0336,-0.7432
44994.69302,-0.047,0.2953,-0.0335,-1.1018,-0.4824,0.0715
44994.72317,0.2221,-0.012,-0.2345,-0.7734,-0.3277,0.5191
44994.75332,-0.4652,-0.1973,0.2881,-0.9055,0.5997,0.8959
44994.7835,0.2045,0.2892,-0.0926,-0.4185,1.0766,0.776
44994.81365,-0.1532,0.3487,-0.1308,-0.3267,0.95,0.9602
44994.8438,-0.1449,-0.2841,0.2583,-0.2762,0.8711,1.0709
44994.87395,-0.3232,-0.3156,0.1676,-1.7198,0.9888,0.6122
44994.90411,-0.1458,0.0765,0.108,-0.6247,0.3691,0.3437
44994.93426,-0.3452,-0.1075,-0.2972,-0.9599,0.2371,-0.3112
44994.96444,0.293,0.0966,-0.1673,-0.8443,0.1829,0.0554
44994.99459,0.3751,-0.1236,0.2974,-0.5232,-0.3145,0.4371
44995.02475,-0.0462,-0.3654,-0.188,-0.672,-0.2805,0.0864
44995.0549,-0.3446,-0.1491,-0.3135,-0.5172,-0.6095,-0.1951
44995.08505,-0.1486,0.3723,-0.0615,-0.5331,-0.682,0.1242
44995.1152,-0.2152,0.2244,0.0712,-0.1141,-0.4929,0.4791
44995.14538,0.0404,-0.1285,-0.2026,0.2266,-0.2728,0.5486
44995.17553,-0.2597,-0.1543,0.0462,0.0556,-0.4428,0.6936
44995.20568,-0.0763,-0.5469,0.3239,-0.468,0.0318,0.0312
44995.23584,-0.2759,-0.3051,-0.0768,-0.5461,0.3407,0.3757
44995.26599,0.3057,0.6203,0.0604,-0.1743,0.1943,0.62
44995.29614,-0.0023,0.0508,0.0959,-1.0024,0.5059,0.9368
44995.32632,0.2563,-0.1607,0.2403,-0.4883,0.1593,1.1455
44995.35647,-0.0655,-0.1332,0.2782,-1.0361,0.5916,0.4261
44995.38662,-0.2005,-0.2039,0.3943,-0.7766,0.0523,0.3925
44995.41677,0.5226,0.1154,-0.3845,-1.256,0.0764,-0.6775
44995.44693,0.4537,0.1086,0.3133,-1.4393,-0.5052,-0.1259
44995.47708,-0.0494,-0.0992,0.2639,-1.3915,-1.0047,0.1239
44995.50726,-0.5928,-0.6498,-0.2973,-1.8594,0.4372,-0.5344
44995.53741,0.5381,0.5172,0.0132,0.22,-0.8936,0.2519
44995.56756,0.5402,0.0195,-0.1536,-1.2513,-1.0735,-0.4027
44995.59771,-0.1744,0.0627,0.5202,-0.6515,-0.5836,0.0285
44995.62786,-0.1945,0.2773,-0.0696,-0.3394,-0.5084,0.0616
44995.65802,-0.0761,-0.3654,-0.3017,-0.2819,-0.319,0.3005
44995.6882,0.6462,-0.1274,0.2079,0.6268,-0.1569,0.3243
44995.71835,-0.3348,-0.1176,0.1928,-1.073,0.3182,0.608
44995.7485,0.3087,0.6955,-0.0489,0.583,0.0399,1.1407
44995.77865,-0.1134,0.0883,0.133,0.1782,0.5007,1.3682
44995.8088,-0.0995,-0.4308,0.0344,-0.3915,0.6695,1.4511
44995.83896,-0.0504,0.003,0.22,-0.3516,1.0956,1.2618
44995.86914,0.2562,-0.0035,0.2425,-0.5966,0.6651,1.2807
44995.89929,-0.0496,0.3788,0.0633,-0.7638,0.4126,0.6497
44995.92944,0.2393,-0.4929,0.2525,-0.0696,-0.2648,0.5076
44995.95959,-0.4353,-0.3601,0.2678,-0.7035,-0.3996,0.355
44995.98974,-0.1306,0.0727,0.14,-1.2156,-0.2466,0.1865
44996.01989,0.182,0.3592,0.1552,-0.513,-0.9325,0.3715
44996.05004,-0.1412,-0.3397,-0.0682,-1.3253,-0.497,-0.145
44996.08022,0.0535,-0.027,0.0983,-0.5265,-1.0679,0.3491
44996.11037,-0.1688,-0.4061,0.2217,-0.6624,-0.8785,0.7226
44996.14052,-0.1758,0.1473,0.369,-0.1346,-0.0158,0.2067
44996.17067,0.1393,0.0733,-0.3438,0.1775,-0.2057,0.2741
44996.20082,0.0713,-0.2236,-0.1158,-0.1773,-0.5937,0.4152
44996.23097,0.1659,-0.3562,0.0565,0.0891,0.0501,0.9155
44996.26116,-0.3081,0.0415,0.1109,0.1204,0.7228,1.4169
44996.29131,0.22,0.369,0.1908,0.4749,0.3897,0.9795
44996.32146,0.1268,-0.1628,0.6677,-0.0775,0.4407,1.2541
44996.35161,0.0179,-0.1771,0.3944,-0.6259,0.8481,1.0895
44996.38176,0.3214,-0.2568,-0.106,-0.0396,0.5312,0.444
44996.41191,-0.0109,-0.0966,0.2815,-0.5361,-0.0688,0.4389
44996.4421,0.135,0.2394,0.2485,-1.3178,-0.0734,-0.4188
44996.47225,0.1459,0.3217,0.24,-0.7424,-0.3645,-0.2534
44996.5024,-0.2637,0.1247,-0.0662,-0.6083,-0.1106,0.0278
44996.53255,0.4042,-0.1198,-0.1578,-0.3202,-0.2849,-0.156
44996.5627,0.3514,-0.1276,-0.1595,-1.0314,-0.6966,-0.7087
44996.59285,-0.4691,0.1809,0.4194,-0.9779,-0.3579,-0.6152
44996.62303,0.0921,0.5987,-0.1367,-0.6459,-0.594,-0.1791
44996.65319,0.0032,-0.2949,-0.2403,-0.5781,-0.7348,-0.0902
44996.68334,-0.1414,-0.2948,0.0015,-0.3442,-0.5827,-0.1625
44996.71349,0.1431,0.0364,0.2992,-0.2894,-0.1526,-0.3304
44996.74364,0.0335,0.3522,-0.1236,-0.2343,-0.1508,0.8387
44996.77379,0.1419,0.1985,-0.0978,0.2886,0.6817,0.8777
44996.80397,0.0471,-0.222,0.0766,0.0698,0.9651,0.9844
44996.83412,0.294,-0.1993,0.0277,-0.0928,0.767,1.1837
44996.86428,-0.1478,0.2561,0.2537,-0.1399,0.7763,0.7634
44996.89443,0.0026,-0.0542,0.2623,0.089,0.5091,0.4569
44996.92458,0.0761,-0.2595,0.3197,0.1905,-0.0286,0.6348
44996.95473,-0.0632,-0.1208,0.0002,-0.6035,-0.1458,0.0094
44996.98491,0.062,0.0943,0.0665,-0.5725,-0.6808,-0.1925
44997.01506,0.0576,0.0987,0.0224,-0.4697,-0.5552,-0.2031
44997.04522,-0.1004,-0.0017,-0.0406,-0.5286,-0.5684,0.0748
44997.07537,-0.1055,-0.0688,-0.23,-0.5125,-0.3586,-0.0188
44997.10553,0.1188,0.239,-0.0082,-0.1602,-0.2709,-0.1322
44997.13568,-0.1605,0.0252,0.1944,-0.4437,0.0135,0.0396
44997.16586,0.2128,0.2952,-0.2279,-0.1786,0.1877,-0.0186
44997.19601,0.219,0.1811,0.0025,-0.2919,-0.3816,0.407
44997.22616,0.1812,-0.014,0.1123,-0.2302,0.2513,-0.0727
44997.25631,-0.0093,-0.0325,-0.0008,-0.173,0.0831,0.4694
44997.28646,0.1795,-0.0004,0.0015,-0.4125,0.2571,0.4971
44997.31662,-0.1875,0.0198,0.2179,-0.079,0.7317,0.6861
44997.3468,0.188,-0.2314,0.1898,0.0052,0.7259,0.6937
44997.37695,-0.1148,-0.1071,0.1584,-0.512,0.5792,0.4641
44997.4071,0.5141,-0.1282,0.0549,-0.0877,-0.2647,0.5129
44997.43725,-0.3705,0.071,0.2544,0.1403,-0.4191,0.112
44997.4674,-0.1688,-0.2534,0.0155,0.0557,-0.5001,-0.3529
44997.49755,-0.0529,-0.0562,-0.0957,-0.4668,-0.5603,-0.9038
44997.52774,0.0893,-0.1917,0.1122,-0.331,-0.8029,-0.4872
44997.55789,-0.0986,0.261,-0.0185,-0.2019,-0.851,-0.2435
44997.58804,-0.0129,0.2785,-0.0194,0.0141,-0.41,-0.7095
44997.61819,0.0865,0,-0.1434,-0.45,-0.8763,-0.4365
44997.64834,-0.0836,0.0035,0.0385,-0.2901,-0.3711,-0.3898
44997.67849,0.2624,0.0631,0.1369,-0.4892,-0.3671,-0.0328
44997.70867,-0.1233,0.4313,-0.2318,0.0872,0.4681,0.3699
44997.73883,0.4757,0.5638,-0.1534,0.7245,0.1062,0.5264
44997.76898,-0.2712,-0.2066,0.1235,0.2614,0.7915,0.9266
44997.79913,0.3499,0.0721,-0.3816,0.8936,0.7119,1.0552
44997.82928,-0.3093,-0.0001,0.0963,0.7214,1.2705,1.0121
44997.85943,0.3306,0.4534,0.2069,1.2038,0.7264,0.7316
44997.88961,-0.3434,-0.1655,0.3662,0.3947,0.67,0.7879
44997.91976,-0.1332,0.0386,0.1267,0.5342,0.4688,0.2561
44997.94992,0.0085,-0.2781,-0.0181,0.5495,0.0724,-0.0635
44997.98007,-0.2374,-0.1635,0.1329,0.2311,-0.1452,-0.197
44998.01022,0.4084,0.1738,0.0719,-0.5009,-0.3924,-0.2469
44998.04039,-0.2511,0.0983,-0.1487,0.1621,-0.6461,0.1735
44998.07057,0.2916,0.1555,-0.08,0.1716,-0.5309,-0.2931
44998.10072,-0.0474,0.2844,0.3311,-0.4067,-0.7289,-0.1466
44998.13087,-0.1728,-0.0441,0.3296,0.2986,-0.2077,-0.1579
44998.16102,0.375,0.1497,-0.2599,-0.3546,-0.5537,-0.1848
44998.19117,-0.101,0.0828,-0.155,-0.9337,-0.4216,-0.5429
44998.22132,0.2016,-0.1238,0.1395,-0.3726,-0.1858,-0.2495
44998.25151,0.006,0.123,-0.417,-0.5107,0.1067,0.3772
44998.28166,0.1212,0.4165,0.0102,-0.6239,0.3127,0.4684
44998.31181,-0.0613,0.3038,0.1984,0.1005,0.6235,0.6032
44998.34196,0.0698,-0.1998,0.249,0.0258,0.5771,0.7258
44998.37211,-0.0766,-0.1671,0.1983,0.0519,0.5725,0.2733
44998.40226,0.0908,-0.2111,0.1539,-0.0709,0.0534,0.203
44998.43244,0.0294,-0.1444,0.3276,-0.641,-0.1606,0.0071
44998.4626,-0.1045,0.4546,-0.0355,1.1167,0.0656,-0.2446
44998.49275,0.1482,-0.1646,-0.1931,0.5209,-0.5542,-0.2607
44998.5229,0.0964,-0.1565,0.1831,-1.067,-0.8323,-0.0263
44998.55305,0.0288,0.3586,-0.1565,-0.0005,-0.4882,0.0001
44998.5832,0.061,0.1898,0.0062,0.0389,-0.575,0.0123
44998.61338,-0.1539,-0.0669,0.1154,-0.2905,-0.5258,0.0839
44998.64353,0.2196,0.1845,-0.0541,-0.0643,-0.4182,-0.208
44998.67369,0.1047,0.2671,-0.1686,-0.2801,-0.4037,-0.1429
44998.70384,0.1439,0.1127,-0.1683,-0.2645,-0.1841,-0.0953
44998.73399,-0.042,0.1777,0.136,-0.1604,0.1239,-0.0693
44998.76414,0.1048,0.2515,-0.0918,-0.4355,0.0995,-0.0602
44998.79432,0.074,0.2384,-0.0786,-1.6621,0.0998,-0.1902
44998.82447,0.1321,0.2172,-0.2261,-1.7011,-0.0597,-0.1058
44998.85462,-0.0082,0.2659,-0.0068,-1.1547,-0.2354,-0.1043
44998.88478,0.0826,0.2162,0.1183,-1.2449,-0.3277,-0.2934
44998.91493,-0.0207,0.0078,0.2464,-0.803,-0.2328,-0.091
44998.94508,-0.0915,-0.0937,0.3757,-0.8729,-0.1042,-0.1212
44998.97526,0.0991,0.0793,0.3047,-1.2105,-0.1554,-0.2097
44999.00541,0.1095,0.017,0.2928,-1.3294,-0.2071,-0.222
44999.03557,0.0685,0.0776,0.2442,-0.4891,0.0599,-0.0125
44999.06573,0.1092,-0.2134,0.366,0.0752,0.2935,0.6253
44999.09588,0.0967,0.0454,0.2385,0.0923,0.3645,0.689
44999.12603,-0.01,0.0496,0.0827,0.5548,0.4726,0.6465
44999.15621,-0.1247,0.122,0.2814,0.8191,0.39,0.3446
44999.18636,0.1736,-0.1789,0.446,0.6718,0.2325,0.5336
44999.21651,0.0776,0.4362,-0.3017,1.4277,0.8476,0.3242
44999.24666,0.1219,0.0033,-0.5553,1.5816,0.7854,0.0737
44999.27682,0.4079,0.1537,0.0073,0.4118,0.3991,-0.1093
44999.30697,0.3145,0.0025,0.1796,0.0581,0.3131,-0.4259
44999.33715,0.0288,-0.1686,0.0504,-0.5225,0.1123,-0.3191
44999.3673,0.1255,0.0853,0.0566,0.469,0.5352,-0.0548
44999.39745,0.0654,0.149,0.1788,0.2778,0.42,-0.1008
44999.4276,0.0926,-0.0146,0.0616,0.183,0.2003,0.0846
44999.45775,0.0293,-0.0647,0.071,0.2336,0.2691,-0.0218
44999.48791,0.1286,-0.0989,0.0954,0.1767,0.2527,-0.0883
44999.51809,0.0084,0.1763,0.0874,0.4591,0.3727,-0.1822
44999.54824,0.0855,0.1129,0.0794,0.2173,0.2906,-0.1981
44999.57839,-0.0386,-0.0185,0.0762,-0.4501,0.0935,-0.2699
44999.60854,0.0559,-0.0175,0.0497,-0.8945,0.0848,-0.5915
44999.63869,0.0329,0.0482,-0.1812,-0.8627,0.1978,-0.7467
44999.66884,0.0154,-0.04,-0.1861,-0.9433,0.2094,-0.9906
44999.69903,-0.0683,-0.0037,-0.0593,-1.0167,0.11,-0.9241
44999.72918,-0.023,0.0816,0.0932,-1.0793,0.171,-0.7397
44999.75933,0.0271,0.1176,-0.046,-0.8697,0.163,-0.1438
44999.78948,-0.0367,0.0095,-0.1118,-1.4265,-0.018,-0.3137
44999.81963,-0.211,-0.072,0.4147,-0.9401,-0.3765,-0.0751
44999.84978,-0.2267,0.0477,0.5275,-1.447,-0.3098,0.0531
44999.87997,0.0676,0.4571,0.2077,-3.3706,-0.5454,0.0873
44999.91012,0.0446,0.3324,-0.0425,0.434,-0.3738,0.4903
44999.94027,0.1175,0.1397,-0.0075,0.1281,-0.3349,0.3137
44999.97042,0.3073,-0.136,-0.1255,0.0754,-0.1825,0.5597
45000.00057,-0.0448,0.1681,0.0097,-0.2146,-0.035,0.2578
45000.03072,-0.3282,0.2328,0.1216,1.3695,0.387,0.5742
45000.0609,-0.0734,0.0474,0.205,1.5527,0.476,0.8692
45000.09105,0.3934,0.0165,-0.0201,1.3472,0.4297,0.752
45000.1212,0.0651,0.0959,0.0944,0.294,0.09,0.5471
45000.15135,-0.0075,0.1544,0.1762,-0.1054,-0.3158,0.504
45000.18151,0.035,0.1001,0.1496,-0.8354,-0.6591,0.4384
45000.21166,-0.1479,0.2052,-0.2759,-1.5543,-0.9417,0.568
45000.24184,0.057,-0.0337,0.1033,-2.0679,-0.8481,0.1798
45000.27199,-0.2026,0.2816,0.0911,-1.785,-0.2636,-0.2283
45000.30214,-0.1207,0.1917,-0.1487,-2.144,-0.1603,-0.5842
45000.33229,0.0275,0.2591,0.0168,-2.3459,-0.1626,-0.746
45000.36244,0.13,-0.0058,0.295,-1.7764,-0.1107,-0.7555
45000.3926,0.4366,-0.1148,0.1289,-2.1167,-0.2013,-1.1995
45000.42278,0.527,-0.0232,-0.2349,-1.723,-0.0225,-1.3869
45000.45293,0.5434,-0.1769,-0.5525,-1.7249,-0.0208,-1.3153
45000.48308,0.3832,0.0263,-0.4207,-1.716,-0.3865,-1.4346
45000.51323,0.1878,0.0908,-0.148,-1.4853,-0.8378,-1.5018
45000.54338,0.0017,0.2748,-0.2856,-1.1498,-0.9686,-1.6681
45000.57353,0.0055,-0.046,-0.2039,-0.1758,-1.0396,-1.6439
45000.60372,0.0369,-0.0361,-0.0796,-1.3121,-0.9967,-1.6718
45000.63387,-0.2129,0.3231,0.1089,-0.8916,-0.5588,-1.8081
45000.66402,-0.2105,-0.0348,0.1713,-0.862,-0.5345,-1.9544
45000.69417,-0.0877,-0.2267,0.0606,-1.0279,-0.6011,-1.9508
45000.72432,-0.0024,-0.2378,0.0007,-0.9611,-0.614,-1.9776
45000.75447,0.0443,-0.2966,-0.0076,-0.7054,-0.5046,-1.74
45000.78465,-0.1909,-0.2296,0.0375,-0.7346,-0.3556,-1.4748
45000.81481,-0.1836,-0.1715,0.0967,-0.7751,-0.1778,-1.1997
45000.84496,-0.2443,-0.1488,0.1807,-0.6628,0.0803,-1.0554
45000.87511,-0.2577,-0.2332,0.1243,-0.8704,0.0722,-0.9755
45000.90526,-0.2884,-0.3569,0.2923,0.5619,0.1892,-0.961
45000.93541,-0.3423,-0.263,0.1473,-2.1706,0.451,-0.9561
45000.96559,-0.089,-0.13,-0.3004,-1.4024,0.584,-1.1018
45000.99574,0.0236,-0.001,0.0323,0.2732,0.5477,-0.6806
45001.0259,0.0664,0.0507,-0.0169,-0.1144,0.179,-0.5277
45001.05604,0.004,0.1436,0.0046,1.1146,-0.0846,-0.311
45001.08619,-0.0593,0.0535,-0.0084,0.8455,-0.0831,-0.1744
45001.11635,-0.0984,0.1945,0.1151,1.0428,0.093,-0.1375
45001.14653,-0.0396,0.0724,0.1126,0.821,0.2293,-0.0726
45001.17668,0.0429,-0.014,0.0236,0.2343,0.2227,0.0528
45001.20683,-0.091,0.0525,0.1138,-0.0323,0.194,0.0618
45001.23698,0.0925,0.1857,0.0649,-0.1609,0.1283,0.0762
45001.26713,0.0341,-0.1233,0.0361,-0.2534,0.0647,0.0627
45001.29729,0.0384,-0.1353,0.0994,-0.0636,-0.0549,-0.077
45001.32747,0.0217,0.014,0.1297,-0.6092,-0.1351,-0.1531
45001.35762,0.1053,-0.0956,0.0814,-0.9552,-0.1241,-0.1193
45001.38777,-0.0209,0.163,0.0549,-0.3346,-0.0692,-0.1416
45001.41792,-0.0064,-0.067,0.109,-0.7888,-0.0377,-0.0521
45001.44807,0.076,0.0554,-0.007,-0.5262,-0.0258,0.0638
45001.47822,-0.0228,-0.0036,0.0453,-0.259,-0.1405,0.0965
45001.50841,0.0603,0.0678,-0.0369,-0.2773,-0.2431,0.1182
45001.53856,0.012,0.0146,-0.0214,-0.1761,-0.2139,0.3132
45001.56871,0.1779,-0.2118,0.0621,0.6335,-0.3382,0.4459
45001.59886,-0.2093,0.0114,0.0547,1.8286,-0.565,-0.0462
45001.62901,-0.0426,-0.1384,-0.0459,1.2562,-0.3742,0.1031
45001.65916,-0.0157,0.0243,-0.0977,1.0518,-0.1741,0.3696
45001.68935,-0.0911,0.0769,-0.1203,0.7235,0.0787,0.3272
45001.7195,-0.0778,-0.0681,0.0122,0.6886,0.0499,0.1836
45001.74965,-0.0047,-0.3165,0.0547,-0.0353,-0.2379,0.1281
45001.7798,0.1508,-0.0733,-0.1905,0.3712,-0.0825,0.0774
45001.80995,0.0893,0.1415,-0.0026,0.1054,-0.0143,-0.0411
45001.8401,0.0976,0.045,0.0398,-0.4548,0.0352,0.1489
45001.87028,0.072,-0.3884,0.0665,-1.7253,-0.2005,0.2129
45001.90043,-0.1552,0.0927,-0.2161,-0.3429,0.1989,-0.131
45001.93059,-0.0782,-0.0357,-0.1098,-0.5992,0.2528,-0.1919
45001.96074,0.0145,-0.034,-0.0679,-0.2312,0.2063,-0.2089
45001.99089,0.0814,0.0947,0.0375,0.5127,0.236,-0.2206
45002.02104,0.2329,-0.028,-0.027,0.2413,0.285,-0.0109
45002.05123,0.1815,0.1213,-0.021,-0.5211,0.2814,0.1111
45002.08138,0.0422,0.0042,0.0063,-0.669,0.1864,-0.1123
45002.11153,-0.018,0.028,-0.0095,-0.522,0.1287,-0.2142
45002.14168,0.044,0.0029,-0.0646,-0.3452,0.0941,-0.1201
45002.17183,0.0034,0.0247,-0.018,-0.0899,0.1375,-0.0745
45002.20198,0.0077,-0.01,-0.0197,-0.0344,0.2301,-0.0609
45002.23217,0.0607,-0.0722,0.0181,-0.1392,0.1722,0.0412
45002.26232,0.0559,-0.056,0.0483,0.0074,0.1078,0.1543
45002.29247,0.1499,-0.0882,0.0439,0.4329,0.0479,0.1865
45002.32262,0.2044,-0.0595,0.0598,0.8798,0.0556,0.3165
45002.35277,0.2242,-0.5311,0.1429,-0.5376,-0.2969,0.5346
45002.38292,0.0181,-0.2111,0.055,0.0863,-0.1962,0.365
45002.41311,-0.0291,0.0607,0.0537,-0.0751,-0.124,0.5536
45002.44326,0.0155,-0.0269,-0.0309,0.2493,-0.0885,0.5981
45002.47341,0.0269,-0.1139,-0.0346,0.1855,-0.0917,0.6408
45002.50356,0.2479,0.7742,-0.1986,-0.778,-0.4872,-0.2501
45002.53371,0.2186,0.6624,-0.0605,0.6626,-0.6185,-0.323
45002.56386,-0.7892,0.063,-0.1894,1.1891,-0.1812,-0.6121
45002.59404,0.5098,0.4368,0.1418,0.8841,-0.1043,0.5988
45002.6242,0.2596,-0.1132,0.0978,0.3312,-0.2093,0.055
45002.65435,0.1023,0.2115,0.168,0.538,-0.1271,0.4174
45002.6845,0.2009,-0.0004,0.1301,0.1511,-0.3198,0.1085
45002.71465,-0.1174,-0.2935,0.0252,0.5468,-0.211,0.1601
45002.7448,-0.1478,-0.0339,-0.2965,2.8496,-0.2093,0.0294
45002.77498,-0.0803,-0.3227,-0.0364,0.3012,-0.3729,0.272
45002.80513,-0.0435,-0.029,0.0258,0.3275,-0.3362,0.3578
45002.83529,0.0019,-0.0482,0.1127,0.6884,-0.3222,0.5712
45002.86544,-0.1046,0.1108,0.0383,1.1629,-0.1457,0.6812
45002.89559,0.0076,-0.095,-0.0402,0.6675,-0.2275,0.65
45002.92574,0.3085,0.2925,-0.3575,-0.4582,-0.5954,0.2212
45002.95592,-0.1177,0.2668,0.2848,0.2354,-0.4346,0.281
45002.98607,0.0684,0.3408,0.0034,0.6425,-0.2604,-0.0262
45003.01622,0.0752,-0.0897,0.1751,0.8045,-0.1957,0.09
45003.04639,-0.0806,0.0151,0.225,1.2739,0.1282,0.0235
45003.07654,-0.0844,0.0455,0.0738,2.5569,0.3382,-0.015
45003.10669,-0.0531,0.0007,0.0202,3.2087,0.2663,-0.1131
45003.13688,-0.0269,-0.3802,0.1372,2.9341,0.3504,-0.0412
45003.16703,0.0118,-0.011,0.0923,0.6921,0.2627,-0.5207
45003.19718,-0.1162,-0.6743,-0.0291,-0.7184,0.4077,0.2241
45003.22733,-0.0095,0.1861,-0.4935,-1.9379,-0.4261,-0.0864
45003.25748,0.0215,-0.2087,0.2399,-2.2571,-0.5207,0.0643
45003.28763,0.0547,0.3398,-0.0075,-0.7778,-0.3231,0.1426
45003.31781,0.0079,-0.3699,-0.2055,-1.3257,-0.5039,0.0945
45003.34797,0.0385,0.0178,-0.0036,-2.7247,-0.7672,0.0555
45003.37812,-0.2225,0.2394,0.1735,-1.099,-0.2142,-0.1137
45003.40827,0.0187,-0.0121,-0.1531,-0.6897,-0.255,-0.2162
45003.43842,0.1128,-0.0038,0.0208,-0.897,-0.4347,-0.0263
45003.46857,0.0276,0.1976,-0.038,-0.6549,-0.5513,-0.1723
45003.49875,-0.1528,-0.1512,-0.0099,-0.4912,-0.4254,-0.1027
45003.5289,-0.0041,-0.0168,0.026,-0.2319,-0.2381,-0.0229
45003.55906,0.0608,0.0751,-0.1092,0.2053,-0.0482,0.0143
45003.58921,-0.0971,0.2162,0.0193,0.6636,0.1123,-0.2053
45003.61936,-0.1472,-0.1575,0.0922,0.4037,-0.0552,-0.209
45003.64951,-0.0263,-0.0193,0.1429,0.3179,0.0493,-0.1206
45003.67969,0.0569,-0.0758,-0.0163,-0.2372,-0.2216,-0.0955
45003.70984,-0.0271,0.1346,0.0681,-0.3558,-0.3211,-0.1542
45003.73999,-0.0954,0.1323,0.0625,0.2809,-0.1691,-0.1768
45003.77015,0.1258,0.0336,0.029,1.1184,0.1498,-0.0536
45003.8003,0.0198,-0.023,-0.0955,1.681,0.6451,0.0685
45003.83045,0.0066,-0.0138,-0.1581,1.9228,0.7809,0.1896
45003.86063,-0.204,0.1713,0.0793,2.4581,0.5999,0.0403
45003.89078,-0.0729,0.0274,0.2027,2.7888,0.5908,-0.1102
45003.92093,-0.0447,-0.1156,-0.0062,2.2267,0.4897,0.0777
45003.95108,-0.0238,-0.2206,-0.0492,2.2152,0.152,0.1158
45003.98124,0.0882,-0.1526,-0.0348,0.9084,-0.2619,0.172
45004.01139,0.0149,-0.0685,0.0581,0.4706,-0.2872,0.276
45004.04159,0.0151,0.1056,-0.0792,0.8147,-0.2791,0.2658
45004.07174,-0.0316,-0.0252,-0.1279,1.573,-0.152,0.3694
45004.10189,-0.0945,-0.0742,-0.0004,1.2873,0.0076,0.3338
45004.13204,-0.0334,0.0815,-0.0032,0.6738,0.1493,0.1843
45004.16219,0.002,0.0495,0.0161,1.1439,0.2691,0.1399
45004.19234,0.0505,0.1284,0.0369,1.7215,0.2747,0.1706
45004.22253,0.0037,0.0182,0.0665,2.1786,0.3512,0.2252
45004.25268,-0.0118,-0.1125,0.0762,1.783,0.3912,0.2806
45004.28283,-0.0136,-0.2031,0.0053,0.7508,0.2908,0.3684
45004.31298,-0.0359,-0.1219,0.0058,-0.1015,0.1286,0.3212
45004.34313,-0.0049,0.1093,0.0934,0.0099,0.0962,0.2986
45004.37328,0.0024,0.0025,0.0396,0.7121,0.1734,0.3921
45004.40346,-0.009,-0.0783,0.0121,0.7512,0.1498,0.378
45004.43362,-0.0167,-0.0193,-0.1859,0.3135,-0.0511,0.2252
45004.46377,0.0119,0.0758,0.0052,0.5717,-0.1211,-0.051
45004.49392,0.0288,-0.1437,0.2083,0.8919,0.0306,-0.1222
45004.52407,0.1601,0.2468,0.0031,2.0814,-0.3149,-0.2569
45004.55422,0.0922,-0.1899,-0.0432,2.8821,-0.2272,-0.3686
45004.5844,0.2169,0.131,-0.0701,2.0856,-0.5221,-0.7579
45004.61455,0.1859,0.1223,0.0882,0.8958,-0.6426,-0.8994
45004.64471,0.1801,-0.0813,-0.0534,-0.47,-0.8395,-0.8299
45004.67486,0.2161,-0.1055,0.0601,-1.0779,-0.856,-0.972
45004.70501,0.2364,-0.1263,0.077,-0.9554,-1.0339,-0.6373
45004.73516,0.2852,-0.0334,0.0885,-1.1466,-1.1755,-0.5659
45004.76534,0.1588,-0.1376,0.3555,-2.4369,-1.2772,-0.2389
45004.79549,0.0468,0.0326,0.3441,-2.7297,-1.0297,-0.1518
45004.82564,-0.0315,0.0115,0.2744,-2.8063,-0.4763,-0.2772
45004.8558,-0.0775,-0.2092,0.1954,-3.1965,-0.0586,-0.3377
45004.88595,-0.1946,-0.2245,0.0658,-3.0118,0.5476,-0.2399
45004.9161,-0.153,-0.2702,-0.0761,-2.7261,1.1166,-0.0748
45004.94628,-0.0627,-0.1747,-0.3762,-1.7279,1.2355,0.1316
45004.97643,-0.0391,-0.1392,-0.2861,-0.5999,1.2599,-0.0197
45005.00658,0.0059,0.1722,-0.4362,1.108,1.1789,-0.3026
45005.03671,-0.0152,-0.1723,-0.2181,0.5196,0.9152,-0.3791
45005.06686,0.0542,-0.2237,-0.1592,-0.7091,0.5506,-0.0765
45005.09702,0.0175,-0.2166,-0.1778,-1.1465,0.22,0.3205
45005.1272,-0.0369,-0.1874,-0.0641,-0.9149,0.0954,0.6055
45005.15735,-0.0497,-0.1282,-0.0332,-0.5001,0.1452,0.8566
45005.1875,-0.0412,0.0445,-0.112,-0.2298,0.3242,1.0573
45619.16236,0.4495,-0.4326,-0.0146,-1.5546,-0.3202,-0.56
45619.19255,0.2849,-0.3586,-0.0301,-1.1935,-0.6099,-0.459
45619.2227,0.1513,-0.2814,0.0177,-1.3734,-0.8568,-0.4579
45619.25285,0.0562,-0.1843,0.0557,-1.3484,-1.0902,-0.3976
45619.283,0.1394,-0.0483,0.1645,-0.833,-1.3222,-0.2382
45619.31315,0.1411,-0.0291,0.2147,-0.5206,-1.3658,0.0079
45619.3433,0.0078,0.0069,0.2196,-0.2778,-1.2245,0.1023
45619.37349,-0.0543,0.0479,0.2092,0.1683,-1.0069,0.1537
45619.40364,0.0084,0.054,0.2397,0.3675,-0.6925,0.2718
45619.43379,0.0773,0.0976,0.2161,0.2898,-0.4797,0.1236
45619.46394,0.1003,0.0511,0.2246,0.2867,-0.3957,-0.1507
45619.49409,0.0645,-0.0077,0.227,0.3515,-0.2838,-0.3209
45619.52424,0.0174,-0.0781,0.1635,0.3019,-0.2166,-0.4274
45619.55443,-0.0297,-0.1649,0.0997,0.2427,-0.1778,-0.4411
45619.58458,-0.0581,-0.1644,-0.058,0.4634,-0.1793,-0.3703
45619.61473,-0.0143,-0.185,-0.1082,0.6775,-0.2295,-0.1939
45619.64488,0.0225,-0.2417,-0.0845,0.5509,-0.2916,0.0825
45619.67503,0.0457,-0.253,-0.0495,0.1356,-0.3436,0.3319
45619.70524,0.0537,-0.1854,-0.0937,0.0084,-0.4046,0.4457
45619.73539,-0.0085,-0.1362,-0.0671,-0.0527,-0.4287,0.4262
45619.76554,-0.0038,-0.0957,-0.024,-0.0248,-0.4884,0.3744
45619.79569,0.0449,-0.0629,0.0483,-0.2707,-0.5545,0.3747
45619.82585,0.0903,-0.0037,0.1168,-0.6412,-0.5475,0.3967
45619.856,0.0993,0.085,0.1338,-0.502,-0.5782,0.4106
45619.88618,0.0798,0.1501,0.1831,-0.3493,-0.5491,0.426
45619.91633,0.0769,0.1771,0.2347,-0.4679,-0.481,0.3889
45619.94648,-0.0139,0.1564,0.2167,-0.4434,-0.2007,0.2905
45619.97663,-0.0777,0.1781,0.0829,0.1301,0.1331,0.1204
45620.00678,-0.0923,0.1416,-0.0376,0.6203,0.344,0.0093
45620.03697,0.0093,0.1003,-0.054,0.6084,0.419,-0.0169
45620.06712,0.1766,0.1225,-0.0628,0.3854,0.365,0.0776
45620.09727,0.316,0.1738,-0.1597,0.3423,0.2324,0.1257
45620.12742,0.3572,0.1819,-0.1618,0.4147,0.1633,0.0333
45620.15757,0.3887,0.1306,-0.1655,0.346,0.1678,-0.1165
45620.18772,0.3781,0.0953,-0.2346,0.5754,0.1429,-0.2436
45620.21791,0.2888,-0.0193,-0.2566,0.658,0.044,-0.3598
45620.24806,0.1917,-0.1002,-0.204,0.3482,-0.0865,-0.4339
45620.27821,0.1152,-0.1611,-0.0862,-0.0745,-0.1573,-0.4114
45620.30836,0.1425,-0.1383,-0.0551,0.1109,-0.1756,-0.3568
45620.33851,0.1216,-0.1817,-0.0559,0.1705,-0.3445,-0.3729
45620.36866,0.0994,-0.2165,0.0495,-0.1694,-0.448,-0.3121
45620.39884,0.1147,-0.2321,0.2124,-0.6612,-0.3565,-0.2297
45620.429,0.1966,-0.2604,0.3378,-0.5296,0.0776,-0.0723
45620.45915,0.121,-0.2865,0.2185,0.4468,0.3949,0.1891
45620.4893,0.0539,-0.3782,0.1987,0.467,0.5397,0.5849
45620.51945,-0.0581,-0.3926,0.2039,-0.1898,0.5628,0.9639
45620.54963,-0.1692,-0.2918,0.1503,-0.377,0.5225,1.2115
45620.57978,-0.3001,-0.1086,0.0464,-0.3161,0.2951,1.166
45620.60993,-0.3864,-0.075,0.1514,-0.4546,0.2258,1.0841
45620.64009,-0.3197,0.0521,0.1896,-0.6941,0.2647,1.0156
45620.67024,-0.2584,0.1999,0.1164,-0.6166,0.2923,0.818
45620.70039,-0.2058,0.2898,0.1257,-0.3649,0.3793,0.5666
45620.73057,-0.1181,0.3644,0.0843,-0.0079,0.4659,0.28
45620.76072,-0.0943,0.325,0.009,0.3153,0.4951,-0.0157
45620.79087,-0.1026,0.2848,-0.0186,0.4474,0.3927,-0.2869
45620.82102,-0.0693,0.1939,-0.011,0.4649,0.1901,-0.3536
45620.85117,-0.0349,0.1144,0.0869,0.2713,0.0678,-0.1312
45620.88136,-0.0993,0.0717,0.0761,0.0467,0.0323,0.0832
45620.91151,-0.1842,0.0535,0.0057,0.0486,0.0031,0.1247
45620.94166,-0.2457,0.0724,-0.0289,0.3303,0.0524,0.0559
45620.97181,-0.1911,0.0506,-0.0292,0.2872,0.2114,-0.051
45621.00196,-0.111,0.0276,-0.0849,0.2633,0.3722,-0.13
45621.03211,-0.0396,0.0292,-0.1426,0.3969,0.4002,-0.0986
45621.0623,0.0239,0.0428,-0.1456,0.4341,0.3533,0.0241
45621.09245,0.0275,0.0276,-0.1308,0.3231,0.374,0.208
45621.1226,-0.0264,0.0639,-0.202,0.3278,0.3939,0.2788
45621.15275,-0.0821,0.0742,-0.2863,0.6126,0.2843,0.1607
45621.1829,-0.1295,0.0554,-0.2461,0.622,0.1358,0.0077
45621.21305,-0.1896,0.0059,-0.1498,0.2722,0.0515,-0.0928
45621.24323,-0.2458,0.0209,-0.1297,-0.0509,-0.0536,-0.1122
45621.27339,-0.3291,0.0665,-0.1129,-0.1397,-0.1597,-0.1506
45621.30354,-0.3912,0.094,-0.0995,0.0428,-0.2828,-0.2464
45621.33369,-0.3801,0.0154,-0.0218,0.1381,-0.3325,-0.2274
45621.36384,-0.3334,-0.0678,0.0612,0.0503,-0.3137,-0.1044
45621.39402,-0.2184,-0.1294,0.1755,-0.1782,-0.1547,0.0965
45621.42417,-0.1081,-0.0936,0.1551,-0.1448,0.0042,0.2699
45621.45432,-0.0533,-0.1177,0.17,-0.093,0.1286,0.3201
45621.48448,0.0378,-0.0795,0.3437,-0.2222,0.2373,0.4545
45621.51463,0.1591,-0.0663,0.4252,-0.6195,0.5021,0.7533
45621.54478,0.3261,0.0755,0.4054,-0.685,0.9537,0.8325
45621.57496,0.436,0.1804,0.2393,-0.082,1.3153,0.7878
45621.60511,0.4521,0.1699,0.1112,0.5207,1.5484,0.8
45621.63526,0.3758,0.0936,0.0173,0.6981,1.6583,0.8577
45621.66541,0.3078,0.0599,-0.0884,0.6742,1.609,0.8958
45621.69557,0.2212,0.0489,-0.1729,0.6039,1.5491,0.8012
45621.72574,0.1391,0.0179,-0.2595,0.6708,1.5216,0.5454
45621.75589,0.0904,-0.0156,-0.3567,0.9079,1.4031,0.1972
45621.78604,0.0684,-0.072,-0.412,1.1856,1.1328,-0.1681
45621.81619,0.0782,-0.1502,-0.36,0.9983,0.7861,-0.4169
45621.84634,0.1374,-0.2105,-0.2757,0.5037,0.4276,-0.4438
45621.87649,0.2132,-0.2128,-0.2553,0.0678,0.1148,-0.3098
45621.90668,0.2429,-0.1952,-0.2871,-0.024,-0.2919,-0.115
45621.93683,0.237,-0.143,-0.2839,0.1838,-0.7596,0.0475
45621.96698,0.2756,-0.1189,-0.136,-0.031,-1.1384,0.3118
45621.99713,0.3004,-0.0725,0.0027,-0.9302,-1.344,0.7284
45622.02728,0.2064,0.0369,-0.0058,-1.5507,-1.6916,0.9239
45622.05746,0.2045,0.2768,0.0305,-1.0422,-2.1121,0.9995
45622.08761,0.2264,0.4387,0.2525,-0.5519,-1.7601,1.0531
45622.11777,0.2684,0.4956,0.2994,-0.7119,-0.9889,0.6607
45622.14792,0.4187,0.5721,0.0337,-0.0181,-0.6503,-0.1915
45622.17807,0.4368,0.369,-0.094,0.8558,-0.6508,-0.7551
45622.20822,0.3071,0.1793,-0.0454,0.9778,-0.7118,-0.9832
45622.2384,0.1326,-0.0671,-0.0765,0.3565,-0.7357,-0.965
45622.26855,-0.0163,-0.2058,-0.1989,-0.109,-0.818,-0.9512
45622.2987,-0.1314,-0.2696,-0.2288,-0.2623,-0.8854,-0.9829
45622.32886,-0.2041,-0.299,-0.228,-0.1833,-0.9594,-0.9866
45622.35901,-0.2182,-0.3221,-0.1536,-0.2933,-0.9232,-0.8934
45622.38916,-0.2032,-0.3258,-0.1183,-0.6527,-0.902,-0.775
45622.41934,-0.1706,-0.272,-0.0965,-1.0272,-0.8891,-0.677
45622.44949,-0.1541,-0.2226,-0.0654,-1.1347,-0.8242,-0.5536
45622.47964,-0.1574,-0.1672,-0.0082,-0.9048,-0.7198,-0.3568
45622.50979,-0.1248,-0.0985,0.1054,-0.7016,-0.5415,-0.1573
45622.53995,-0.0173,-0.0125,0.212,-0.8103,-0.324,-0.019
45622.57013,0.0952,0.0779,0.2639,-0.721,-0.2889,0.1012
45622.60028,0.1651,0.125,0.4113,-0.7468,-0.0902,0.2759
45622.63043,0.2198,0.1893,0.416,-0.5034,0.2462,0.4285
45622.66058,0.2903,0.2682,0.3799,-0.1229,0.6613,0.539
45622.69073,0.3042,0.2522,0.2426,0.1703,1.0648,0.689
45622.7209,0.3133,0.2992,0.1245,0.6599,1.3666,0.7304
45622.75108,0.2752,0.2946,0.028,1.0893,1.565,0.6286
45622.78124,0.2117,0.2018,-0.1127,1.29,1.6757,0.3645
45622.81139,0.1207,0.0882,-0.2471,1.4986,1.6752,-0.031
45622.84154,0.0721,0.015,-0.3304,1.937,1.5052,-0.4959
45622.87169,0.0947,-0.1315,-0.2768,2.0601,1.2954,-0.8428
45622.90184,0.1632,-0.2548,-0.215,1.6914,1.0706,-0.9883
45622.93202,0.246,-0.3763,-0.2188,1.0994,0.8273,-0.9192
45622.96217,0.2751,-0.3672,-0.2787,0.971,0.4831,-0.7882
45622.99233,0.3428,-0.3489,-0.233,1.1389,0.1261,-0.5276
45623.02248,0.3975,-0.3068,-0.1599,1.5384,-0.1419,-0.1761
45623.05263,0.4141,-0.3164,-0.0959,1.4324,-0.3834,0.2562
45623.08281,0.358,-0.2471,-0.018,0.727,-0.6568,0.6052
45623.11296,0.4842,-0.0155,0.1838,-0.597,-1.0154,1.0308
45623.14311,0.5236,0.2375,0.2543,-1.9546,-1.1909,1.5882
45623.17327,0.4259,0.5347,0.0182,-2.477,-1.2411,1.647
45623.20342,0.3467,0.6874,-0.1978,-0.5398,-0.9887,1.1572
45623.23357,0.3873,0.4161,-0.2516,1.2129,-0.5103,0.7128
45623.26375,0.3258,0.3199,-0.2571,1.8966,-0.2668,0.3796
45623.2939,0.1899,0.1864,-0.2814,2.0716,-0.4721,-0.0431
45623.32405,0.0837,-0.0538,-0.2058,1.9122,-0.7855,-0.359
45623.3542,0.0122,-0.1732,-0.1081,1.5848,-0.929,-0.5477
45623.38436,-0.0028,-0.2308,-0.0636,1.3893,-0.9762,-0.5408
45623.41451,-0.0026,-0.2689,-0.0464,1.1394,-0.9923,-0.3487
45623.44469,-0.0238,-0.313,-0.0707,0.6616,-1.0292,-0.0694
45623.47484,-0.0462,-0.2935,-0.0697,0.0289,-0.9836,0.1216
45623.50499,-0.0563,-0.2267,-0.0629,-0.3424,-0.88,0.2203
45623.53514,-0.0645,-0.1766,-0.0412,-0.3663,-0.6925,0.3179
45623.56529,-0.0638,-0.0679,-0.0131,-0.2642,-0.4639,0.3957
45623.59548,0.033,0.0669,-0.0184,-0.0847,-0.2609,0.421
45623.62563,0.0772,0.0606,-0.0957,0.1024,-0.2194,0.475
45623.65578,0.0533,0.0818,-0.0309,0.037,-0.1623,0.4497
45623.68593,-0.0295,0.1296,0.0127,0.0872,-0.0084,0.5525
45623.71608,-0.0385,0.1674,-0.0342,0.3391,0.1515,0.7508
45623.74623,-0.0106,0.1222,-0.085,1.1306,0.2452,0.713
45623.77641,0.0648,0.1011,0.014,1.396,0.3521,0.3387
45623.80656,0.1113,0.0294,0.0249,1.0981,0.3767,0.0572
45623.83671,0.1213,0.0675,0.0298,1.2686,0.4186,-0.1102
45623.86687,0.244,0.0287,0.001,1.7237,0.429,-0.0625
45623.89702,0.3071,-0.004,0.0248,2.0825,0.4036,-0.0376
45623.92717,0.2813,-0.0631,0.0364,2.3485,0.3921,-0.1026
45623.95735,0.2852,-0.1593,0.0498,2.5417,0.3488,-0.1562
45623.9875,0.3341,-0.1935,0.0576,2.2878,0.227,-0.1296
45624.01765,0.3414,-0.1912,0.0635,1.8644,0.1148,-0.1417
45624.0478,0.3132,-0.1487,0.0967,1.5466,0.1017,-0.1956
45624.07796,0.2408,-0.1674,0.0733,1.4814,0.1649,-0.1771
45624.10814,0.2497,-0.1352,0.0427,1.6178,0.2334,-0.1272
45624.13829,0.257,-0.0186,0.1154,1.1193,0.4425,-0.2225
45624.16844,0.3098,-0.0916,0.2613,-1.3586,0.0054,-0.1915
45624.19859,0.0707,0.5186,0.055,2.0496,0.4703,-0.2532
45624.22874,0.0852,0.2463,-0.0767,3.5046,0.4615,-0.614
45624.25889,0.0477,-0.1009,-0.1701,2.0169,0.0733,-0.6081
45624.28908,0.106,-0.1406,-0.1734,0.8514,-0.2462,-0.3852
45624.31923,0.1451,0.0103,-0.1594,1.4479,-0.1932,-0.2761
45624.34938,0.135,-0.0294,-0.1031,2.3217,-0.0709,-0.3318
45624.37953,0.1317,-0.0828,-0.0532,2.1729,-0.094,-0.4562
45624.40968,0.1384,-0.1191,-0.012,1.6401,-0.2488,-0.5661
45624.43983,0.1119,-0.1631,0.0589,1.3519,-0.3841,-0.5685
45624.47002,0.0902,-0.1411,0.0413,1.359,-0.4208,-0.5249
45624.50017,0.0881,-0.0597,0.0258,1.2467,-0.4237,-0.6545
45624.53032,0.0899,0.0355,-0.0036,1.3713,-0.3257,-0.7071
45624.56047,0.1108,-0.0246,0.0246,1.3639,-0.247,-0.6509
45624.59062,0.1759,-0.026,0.0085,1.3077,-0.2483,-0.5718
45624.6208,0.1916,0.0097,-0.0201,1.2245,-0.334,-0.625
45624.65095,0.1912,-0.0171,0.017,1.0972,-0.3641,-0.6692
45624.68111,0.1962,0.0852,0.0269,1.4681,-0.2295,-0.7897
45624.71126,0.2094,0.0001,-0.0371,1.5096,-0.1452,-0.8051
45624.74141,0.2291,-0.1298,-0.0409,1.1706,-0.1903,-0.6871
45624.77156,0.1907,-0.0529,-0.003,1.2692,-0.1776,-0.5682
45624.80175,0.1669,-0.0373,0.0236,1.3354,-0.2001,-0.441
45624.8319,0.1905,-0.0262,0.0515,1.1695,-0.2613,-0.4384
45624.86205,0.1683,-0.0631,0.0744,1.1952,-0.2705,-0.3615
45624.8922,0.1557,-0.1072,0.0735,1.3729,-0.2851,-0.3795
45624.92235,0.1687,-0.0519,0.0264,1.2828,-0.3327,-0.3864
45624.9525,0.1881,0.0759,-0.0703,1.3521,-0.3167,-0.43
45624.98268,0.1732,0.0671,-0.0685,1.4458,-0.2745,-0.5847
45625.01284,0.1702,0.1168,-0.0656,1.8033,-0.3366,-0.8264
45625.04299,0.2118,0.187,0.037,2.0576,-0.324,-0.9736
45625.07314,0.2166,0.1933,0.1175,1.6506,-0.2518,-0.9404
45625.10329,0.0986,0.1548,0.0762,1.6249,-0.1003,-0.8901
45625.13344,0.1707,0.1119,-0.0063,1.6699,-0.0442,-1.0191
45625.16362,0.1114,0.1681,0.1145,1.7455,0.1397,-1.0968
45625.19377,0.0636,0.0266,0.1081,1.5033,0.3979,-0.878
45625.22393,0.1176,0.0363,-0.128,1.393,0.3515,-0.8881
45625.25408,0.0831,0.0262,-0.0376,1.2752,0.3313,-0.9826
45625.28423,0.0175,0.1389,0.0408,1.2544,0.3753,-1.0047
45625.31441,0.0808,0.0633,-0.0583,1.1333,0.2732,-0.8206
45625.34456,0.0473,0.0829,-0.0202,0.9337,0.1327,-0.7481
45625.37471,0.0436,0.486,-0.0819,1.1881,0.1254,-0.7928
45625.40486,-0.0527,0.1583,0.0757,0.9661,0.0396,-0.8974
45625.43502,0.0688,0.0965,0.1857,0.6494,0.1262,-0.6801
45625.46517,0.0819,0.0731,0.1311,0.2342,0.1681,-0.7519
45625.49535,0.1118,0.036,0.0529,0.3006,0.2141,-0.8103
45625.5255,0.1229,0.102,-0.0736,0.1856,0.0602,-0.8833
45625.55565,0.1616,-0.6239,-0.1656,-0.3798,-0.3538,-0.5203
45625.5858,0.1469,0.0968,0.1562,0.382,-0.1485,-0.2963
45625.61596,0.1055,-0.027,-0.0218,0.3283,-0.0739,-0.3868
45625.64611,0.0917,0.1089,0.0493,0.496,-0.0308,-0.4108
45625.67629,0.1291,-0.0709,0.0145,0.4845,-0.1297,-0.3078
45625.70644,0.0983,0.0431,-0.0987,0.6364,-0.2315,-0.3651
45625.73659,0.0752,-0.0788,-0.0614,0.693,-0.3119,-0.3506
45625.76674,0.0795,0.0358,0.003,0.5754,-0.3358,-0.3745
45625.79689,0.0659,0.0389,-0.0386,0.5735,-0.4108,-0.3366
45625.82704,0.0648,0.0775,0.0192,0.4116,-0.4177,-0.3122
45625.85722,0.1162,0.1016,0.0345,0.5478,-0.3281,-0.383
45625.88737,0.1189,0.0552,0.035,0.5659,-0.2636,-0.298
45625.91753,0.1203,-0.0095,0.11,0.3774,-0.2079,-0.1802
45625.94768,0.0595,0.097,0.0226,0.4181,-0.1036,-0.1644
45625.97783,0.0527,0.0564,0.0296,0.3032,0.0051,-0.2055
45626.00798,0.078,0.0517,0.0097,0.1984,0.0667,-0.2404
45626.03816,0.0465,0.0164,-0.0034,0.1897,0.0627,-0.2747
45626.06831,0.035,0.0142,-0.0693,0.2865,0.0549,-0.2982
45626.09846,0.0325,-0.0403,-0.0732,0.4113,-0.0205,-0.29
45626.12862,0.0119,-0.0904,-0.0415,0.4579,-0.065,-0.2058
45626.15877,0.0031,-0.0372,0.0112,0.5186,-0.0991,-0.0979
45626.18895,0.0354,-0.0409,0.0631,0.4513,-0.1324,-0.018
45626.2191,0.0092,0.0183,0.0391,0.3954,-0.0161,0.0362
45626.24925,0.0303,0.0189,0.0432,0.3645,0.0652,0.04
45626.2794,0.0658,0.0281,0.022,0.301,0.0909,0.0701
45626.30955,0.0792,0.0464,-0.037,0.2381,0.089,0.0785
45626.33971,0.0575,0.01,-0.0369,0.2636,0.0835,0.0871
45626.36989,0.0471,0.0173,-0.0039,0.2391,0.0815,0.0828
45626.40004,0.0303,0.0066,0.0026,0.2295,0.0924,0.0539
45626.43019,0.0243,-0.0072,0.0214,0.1525,0.1647,-0.0034
45626.46034,0.021,0.0231,-0.0039,0.0644,0.1963,-0.03
45626.49049,0.0171,-0.0254,-0.0103,0.1214,0.2289,0.0067
45626.52064,0.0125,-0.0001,0.0104,0.1078,0.2502,0.0293
45626.55083,0.031,-0.0048,0.0115,0.0282,0.2545,0.0806
45626.58098,-0.0332,0.0083,-0.0263,0.1097,0.2101,0.1103
45626.61113,-0.059,-0.007,-0.023,0.1638,0.1874,0.1166
45626.64128,-0.0312,0.0407,-0.0093,0.1452,0.1524,0.0853
45626.67143,-0.0269,0.0456,-0.0404,0.1359,0.0992,0.0646
45626.70158,-0.0427,0.0048,-0.0352,0.0521,0.0463,0.0502
45626.73179,-0.039,0.0266,0.0004,0.1144,0.0132,0.0093
45626.76194,0.0049,-0.0153,0.0179,0.041,0.0178,0.0061
45626.79209,0.0219,0.0003,0.0091,-0.0547,0.0321,0.0189
45626.82224,0.0249,-0.0077,0.0244,-0.0085,0.0639,0.0224
45626.85239,0.0339,-0.0416,0.0005,-0.0571,0.0951,0.0162
45626.88254,0.0288,-0.0102,-0.0479,-0.0489,0.0738,-0.0032
45626.91273,0.0214,-0.0121,-0.0374,-0.0577,0.0601,-0.0151
45626.94288,0.0283,0.0087,-0.0275,-0.0167,0.0162,-0.0304
45626.97303,0.019,0.011,-0.026,-0.0106,-0.0062,-0.037
45627.00318,0.0101,-0.0085,-0.0144,0.0168,-0.0266,-0.0403
45627.03333,0.0133,-0.0149,-0.0036,0.0349,-0.0353,-0.0296
45627.06351,0.0029,-0.0198,-0.0243,0.1593,-0.0531,-0.0189
45627.09366,0.0082,-0.0265,0.0102,0.1539,-0.0605,-0.019
45627.12382,0.001,0.022,0.0356,0.1625,-0.0422,-0.0456
45627.15397,-0.0144,0.0043,0.0554,0.1043,0,-0.0913
45627.18412,-0.0272,0.0037,0.0343,0.073,0.0437,-0.0547
45627.21427,-0.0198,0.0337,-0.0258,0.1453,0.0251,-0.0354
45627.24445,0.0101,0.017,0.0083,0.1012,-0.0121,-0.0347
45627.2746,0.0194,-0.0095,0.0326,0.0204,-0.0044,-0.0091
45627.30475,0.0032,0.0237,0.0176,0.0335,0.0167,0.0103
45627.33491,0.0197,0.0237,-0.0014,0.071,0.0347,0.0073
45627.36506,0.0319,-0.0059,0.0104,0.0165,0.02,0.0136
45627.39521,0.0109,0.0049,-0.0018,-0.0069,0.0255,0.0061
45627.42539,0.0043,-0.0133,-0.0064,0.0238,0.0148,-0.0057
45627.45554,0.0032,0.0107,-0.0108,0.0672,-0.0067,-0.0197
45627.48569,0.0104,-0.0123,0.0038,0.0234,-0.0182,-0.0263
45627.51584,0.0058,-0.0041,0.0037,0.0434,-0.0322,-0.0307
45627.546,-0.0045,0.0038,0.0121,0.0786,-0.0248,-0.0391
45627.57615,0.0059,0.0055,0.019,0.0459,-0.0087,-0.0241
45627.60633,0.0008,0.0085,0.0039,0.0332,-0.0035,0.0027
45627.63648,0.0017,0.0105,0.0081,0.0351,-0.0249,0.0015
45627.66663,0.0024,0.0158,0.0138,0.034,-0.0227,-0.0007
45627.69678,0.0029,0.0057,0.0142,0.0234,-0.0162,-0.007
45627.72693,0.0148,0.0088,0.0049,-0.0063,-0.0054,-0.007
45627.75708,0.0222,-0.011,-0.0096,-0.0435,0.0023,-0.0123
45627.78726,0.0193,0.0024,-0.0137,-0.0385,-0.0276,-0.0179
45627.81741,0.0141,-0.0169,-0.0069,0.0135,-0.045,-0.0008
45627.84756,0.0117,-0.0165,-0.0008,0.0041,-0.03,-0.004
45627.87772,0.0217,-0.004,-0.0066,0.0116,-0.0236,-0.0092
45627.90787,0.0176,-0.0299,0.0033,0.0126,-0.0322,0.0003
45627.93802,0.0077,-0.0262,0.0289,-0.0095,-0.0141,0.0175
45627.9682,-0.0024,0.0076,0.0451,-0.0984,0.1232,-0.0029
45627.99835,0.0272,0.0049,-0.0072,-0.0097,0.0707,-0.0428
45628.0285,0.0274,-0.0137,-0.0583,0.0358,-0.0494,-0.003
45628.05865,0.0151,-0.0138,-0.0592,0.0892,-0.0587,0.0687
45628.08881,-0.0099,-0.0019,0.022,0.0657,-0.0431,-0.0157
