run,0,2.7147
bike,0.90489,3.6196
bike,1.8098,4.5244
bike,2.7147,5.4293
bike,3.6196,6.3342
transition,4.5244,7.2391
transition,5.4293,8.144
bike,6.3342,9.0488
swim,7.2391,9.9537
swim,8.144,10.8586
transition,9.0488,11.7635
swim,9.9537,12.6684
swim,10.8586,13.5733
transition,11.7635,14.4781
transition,12.6684,15.383
transition,13.5733,16.2879
transition,14.4781,17.1928
bike,15.383,18.0976
bike,16.2879,19.0025
bike,17.1928,19.9074
bike,18.0976,20.8123
bike,19.0025,21.7172
bike,19.9074,22.622
swim,20.8123,23.5269
transition,21.7172,24.4318
transition,22.622,25.3367
transition,23.5269,26.2415
transition,24.4318,27.1464
transition,25.3367,28.0513
bike,26.2415,28.9561
transition,27.1464,29.861
transition,28.0513,30.7659
transition,28.9561,31.6707
transition,29.861,32.5756
transition,30.7659,33.4805
transition,31.6707,34.3854
transition,32.5756,35.2902
transition,33.4805,36.1951
bike,34.3854,37.0999
transition,35.2902,38.0048
bike,36.1951,38.9096
transition,37.0999,39.8145
transition,38.0048,40.7193
bike,38.9096,41.6242
bike,39.8145,42.529
transition,40.7193,43.4339
transition,41.6242,44.3387
transition,42.529,45.2436
transition,43.4339,46.1484
transition,44.3387,47.0533
swim,45.2436,47.9581
transition,46.1484,48.863
transition,47.0533,49.7678
transition,47.9581,50.6726
bike,48.863,51.5774
transition,49.7678,52.4823
transition,50.6726,53.3871
bike,51.5774,54.2919
transition,52.4823,55.1967
bike,53.3871,56.1016
transition,54.2919,57.0064
transition,55.1967,57.9112
transition,56.1016,58.816
transition,57.0064,59.7208
transition,57.9112,60.6256
transition,58.816,61.5304
transition,59.7208,62.4353
bike,60.6256,63.3401
transition,61.5304,64.245
bike,62.4353,65.1498
bike,63.3401,66.0546
bike,64.245,66.9595
bike,65.1498,67.8643
bike,66.0546,68.7692
bike,66.9595,69.674
bike,67.8643,70.5789
bike,68.7692,71.4837
bike,69.674,72.3886
bike,70.5789,73.2934
bike,71.4837,74.1982
bike,72.3886,75.1031
bike,73.2934,76.008
bike,74.1982,76.9128
bike,75.1031,77.8176
bike,76.008,78.7225
bike,76.9128,79.6273
bike,77.8176,80.5322
bike,78.7225,81.437
transition,79.6273,82.3418
transition,80.5322,83.2466
transition,81.437,84.1515
bike,82.3418,85.0563
bike,83.2466,85.9611
transition,84.1515,86.8659
transition,85.0563,87.7707
bike,85.9611,88.6755
transition,86.8659,89.5803
transition,87.7707,90.4851
transition,88.6755,91.3899
transition,89.5803,92.2947
bike,90.4851,93.1995
bike,91.3899,94.1043
bike,92.2947,95.009
transition,93.1995,95.9138
transition,94.1043,96.8186
transition,95.009,97.7234
bike,95.9138,98.6282
bike,96.8186,99.5329
bike,97.7234,100.4377
bike,98.6282,101.3425
transition,99.5329,102.2472
transition,100.4377,103.152
transition,101.3425,104.0568
transition,102.2472,104.9615
bike,103.152,105.8663
bike,104.0568,106.771
bike,104.9615,107.6758
run,105.8663,108.5806
transition,106.771,109.4853
transition,107.6758,110.3901
transition,108.5806,111.2949
bike,109.4853,112.1996
bike,110.3901,113.1044
bike,111.2949,114.0091
bike,112.1996,114.9139
bike,113.1044,115.8186
bike,114.0091,116.7234
bike,114.9139,117.6282
bike,115.8186,118.5329
bike,116.7234,119.4377
bike,117.6282,120.3424
bike,118.5329,121.2472
bike,119.4377,122.152
bike,120.3424,123.0567
bike,121.2472,123.9615
bike,122.152,124.8662
transition,123.0567,125.771
transition,123.9615,126.6757
transition,124.8662,127.5805
transition,125.771,128.4852
transition,126.6757,129.39
transition,127.5805,130.2947
transition,128.4852,131.1995
transition,129.39,132.1042
transition,130.2947,133.009
transition,131.1995,133.9137
transition,132.1042,134.8185
transition,133.009,135.7232
transition,133.9137,136.628
transition,134.8185,137.5327
transition,135.7232,138.4374
transition,136.628,139.3422
transition,137.5327,140.2469
transition,138.4374,141.1516
transition,139.3422,142.0564
transition,140.2469,142.9611
transition,141.1516,143.8658
transition,142.0564,144.7706
transition,142.9611,145.6753
transition,143.8658,146.58
transition,144.7706,147.4847
transition,145.6753,148.3895
transition,146.58,149.2942
bike,147.4847,150.1989
bike,148.3895,151.1037
bike,149.2942,152.0084
bike,150.1989,152.9131
bike,151.1037,153.8179
bike,152.0084,154.7226
bike,152.9131,155.6273
bike,153.8179,156.532
bike,154.7226,157.4368
bike,155.6273,158.3415
swim,156.532,159.2462
bike,157.4368,160.151
bike,158.3415,161.0557
bike,159.2462,161.9604
bike,160.151,162.8652
transition,161.0557,163.7699
transition,161.9604,164.6746
transition,162.8652,165.5793
bike,163.7699,166.4841
bike,164.6746,167.3888
bike,165.5793,168.2935
transition,166.4841,169.1983
transition,167.3888,170.103
transition,168.2935,171.0077
transition,169.1983,171.9124
transition,170.103,172.8171
transition,171.0077,173.7218
transition,171.9124,174.6266
bike,172.8171,175.5313
bike,173.7218,176.436
bike,174.6266,177.3407
bike,175.5313,178.2454
transition,176.436,179.1501
bike,177.3407,180.0548
bike,178.2454,180.9596
bike,179.1501,181.8643
bike,180.0548,182.769
bike,180.9596,183.6737
bike,181.8643,184.5784
bike,182.769,185.4831
bike,183.6737,186.3878
bike,184.5784,187.2925
bike,185.4831,188.1973
bike,186.3878,189.102
bike,187.2925,190.0067
bike,188.1973,190.9114
bike,189.102,191.8161
bike,190.0067,192.7209
bike,190.9114,193.6256
transition,191.8161,194.5303
transition,192.7209,195.435
transition,193.6256,196.3398
transition,194.5303,197.2445
transition,195.435,198.1492
bike,196.3398,199.0539
transition,197.2445,199.9587
transition,198.1492,200.8634
transition,199.0539,201.7681
transition,199.9587,202.6728
transition,200.8634,203.5775
transition,201.7681,204.4822
transition,202.6728,205.3869
transition,203.5775,206.2916
transition,204.4822,207.1963
bike,205.3869,208.101
bike,206.2916,209.0057
bike,207.1963,209.9104
bike,208.101,210.8151
bike,209.0057,211.7198
bike,209.9104,212.6245
transition,210.8151,213.5292
transition,211.7198,214.4339
transition,212.6245,215.3386
bike,213.5292,216.2433
transition,214.4339,217.148
transition,215.3386,218.0527
transition,216.2433,218.9574
bike,217.148,219.8621
bike,218.0527,220.7667
bike,218.9574,221.6714
bike,219.8621,222.5761
bike,220.7667,223.4808
bike,221.6714,224.3855
bike,222.5761,225.2902
bike,223.4808,226.1949
bike,224.3855,227.0996
bike,225.2902,228.0044
bike,226.1949,228.909
bike,227.0996,229.8137
bike,228.0044,230.7184
bike,228.909,231.6231
bike,229.8137,232.5277
transition,230.7184,233.4324
transition,231.6231,234.3371
transition,232.5277,235.2418
bike,233.4324,236.1465
bike,234.3371,237.0511
bike,235.2418,237.9558
bike,236.1465,238.8605
bike,237.0511,239.7651
bike,237.9558,240.6698
bike,238.8605,241.5744
bike,239.7651,242.4791
bike,240.6698,243.3838
bike,241.5744,244.2885
bike,242.4791,245.1931
bike,243.3838,246.0978
bike,244.2885,247.0024
bike,245.1931,247.9071
bike,246.0978,248.8118
bike,247.0024,249.7164
bike,247.9071,250.6211
transition,248.8118,251.5257
transition,249.7164,252.4304
transition,250.6211,253.3351
transition,251.5257,254.2397
bike,252.4304,255.1444
swim,253.3351,256.0491
transition,254.2397,256.9537
transition,255.1444,257.8583
swim,256.0491,258.763
bike,256.9537,259.6677
bike,257.8583,260.5724
bike,258.763,261.477
bike,259.6677,262.3817
transition,260.5724,263.2864
transition,261.477,264.191
transition,262.3817,265.0957
transition,263.2864,266.0003
transition,264.191,266.905
transition,265.0957,267.8096
transition,266.0003,268.7143
transition,266.905,269.619
transition,267.8096,270.5237
transition,268.7143,271.4283
transition,269.619,272.333
transition,270.5237,273.2376
transition,271.4283,274.1423
run,272.333,275.047
transition,273.2376,275.9516
transition,274.1423,276.8563
transition,275.047,277.7609
transition,275.9516,278.6656
run,276.8563,279.5702
bike,277.7609,280.4749
transition,278.6656,281.3795
bike,279.5702,282.2842
bike,280.4749,283.1888
bike,281.3795,284.0935
transition,282.2842,284.9981
transition,283.1888,285.9028
bike,284.0935,286.8074
bike,284.9981,287.7121
bike,285.9028,288.6168
bike,286.8074,289.5214
bike,287.7121,290.4261
bike,288.6168,291.3307
bike,289.5214,292.2353
bike,290.4261,293.14
bike,291.3307,294.0446
transition,292.2353,294.9493
bike,293.14,295.8539
bike,294.0446,296.7586
bike,294.9493,297.6632
bike,295.8539,298.5679
swim,296.7586,299.4725
bike,297.6632,300.3771
bike,298.5679,301.2818
bike,299.4725,302.1864
bike,300.3771,303.091
bike,301.2818,303.9957
bike,302.1864,304.9004
bike,303.091,305.805
bike,303.9957,306.7096
transition,304.9004,307.6143
transition,305.805,308.5189
bike,306.7096,309.4236
bike,307.6143,310.3282
bike,308.5189,311.2328
transition,309.4236,312.1375
transition,310.3282,313.0421
transition,311.2328,313.9467
transition,312.1375,314.8514
transition,313.0421,315.756
transition,313.9467,316.6606
transition,314.8514,317.5653
transition,315.756,318.4699
bike,316.6606,319.3745
bike,317.5653,320.2792
transition,318.4699,321.1838
transition,319.3745,322.0884
transition,320.2792,322.9931
bike,321.1838,323.8977
bike,322.0884,324.8024
bike,322.9931,325.707
bike,323.8977,326.6116
bike,324.8024,327.5162
bike,325.707,328.4209
bike,326.6116,329.3255
bike,327.5162,330.2302
bike,328.4209,331.1348
bike,329.3255,332.0394
bike,330.2302,332.944
bike,331.1348,333.8487
transition,332.0394,334.7533
transition,332.944,335.6579
bike,333.8487,336.5626
bike,334.7533,337.4672
transition,335.6579,338.3718
transition,336.5626,339.2764
transition,337.4672,340.1811
transition,338.3718,341.0857
transition,339.2764,341.9903
transition,340.1811,342.8949
transition,341.0857,343.7996
transition,341.9903,344.7042
transition,342.8949,345.6089
transition,343.7996,346.5135
transition,344.7042,347.4181
transition,345.6089,348.3227
transition,346.5135,349.2273
transition,347.4181,350.132
run,348.3227,351.0366
run,349.2273,351.9412
transition,350.132,352.8459
transition,351.0366,353.7505
transition,351.9412,354.6551
transition,352.8459,355.5598
transition,353.7505,356.4644
transition,354.6551,357.369
transition,355.5598,358.2736
transition,356.4644,359.1783
transition,357.369,360.0829
transition,358.2736,360.9875
transition,359.1783,361.8921
transition,360.0829,362.7968
transition,360.9875,363.7014
transition,361.8921,364.606
bike,362.7968,365.5107
bike,363.7014,366.4153
run,364.606,367.3199
bike,365.5107,368.2245
transition,366.4153,369.1292
transition,367.3199,370.0338
transition,368.2245,370.9384
transition,369.1292,371.843
transition,370.0338,372.7477
transition,370.9384,373.6523
bike,371.843,374.5569
transition,372.7477,375.4616
transition,373.6523,376.3662
bike,374.5569,377.2708
bike,375.4616,378.1754
bike,376.3662,379.08
transition,377.2708,379.9847
bike,378.1754,380.8893
bike,379.08,381.7939
bike,379.9847,382.6986
bike,380.8893,383.6032
bike,381.7939,384.5078
bike,382.6986,385.4124
bike,383.6032,386.3171
bike,384.5078,387.2217
bike,385.4124,388.1263
bike,386.3171,389.0309
bike,387.2217,389.9356
bike,388.1263,390.8402
bike,389.0309,391.7448
bike,389.9356,392.6495
bike,390.8402,393.5541
bike,391.7448,394.4587
bike,392.6495,395.3633
bike,393.5541,396.268
transition,394.4587,397.1726
transition,395.3633,398.0772
bike,396.268,398.9818
bike,397.1726,399.8865
bike,398.0772,400.7911
bike,398.9818,401.6957
bike,399.8865,402.6003
transition,400.7911,403.505
transition,401.6957,404.4096
transition,402.6003,405.3142
bike,403.505,406.2189
bike,404.4096,407.1235
bike,405.3142,408.0281
bike,406.2189,408.9327
bike,407.1235,409.8374
bike,408.0281,410.742
bike,408.9327,411.6466
bike,409.8374,412.5512
bike,410.742,413.4559
bike,411.6466,414.3605
bike,412.5512,415.2651
transition,413.4559,416.1697
transition,414.3605,417.0743
bike,415.2651,417.979
bike,416.1697,418.8836
bike,417.0743,419.7882
bike,417.979,420.6929
bike,418.8836,421.5975
bike,419.7882,422.5021
bike,420.6929,423.4068
bike,421.5975,424.3114
bike,422.5021,425.216
bike,423.4068,426.1207
bike,424.3114,427.0253
bike,425.216,427.9299
bike,426.1207,428.8345
bike,427.0253,429.7392
bike,427.9299,430.6438
bike,428.8345,431.5484
bike,429.7392,432.4531
bike,430.6438,433.3577
bike,431.5484,434.2623
bike,432.4531,435.167
bike,433.3577,436.0716
bike,434.2623,436.9762
bike,435.167,437.8808
bike,436.0716,438.7855
bike,436.9762,439.6901
bike,437.8808,440.5947
transition,438.7855,441.4993
transition,439.6901,442.404
transition,440.5947,443.3086
transition,441.4993,444.2132
transition,442.404,445.1178
bike,443.3086,446.0224
transition,444.2132,446.9271
transition,445.1178,447.8317
transition,446.0224,448.7363
bike,446.9271,449.641
transition,447.8317,450.5456
transition,448.7363,451.4502
transition,449.641,452.3549
transition,450.5456,453.2595
transition,451.4502,454.1641
transition,452.3549,455.0687
transition,453.2595,455.9734
transition,454.1641,456.878
bike,455.0687,457.7826
bike,455.9734,458.6872
bike,456.878,459.5918
bike,457.7826,460.4965
bike,458.6872,461.4011
bike,459.5918,462.3057
bike,460.4965,463.2103
bike,461.4011,464.1149
bike,462.3057,465.0196
bike,463.2103,465.9242
bike,464.1149,466.8288
bike,465.0196,467.7334
bike,465.9242,468.6381
transition,466.8288,469.5427
transition,467.7334,470.4473
bike,468.6381,471.3519
bike,469.5427,472.2565
bike,470.4473,473.1611
bike,471.3519,474.0657
bike,472.2565,474.9703
bike,473.1611,475.875
bike,474.0657,476.7796
bike,474.9703,477.6842
swim,475.875,478.5888
transition,476.7796,479.4934
transition,477.6842,480.398
bike,478.5888,481.3026
bike,479.4934,482.2072
swim,480.398,483.1118
transition,481.3026,484.0165
transition,482.2072,484.9211
transition,483.1118,485.8257
swim,484.0165,486.7303
swim,484.9211,487.6349
bike,485.8257,488.5395
swim,486.7303,489.4442
swim,487.6349,490.3488
swim,488.5395,491.2534
bike,489.4442,492.1581
swim,490.3488,493.0627
bike,491.2534,493.9673
bike,492.1581,494.872
bike,493.0627,495.7766
swim,493.9673,496.6812
swim,494.872,497.5858
bike,495.7766,498.4905
transition,496.6812,499.3951
transition,497.5858,500.2997
run,498.4905,501.2043
swim,499.3951,502.1089
swim,500.2997,503.0136
swim,501.2043,503.9182
transition,502.1089,504.8228
transition,503.0136,505.7274
transition,503.9182,506.632
transition,504.8228,507.5367
transition,505.7274,508.4413
transition,506.632,509.3459
transition,507.5367,510.2505
transition,508.4413,511.1552
transition,509.3459,512.0598
transition,510.2505,512.9644
swim,511.1552,513.869
swim,512.0598,514.7736
swim,512.9644,515.6783
swim,513.869,516.5829
swim,514.7736,517.4875
swim,515.6783,518.3921
transition,516.5829,519.2968
transition,517.4875,520.2014
transition,518.3921,521.106
swim,519.2968,522.0106
swim,520.2014,522.9153
swim,521.106,523.8199
swim,522.0106,524.7245
swim,522.9153,525.6291
transition,523.8199,526.5337
transition,524.7245,527.4384
transition,525.6291,528.343
transition,526.5337,529.2476
swim,527.4384,530.1522
swim,528.343,531.0569
swim,529.2476,531.9615
swim,530.1522,532.8661
transition,531.0569,533.7708
transition,531.9615,534.6754
transition,532.8661,535.58
transition,533.7708,536.4847
swim,534.6754,537.3893
swim,535.58,538.2939
swim,536.4847,539.1985
swim,537.3893,540.1032
transition,538.2939,541.0078
swim,539.1985,541.9124
bike,540.1032,542.8171
transition,541.0078,543.7217
transition,541.9124,544.6263
transition,542.8171,545.531
transition,543.7217,546.4356
transition,544.6263,547.3403
transition,545.531,548.2449
swim,546.4356,549.1495
swim,547.3403,550.0542
swim,548.2449,550.9588
bike,549.1495,551.8635
swim,550.0542,552.7681
swim,550.9588,553.6727
transition,551.8635,554.5774
transition,552.7681,555.482
transition,553.6727,556.3867
transition,554.5774,557.2913
swim,555.482,558.196
transition,556.3867,559.1007
swim,557.2913,560.0054
swim,558.196,560.91
swim,559.1007,561.8147
transition,560.0054,562.7194
transition,560.91,563.6241
transition,561.8147,564.5289
swim,562.7194,565.4336
swim,563.6241,566.3383
swim,564.5289,567.243
swim,565.4336,568.1477
transition,566.3383,569.0524
transition,567.243,569.9572
transition,568.1477,570.8619
transition,569.0524,571.7666
swim,569.9572,572.6713
swim,570.8619,573.5761
transition,571.7666,574.4808
transition,572.6713,575.3855
bike,573.5761,576.2902
swim,574.4808,577.1949
swim,575.3855,578.0996
bike,576.2902,579.0043
swim,577.1949,579.909
transition,578.0996,580.8137
transition,579.0043,581.7184
transition,579.909,582.6231
swim,580.8137,583.5278
transition,581.7184,584.4325
transition,582.6231,585.3371
transition,583.5278,586.2418
transition,584.4325,587.1465
transition,585.3371,588.0512
transition,586.2418,588.9559
transition,587.1465,589.8606
transition,588.0512,590.7652
transition,588.9559,591.6699
run,589.8606,592.5746
transition,590.7652,593.4793
transition,591.6699,594.384
run,592.5746,595.2887
run,593.4793,596.1933
run,594.384,597.098
run,595.2887,598.0027
run,596.1933,598.9074
run,597.098,599.8121
run,598.0027,600.7167
run,598.9074,601.6215
run,599.8121,602.5261
run,600.7167,603.4308
run,601.6215,604.3355
run,602.5261,605.2401
run,603.4308,606.1448
run,604.3355,607.0495
run,605.2401,607.9542
run,606.1448,608.8588
run,607.0495,609.7635
run,607.9542,610.6682
run,608.8588,611.5729
run,609.7635,612.4775
run,610.6682,613.3822
run,611.5729,614.2869
run,612.4775,615.1916
run,613.3822,616.0962
run,614.2869,617.0009
run,615.1916,617.9056
run,616.0962,618.8103
run,617.0009,619.7149
run,617.9056,620.6196
run,618.8103,621.5242
run,619.7149,622.4289
run,620.6196,623.3336
run,621.5242,624.2382
run,622.4289,625.1429
run,623.3336,626.0475
run,624.2382,626.9522
run,625.1429,627.8569
run,626.0475,628.7615
run,626.9522,629.6662
run,627.8569,630.5708
run,628.7615,631.4755
run,629.6662,632.3802
run,630.5708,633.2849
run,631.4755,634.1896
run,632.3802,635.0943
run,633.2849,635.999
run,634.1896,636.9037
run,635.0943,637.8084
run,635.999,638.7131
run,636.9037,639.6178
run,637.8084,640.5225
run,638.7131,641.4272
run,639.6178,642.332
run,640.5225,643.2367
run,641.4272,644.1414
run,642.332,645.0461
run,643.2367,645.9508
run,644.1414,646.8555
run,645.0461,647.7602
run,645.9508,648.6649
run,646.8555,649.5746
swim,647.7602,650.4843
transition,648.6649,651.394
transition,649.5746,652.2987
run,650.4843,653.2034
run,651.394,654.1081
run,652.2987,655.0128
run,653.2034,655.9174
run,654.1081,656.8221
run,655.0128,657.7268
run,655.9174,658.6315
run,656.8221,659.5362
run,657.7268,660.4408
run,658.6315,661.3455
run,659.5362,662.2502
run,660.4408,663.1549
run,661.3455,664.0595
run,662.2502,664.9642
run,663.1549,665.8688
run,664.0595,666.7735
run,664.9642,667.6781
run,665.8688,668.5828
run,666.7735,669.4875
run,667.6781,670.3921
run,668.5828,671.2967
run,669.4875,672.2014
run,670.3921,673.1061
run,671.2967,674.0107
run,672.2014,674.9154
run,673.1061,675.82
run,674.0107,676.7247
run,674.9154,677.6293
run,675.82,678.5339
run,676.7247,679.4386
run,677.6293,680.3432
run,678.5339,681.2479
run,679.4386,682.1525
run,680.3432,683.0572
run,681.2479,683.9618
run,682.1525,684.8664
run,683.0572,685.7711
run,683.9618,686.6757
run,684.8664,687.5804
run,685.7711,688.485
run,686.6757,689.3896
run,687.5804,690.2943
bike,688.485,691.1989
bike,689.3896,692.1036
run,690.2943,693.0082
run,691.1989,693.9128
run,692.1036,694.8175
run,693.0082,695.7221
run,693.9128,696.6267
run,694.8175,697.5314
run,695.7221,698.436
run,696.6267,699.3406
run,697.5314,700.2453
run,698.436,701.1499
run,699.3406,702.0545
run,700.2453,702.9592
run,701.1499,703.8638
run,702.0545,704.7684
run,702.9592,705.6731
run,703.8638,706.5777
bike,704.7684,707.4824
run,705.6731,708.387
run,706.5777,709.2916
run,707.4824,710.1962
run,708.387,711.1009
run,709.2916,712.0055
run,710.1962,712.9101
run,711.1009,713.8148
run,712.0055,714.7194
run,712.9101,715.6241
run,713.8148,716.5287
run,714.7194,717.4333
bike,715.6241,718.3379
bike,716.5287,719.2426
bike,717.4333,720.1472
run,718.3379,721.0518
run,719.2426,721.9565
run,720.1472,722.8611
bike,721.0518,723.7657
run,721.9565,724.6704
run,722.8611,725.5749
run,723.7657,726.4796
run,724.6704,727.3842
bike,725.5749,728.2888
bike,726.4796,729.1935
bike,727.3842,730.0981
run,728.2888,731.0027
run,729.1935,731.9073
bike,730.0981,732.812
bike,731.0027,733.7166
bike,731.9073,734.6212
bike,732.812,735.5258
run,733.7166,736.4305
run,734.6212,737.3351
bike,735.5258,738.2397
bike,736.4305,739.1443
bike,737.3351,740.0489
bike,738.2397,740.9536
bike,739.1443,741.8582
run,740.0489,742.7628
bike,740.9536,743.6674
bike,741.8582,744.5721
bike,742.7628,745.4767
bike,743.6674,746.3813
bike,744.5721,747.2859
bike,745.4767,748.1905
bike,746.3813,749.0952
run,747.2859,749.9998
run,748.1905,750.9044
run,749.0952,751.809
bike,749.9998,752.7137
bike,750.9044,753.6183
run,751.809,754.5229
run,752.7137,755.4275
run,753.6183,756.3321
run,754.5229,757.2368
run,755.4275,758.1414
bike,756.3321,759.046
bike,757.2368,759.9506
bike,758.1414,760.8552
bike,759.046,761.7599
bike,759.9506,762.6645
bike,760.8552,763.5691
bike,761.7599,764.4737
bike,762.6645,765.3784
bike,763.5691,766.283
bike,764.4737,767.1876
bike,765.3784,768.0922
bike,766.283,768.9968
bike,767.1876,769.9014
bike,768.0922,770.8061
bike,768.9968,771.7107
bike,769.9014,772.6153
bike,770.8061,773.5199
run,771.7107,774.4245
bike,772.6153,775.3291
bike,773.5199,776.2337
bike,774.4245,777.1384
bike,775.3291,778.043
bike,776.2337,778.9476
bike,777.1384,779.8522
bike,778.043,780.7568
bike,778.9476,781.6615
bike,779.8522,782.5661
bike,780.7568,783.4707
bike,781.6615,784.3753
bike,782.5661,785.2799
bike,783.4707,786.1845
bike,784.3753,787.0891
bike,785.2799,787.9937
bike,786.1845,788.8984
bike,787.0891,789.803
bike,787.9937,790.7076
bike,788.8984,791.6122
bike,789.803,792.5168
bike,790.7076,793.4214
bike,791.6122,794.326
bike,792.5168,795.2306
bike,793.4214,796.1352
bike,794.326,797.0398
bike,795.2306,797.9444
bike,796.1352,798.849
bike,797.0398,799.7537
bike,797.9444,800.6583
bike,798.849,801.5629
bike,799.7537,802.4675
bike,800.6583,803.3721
bike,801.5629,804.2767
bike,802.4675,805.1813
bike,803.3721,806.0859
bike,804.2767,806.9905
bike,805.1813,807.8951
bike,806.0859,808.7997
bike,806.9905,809.7043
bike,807.8951,810.6089
bike,808.7997,811.5135
bike,809.7043,812.4181
run,810.6089,813.3228
bike,811.5135,814.2274
bike,812.4181,815.132
bike,813.3228,816.0366
bike,814.2274,816.9412
bike,815.132,817.8458
bike,816.0366,818.7504
bike,816.9412,819.655
bike,817.8458,820.5596
bike,818.7504,821.4642
run,819.655,822.3688
run,820.5596,823.2734
run,821.4642,824.178
run,822.3688,825.0827
bike,823.2734,825.9872
bike,824.178,826.8919
bike,825.0827,827.7965
bike,825.9872,828.701
bike,826.8919,829.6057
bike,827.7965,830.5103
bike,828.701,831.4149
run,829.6057,832.3195
bike,830.5103,833.2241
bike,831.4149,834.1287
bike,832.3195,835.0333
bike,833.2241,835.9379
bike,834.1287,836.8425
bike,835.0333,837.7471
bike,835.9379,838.6517
bike,836.8425,839.5563
bike,837.7471,840.4609
bike,838.6517,841.3655
bike,839.5563,842.2701
bike,840.4609,843.1747
bike,841.3655,844.0793
bike,842.2701,844.9839
bike,843.1747,845.8885
bike,844.0793,846.7931
bike,844.9839,847.6977
bike,845.8885,848.6023
bike,846.7931,849.5069
bike,847.6977,850.4115
bike,848.6023,851.3161
bike,849.5069,852.2207
bike,850.4115,853.1253
bike,851.3161,854.0299
bike,852.2207,854.9345
bike,853.1253,855.8391
bike,854.0299,856.7437
bike,854.9345,857.6483
bike,855.8391,858.5529
bike,856.7437,859.4575
bike,857.6483,860.3621
bike,858.5529,861.2667
bike,859.4575,862.1713
bike,860.3621,863.0759
bike,861.2667,863.9805
bike,862.1713,864.8851
bike,863.0759,865.7897
bike,863.9805,866.6943
bike,864.8851,867.5989
bike,865.7897,868.5035
bike,866.6943,869.4081
bike,867.5989,870.3127
bike,868.5035,871.2172
bike,869.4081,872.1218
bike,870.3127,873.0265
bike,871.2172,873.931
bike,872.1218,874.8356
bike,873.0265,875.7402
bike,873.931,876.6448
bike,874.8356,877.5494
bike,875.7402,878.454
bike,876.6448,879.3586
bike,877.5494,880.2632
bike,878.454,881.1678
bike,879.3586,882.0724
bike,880.2632,882.977
bike,881.1678,883.8816
run,882.0724,884.7862
run,882.977,885.6908
run,883.8816,886.5954
bike,884.7862,887.4999
bike,885.6908,888.4046
bike,886.5954,889.3091
bike,887.4999,890.2137
bike,888.4046,891.1183
bike,889.3091,892.0229
bike,890.2137,892.9275
bike,891.1183,893.8321
bike,892.0229,894.7367
bike,892.9275,895.6413
bike,893.8321,896.5459
bike,894.7367,897.4505
bike,895.6413,898.355
bike,896.5459,899.2597
bike,897.4505,900.1642
bike,898.355,901.0689
swim,899.2597,901.9835
swim,900.1642,902.8881
swim,901.0689,903.7977
transition,901.9835,904.7073
swim,902.8881,905.6119
swim,903.7977,906.5165
bike,904.7073,907.4211
bike,905.6119,908.3257
bike,906.5165,909.2303
bike,907.4211,910.1349
bike,908.3257,911.0395
bike,909.2303,911.9441
bike,910.1349,912.8487
bike,911.0395,913.7533
run,911.9441,914.6579
run,912.8487,915.5625
bike,913.7533,916.4671
bike,914.6579,917.3717
bike,915.5625,918.2763
bike,916.4671,919.1809
bike,917.3717,920.0855
bike,918.2763,920.9901
bike,919.1809,921.8947
bike,920.0855,922.7993
bike,920.9901,923.7039
bike,921.8947,924.6085
bike,922.7993,925.513
bike,923.7039,926.4176
bike,924.6085,927.3222
run,925.513,928.2268
run,926.4176,929.1314
bike,927.3222,930.036
run,928.2268,930.9406
bike,929.1314,931.8452
run,930.036,932.7498
bike,930.9406,933.6544
bike,931.8452,934.5589
bike,932.7498,935.4635
run,933.6544,936.3681
run,934.5589,937.2727
run,935.4635,938.1773
bike,936.3681,939.0819
run,937.2727,939.9864
run,938.1773,940.891
run,939.0819,941.7956
run,939.9864,942.7002
run,940.891,943.6048
run,941.7956,944.5093
run,942.7002,945.4139
run,943.6048,946.3185
run,944.5093,947.2231
bike,945.4139,948.1277
run,946.3185,949.0323
run,947.2231,949.9369
run,948.1277,950.8414
run,949.0323,951.746
run,949.9369,952.6506
bike,950.8414,953.5552
run,951.746,954.4598
bike,952.6506,955.3643
bike,953.5552,956.269
bike,954.4598,957.1735
bike,955.3643,958.0781
bike,956.269,958.9827
bike,957.1735,959.8873
bike,958.0781,960.7919
bike,958.9827,961.6965
bike,959.8873,962.601
bike,960.7919,963.5056
bike,961.6965,964.4102
bike,962.601,965.3148
bike,963.5056,966.2194
bike,964.4102,967.124
bike,965.3148,968.0286
bike,966.2194,968.9331
bike,967.124,969.8377
bike,968.0286,970.7423
bike,968.9331,971.6469
bike,969.8377,972.5515
bike,970.7423,973.4561
run,971.6469,974.3606
run,972.5515,975.2652
run,973.4561,976.1698
run,974.3606,977.0744
bike,975.2652,977.9789
bike,976.1698,978.8835
bike,977.0744,979.7881
run,977.9789,980.6927
run,978.8835,981.5972
bike,979.7881,982.5018
bike,980.6927,983.4064
bike,981.5972,984.311
run,982.5018,985.2156
run,983.4064,986.1201
run,984.311,987.0247
run,985.2156,987.9293
bike,986.1201,988.8339
bike,987.0247,989.7384
run,987.9293,990.643
bike,988.8339,991.5476
bike,989.7384,992.4522
bike,990.643,993.3567
bike,991.5476,994.2613
run,992.4522,995.1659
run,993.3567,996.0704
run,994.2613,996.975
run,995.1659,997.8796
run,996.0704,998.7842
bike,996.975,999.6888
bike,997.8796,1000.5933
bike,998.7842,1001.4979
bike,999.6888,1002.4025
bike,1000.5933,1003.307
bike,1001.4979,1004.2116
bike,1002.4025,1005.1162
bike,1003.307,1006.0208
bike,1004.2116,1006.9254
bike,1005.1162,1007.8299
bike,1006.0208,1008.7345
bike,1006.9254,1009.6391
run,1007.8299,1010.5436
run,1008.7345,1011.4482
run,1009.6391,1012.3528
run,1010.5436,1013.2573
run,1011.4482,1014.1619
run,1012.3528,1015.0665
run,1013.2573,1015.9711
run,1014.1619,1016.8756
run,1015.0665,1017.7802
bike,1015.9711,1018.6848
bike,1016.8756,1019.5894
bike,1017.7802,1020.4939
bike,1018.6848,1021.3985
bike,1019.5894,1022.3031
bike,1020.4939,1023.2076
bike,1021.3985,1024.1122
bike,1022.3031,1025.0168
bike,1023.2076,1025.9213
bike,1024.1122,1026.8259
bike,1025.0168,1027.7305
bike,1025.9213,1028.6351
bike,1026.8259,1029.5396
run,1027.7305,1030.4442
run,1028.6351,1031.3488
bike,1029.5396,1032.2533
bike,1030.4442,1033.1579
bike,1031.3488,1034.0625
bike,1032.2533,1034.9671
bike,1033.1579,1035.8716
bike,1034.0625,1036.7762
run,1034.9671,1037.6808
run,1035.8716,1038.5853
bike,1036.7762,1039.4899
bike,1037.6808,1040.3945
bike,1038.5853,1041.299
bike,1039.4899,1042.2036
bike,1040.3945,1043.1082
bike,1041.299,1044.0127
bike,1042.2036,1044.9173
bike,1043.1082,1045.8219
bike,1044.0127,1046.7265
bike,1044.9173,1047.631
run,1045.8219,1048.5356
bike,1046.7265,1049.4402
bike,1047.631,1050.3447
bike,1048.5356,1051.2493
bike,1049.4402,1052.1539
run,1050.3447,1053.0584
run,1051.2493,1053.963
bike,1052.1539,1054.8676
bike,1053.0584,1055.7722
bike,1053.963,1056.6767
bike,1054.8676,1057.5813
bike,1055.7722,1058.4859
bike,1056.6767,1059.3904
bike,1057.5813,1060.295
run,1058.4859,1061.1996
run,1059.3904,1062.1042
run,1060.295,1063.0087
bike,1061.1996,1063.9133
bike,1062.1042,1064.8179
bike,1063.0087,1065.7224
bike,1063.9133,1066.627
bike,1064.8179,1067.5316
bike,1065.7224,1068.4362
bike,1066.627,1069.3407
bike,1067.5316,1070.2453
bike,1068.4362,1071.1498
run,1069.3407,1072.0544
bike,1070.2453,1072.959
bike,1071.1498,1073.8636
bike,1072.0544,1074.7681
bike,1072.959,1075.6727
bike,1073.8636,1076.5772
bike,1074.7681,1077.4818
swim,1075.6727,1078.3864
swim,1076.5772,1079.2909
run,1077.4818,1080.1955
run,1078.3864,1081.1001
bike,1079.2909,1082.0046
bike,1080.1955,1082.9092
bike,1081.1001,1083.8138
bike,1082.0046,1084.7183
bike,1082.9092,1085.6229
bike,1083.8138,1086.5275
bike,1084.7183,1087.432
run,1085.6229,1088.3366
run,1086.5275,1089.2411
run,1087.432,1090.1457
bike,1088.3366,1091.0503
bike,1089.2411,1091.9549
run,1090.1457,1092.8594
run,1091.0503,1093.764
run,1091.9549,1094.6685
run,1092.8594,1095.5731
run,1093.764,1096.4777
bike,1094.6685,1097.3822
bike,1095.5731,1098.2868
bike,1096.4777,1099.1914
bike,1097.3822,1100.0959
swim,1098.2868,1101.0005
swim,1099.1914,1101.9051
transition,1100.0959,1102.8096
transition,1101.0005,1103.7142
transition,1101.9051,1104.6188
transition,1102.8096,1105.5233
transition,1103.7142,1106.4279
swim,1104.6188,1107.3324
transition,1105.5233,1108.237
transition,1106.4279,1109.1416
swim,1107.3324,1110.0461
transition,1108.237,1110.9507
transition,1109.1416,1111.8553
transition,1110.0461,1112.7598
transition,1110.9507,1113.6644
transition,1111.8553,1114.569
transition,1112.7598,1115.4735
transition,1113.6644,1116.3781
transition,1114.569,1117.2827
bike,1115.4735,1118.1873
bike,1116.3781,1119.0918
bike,1117.2827,1119.9964
transition,1118.1873,1120.901
transition,1119.0918,1121.8056
swim,1119.9964,1122.7102
transition,1120.901,1123.6147
transition,1121.8056,1124.5193
transition,1122.7102,1125.4239
transition,1123.6147,1126.3285
transition,1124.5193,1127.2381
run,1125.4239,1128.1528
transition,1126.3285,1129.0573
transition,1127.2381,1129.9619
transition,1128.1528,1130.8665
swim,1129.0573,1131.7711
swim,1129.9619,1132.6756
swim,1130.8665,1133.5802
bike,1131.7711,1134.4848
bike,1132.6756,1135.3894
swim,1133.5802,1136.2939
swim,1134.4848,1137.1985
transition,1135.3894,1138.1031
transition,1136.2939,1139.0077
transition,1137.1985,1139.9122
swim,1138.1031,1140.8168
swim,1139.0077,1141.7214
swim,1139.9122,1142.626
swim,1140.8168,1143.5306
swim,1141.7214,1144.4351
transition,1142.626,1145.3397
transition,1143.5306,1146.2443
transition,1144.4351,1147.1489
transition,1145.3397,1148.0535
transition,1146.2443,1148.9581
transition,1147.1489,1149.8626
transition,1148.0535,1150.7672
swim,1148.9581,1151.6718
swim,1149.8626,1152.5764
swim,1150.7672,1153.481
swim,1151.6718,1154.3856
swim,1152.5764,1155.2901
transition,1153.481,1156.1947
transition,1154.3856,1157.0993
transition,1155.2901,1158.0039
transition,1156.1947,1158.9085
transition,1157.0993,1159.8131
transition,1158.0039,1160.7176
swim,1158.9085,1161.6222
swim,1159.8131,1162.5268
swim,1160.7176,1163.4314
swim,1161.6222,1164.336
swim,1162.5268,1165.2406
transition,1163.4314,1166.1452
swim,1164.336,1167.0498
swim,1165.2406,1167.9544
swim,1166.1452,1168.8589
swim,1167.0498,1169.7635
transition,1167.9544,1170.6681
transition,1168.8589,1171.5727
transition,1169.7635,1172.4773
transition,1170.6681,1173.3819
bike,1171.5727,1174.2865
swim,1172.4773,1175.1911
transition,1173.3819,1176.0957
transition,1174.2865,1177.0003
transition,1175.1911,1177.9049
swim,1176.0957,1178.8095
swim,1177.0003,1179.7141
transition,1177.9049,1180.6186
bike,1178.8095,1181.5233
transition,1179.7141,1182.4279
transition,1180.6186,1183.3324
transition,1181.5233,1184.2371
swim,1182.4279,1185.1417
bike,1183.3324,1186.0463
bike,1184.2371,1186.9509
bike,1185.1417,1187.8555
bike,1186.0463,1188.76
bike,1186.9509,1189.6646
run,1187.8555,1190.5693
transition,1188.76,1191.4739
transition,1189.6646,1192.3784
bike,1190.5693,1193.2831
bike,1191.4739,1194.1877
bike,1192.3784,1195.0923
transition,1193.2831,1195.9969
bike,1194.1877,1196.9015
bike,1195.0923,1197.8061
bike,1195.9969,1198.7107
bike,1196.9015,1199.6153
bike,1197.8061,1200.5199
bike,1198.7107,1201.4245
bike,1199.6153,1202.3291
bike,1200.5199,1203.2337
bike,1201.4245,1204.1383
bike,1202.3291,1205.0429
bike,1203.2337,1205.9475
bike,1204.1383,1206.8521
bike,1205.0429,1207.7567
bike,1205.9475,1208.6613
bike,1206.8521,1209.5659
bike,1207.7567,1210.4705
transition,1208.6613,1211.3751
transition,1209.5659,1212.2797
bike,1210.4705,1213.1843
bike,1211.3751,1214.0889
transition,1212.2797,1214.9935
transition,1213.1843,1215.8981
transition,1214.0889,1216.8027
bike,1214.9935,1217.7073
transition,1215.8981,1218.6119
bike,1216.8027,1219.5165
bike,1217.7073,1220.4211
bike,1218.6119,1221.3257
bike,1219.5165,1222.2303
bike,1220.4211,1223.1349
bike,1221.3257,1224.0395
bike,1222.2303,1224.9441
bike,1223.1349,1225.8487
bike,1224.0395,1226.7533
bike,1224.9441,1227.6579
bike,1225.8487,1228.5626
bike,1226.7533,1229.4672
transition,1227.6579,1230.3719
bike,1228.5626,1231.2765
transition,1229.4672,1232.1812
bike,1230.3719,1233.0858
bike,1231.2765,1233.9905
bike,1232.1812,1234.8951
bike,1233.0858,1235.7997
bike,1233.9905,1236.7044
bike,1234.8951,1237.6091
bike,1235.7997,1238.5137
bike,1236.7044,1239.4184
bike,1237.6091,1240.323
bike,1238.5137,1241.2277
bike,1239.4184,1242.1323
bike,1240.323,1243.0369
bike,1241.2277,1243.9416
bike,1242.1323,1244.8463
bike,1243.0369,1245.7509
bike,1243.9416,1246.6555
bike,1244.8463,1247.5601
bike,1245.7509,1248.4648
bike,1246.6555,1249.3694
bike,1247.5601,1250.274
bike,1248.4648,1251.1787
bike,1249.3694,1252.0833
bike,1250.274,1252.9879
bike,1251.1787,1253.8925
bike,1252.0833,1254.7971
bike,1252.9879,1255.7017
bike,1253.8925,1256.6064
bike,1254.7971,1257.511
bike,1255.7017,1258.4156
bike,1256.6064,1259.3202
bike,1257.511,1260.2248
bike,1258.4156,1261.1294
bike,1259.3202,1262.034
bike,1260.2248,1262.9386
bike,1261.1294,1263.8432
bike,1262.034,1264.7478
bike,1262.9386,1265.6524
bike,1263.8432,1266.557
bike,1264.7478,1267.4616
bike,1265.6524,1268.3662
transition,1266.557,1269.2708
transition,1267.4616,1270.1754
transition,1268.3662,1271.08
bike,1269.2708,1271.9846
transition,1270.1754,1272.8892
transition,1271.08,1273.7938
transition,1271.9846,1274.6984
transition,1272.8892,1275.603
transition,1273.7938,1276.5076
transition,1274.6984,1277.4122
transition,1275.603,1278.3167
bike,1276.5076,1279.2214
bike,1277.4122,1280.1259
transition,1278.3167,1281.0305
transition,1279.2214,1281.9351
bike,1280.1259,1282.8397
bike,1281.0305,1283.7443
bike,1281.9351,1284.6489
bike,1282.8397,1285.5534
bike,1283.7443,1286.4581
bike,1284.6489,1287.3626
bike,1285.5534,1288.2672
bike,1286.4581,1289.1718
bike,1287.3626,1290.0764
bike,1288.2672,1290.981
bike,1289.1718,1291.8856
bike,1290.0764,1292.7902
bike,1290.981,1293.6948
bike,1291.8856,1294.5993
transition,1292.7902,1295.504
transition,1293.6948,1296.4085
run,1294.5993,1297.3131
bike,1295.504,1298.2177
transition,1296.4085,1299.1222
transition,1297.3131,1300.0268
transition,1298.2177,1300.9314
transition,1299.1222,1301.836
bike,1300.0268,1302.7406
bike,1300.9314,1303.6452
bike,1301.836,1304.5498
bike,1302.7406,1305.4544
bike,1303.6452,1306.3589
bike,1304.5498,1307.2636
bike,1305.4544,1308.1681
bike,1306.3589,1309.0727
bike,1307.2636,1309.9773
bike,1308.1681,1310.8819
bike,1309.0727,1311.7865
bike,1309.9773,1312.691
bike,1310.8819,1313.5956
bike,1311.7865,1314.5002
transition,1312.691,1315.4048
transition,1313.5956,1316.3094
transition,1314.5002,1317.214
transition,1315.4048,1318.1186
transition,1316.3094,1319.0232
transition,1317.214,1319.9278
transition,1318.1186,1320.8324
transition,1319.0232,1321.7369
transition,1319.9278,1322.6415
transition,1320.8324,1323.5461
bike,1321.7369,1324.4507
bike,1322.6415,1325.3553
bike,1323.5461,1326.2599
bike,1324.4507,1327.1645
transition,1325.3553,1328.0691
transition,1326.2599,1328.9736
transition,1327.1645,1329.8782
transition,1328.0691,1330.7828
bike,1328.9736,1331.6874
bike,1329.8782,1332.592
transition,1330.7828,1333.4966
transition,1331.6874,1334.4012
transition,1332.592,1335.3057
transition,1333.4966,1336.2103
transition,1334.4012,1337.1149
transition,1335.3057,1338.0195
transition,1336.2103,1338.9241
transition,1337.1149,1339.8286
bike,1338.0195,1340.7332
bike,1338.9241,1341.6378
bike,1339.8286,1342.5424
bike,1340.7332,1343.447
bike,1341.6378,1344.3515
bike,1342.5424,1345.2562
bike,1343.447,1346.1608
bike,1344.3515,1347.0653
bike,1345.2562,1347.9699
bike,1346.1608,1348.8745
bike,1347.0653,1349.779
bike,1347.9699,1350.6836
bike,1348.8745,1351.5882
bike,1349.779,1352.4928
bike,1350.6836,1353.3974
transition,1351.5882,1354.302
bike,1352.4928,1355.2065
bike,1353.3974,1356.1111
bike,1354.302,1357.0157
bike,1355.2065,1357.9203
bike,1356.1111,1358.8249
bike,1357.0157,1359.7295
transition,1357.9203,1360.634
bike,1358.8249,1361.5387
bike,1359.7295,1362.4432
transition,1360.634,1363.3478
transition,1361.5387,1364.2524
transition,1362.4432,1365.157
bike,1363.3478,1366.0616
bike,1364.2524,1366.9662
bike,1365.157,1367.8708
transition,1366.0616,1368.7754
transition,1366.9662,1369.68
transition,1367.8708,1370.5846
transition,1368.7754,1371.4891
transition,1369.68,1372.3938
transition,1370.5846,1373.2983
transition,1371.4891,1374.203
transition,1372.3938,1375.1075
transition,1373.2983,1376.0122
transition,1374.203,1376.9168
transition,1375.1075,1377.8213
transition,1376.0122,1378.7259
transition,1376.9168,1379.6305
transition,1377.8213,1380.5351
transition,1378.7259,1381.4397
transition,1379.6305,1382.3443
transition,1380.5351,1383.2489
transition,1381.4397,1384.1535
transition,1382.3443,1385.0581
transition,1383.2489,1385.9627
transition,1384.1535,1386.8673
transition,1385.0581,1387.7719
bike,1385.9627,1388.6765
bike,1386.8673,1389.5811
bike,1387.7719,1390.4857
bike,1388.6765,1391.3903
bike,1389.5811,1392.2949
bike,1390.4857,1393.1995
transition,1391.3903,1394.1041
transition,1392.2949,1395.0087
transition,1393.1995,1395.9133
bike,1394.1041,1396.8179
bike,1395.0087,1397.7225
bike,1395.9133,1398.6271
bike,1396.8179,1399.5317
bike,1397.7225,1400.4362
bike,1398.6271,1401.3408
bike,1399.5317,1402.2454
bike,1400.4362,1403.15
bike,1401.3408,1404.0546
bike,1402.2454,1404.9592
bike,1403.15,1405.8638
bike,1404.0546,1406.7683
bike,1404.9592,1407.6729
bike,1405.8638,1408.5775
bike,1406.7683,1409.4821
transition,1407.6729,1410.3867
bike,1408.5775,1411.2913
bike,1409.4821,1412.1958
bike,1410.3867,1413.1004
bike,1411.2913,1414.005
bike,1412.1958,1414.9096
bike,1413.1004,1415.8142
bike,1414.005,1416.7187
bike,1414.9096,1417.6233
bike,1415.8142,1418.5279
bike,1416.7187,1419.4325
bike,1417.6233,1420.3371
bike,1418.5279,1421.2417
bike,1419.4325,1422.1462
bike,1420.3371,1423.0508
bike,1421.2417,1423.9554
bike,1422.1462,1424.86
bike,1423.0508,1425.7646
bike,1423.9554,1426.6691
bike,1424.86,1427.5737
bike,1425.7646,1428.4783
bike,1426.6691,1429.3829
transition,1427.5737,1430.2875
bike,1428.4783,1431.192
bike,1429.3829,1432.0966
bike,1430.2875,1433.0012
bike,1431.192,1433.9058
bike,1432.0966,1434.8104
bike,1433.0012,1435.715
transition,1433.9058,1436.6195
bike,1434.8104,1437.5242
transition,1435.715,1438.4287
transition,1436.6195,1439.3333
transition,1437.5242,1440.2379
transition,1438.4287,1441.1425
transition,1439.3333,1442.0471
transition,1440.2379,1442.9517
transition,1441.1425,1443.8563
bike,1442.0471,1444.7609
bike,1442.9517,1445.6655
bike,1443.8563,1446.5701
bike,1444.7609,1447.4747
bike,1445.6655,1448.3793
transition,1446.5701,1449.2839
transition,1447.4747,1450.1884
transition,1448.3793,1451.0931
bike,1449.2839,1451.9976
bike,1450.1884,1452.9022
transition,1451.0931,1453.8068
run,1451.9976,1454.7114
run,1452.9022,1455.616
run,1453.8068,1456.5206
bike,1454.7114,1457.4251
bike,1455.616,1458.3297
bike,1456.5206,1459.2343
bike,1457.4251,1460.1389
bike,1458.3297,1461.0434
bike,1459.2343,1461.948
bike,1460.1389,1462.8526
bike,1461.0434,1463.7571
bike,1461.948,1464.6617
bike,1462.8526,1465.5663
bike,1463.7571,1466.4709
bike,1464.6617,1467.3754
bike,1465.5663,1468.28
bike,1466.4709,1469.1846
bike,1467.3754,1470.0892
transition,1468.28,1470.9937
transition,1469.1846,1471.8983
transition,1470.0892,1472.8029
bike,1470.9937,1473.7074
bike,1471.8983,1474.612
bike,1472.8029,1475.5166
bike,1473.7074,1476.4211
bike,1474.612,1477.3257
bike,1475.5166,1478.2302
bike,1476.4211,1479.1348
bike,1477.3257,1480.0394
bike,1478.2302,1480.944
bike,1479.1348,1481.8485
bike,1480.0394,1482.7531
transition,1480.944,1483.6577
bike,1481.8485,1484.5622
transition,1482.7531,1485.4668
transition,1483.6577,1486.3714
transition,1484.5622,1487.2759
transition,1485.4668,1488.1805
transition,1486.3714,1489.0851
transition,1487.2759,1489.9897
transition,1488.1805,1490.8942
transition,1489.0851,1491.7988
transition,1489.9897,1492.7033
transition,1490.8942,1493.6079
transition,1491.7988,1494.5125
bike,1492.7033,1495.417
bike,1493.6079,1496.3216
bike,1494.5125,1497.2261
bike,1495.417,1498.1307
bike,1496.3216,1499.0353
bike,1497.2261,1499.9398
bike,1498.1307,1500.8444
bike,1499.0353,1501.749
bike,1499.9398,1502.6536
bike,1500.8444,1503.5582
bike,1501.749,1504.4627
bike,1502.6536,1505.3673
bike,1503.5582,1506.2719
bike,1504.4627,1507.1764
bike,1505.3673,1508.081
bike,1506.2719,1508.9856
bike,1507.1764,1509.8902
bike,1508.081,1510.7947
bike,1508.9856,1511.6993
bike,1509.8902,1512.6038
bike,1510.7947,1513.5084
bike,1511.6993,1514.413
transition,1512.6038,1515.3175
transition,1513.5084,1516.2221
transition,1514.413,1517.1267
transition,1515.3175,1518.0312
transition,1516.2221,1518.9358
bike,1517.1267,1519.8404
transition,1518.0312,1520.7449
transition,1518.9358,1521.6495
transition,1519.8404,1522.5541
transition,1520.7449,1523.4587
transition,1521.6495,1524.3632
bike,1522.5541,1525.2678
transition,1523.4587,1526.1723
transition,1524.3632,1527.0769
run,1525.2678,1527.9815
run,1526.1723,1528.8861
bike,1527.0769,1529.7906
transition,1527.9815,1530.6952
transition,1528.8861,1531.5997
transition,1529.7906,1532.5043
transition,1530.6952,1533.4089
transition,1531.5997,1534.3134
transition,1532.5043,1535.218
transition,1533.4089,1536.1226
bike,1534.3134,1537.0271
bike,1535.218,1537.9317
transition,1536.1226,1538.8362
transition,1537.0271,1539.7408
transition,1537.9317,1540.6453
transition,1538.8362,1541.5499
transition,1539.7408,1542.4545
bike,1540.6453,1543.3591
transition,1541.5499,1544.2636
bike,1542.4545,1545.1682
transition,1543.3591,1546.0727
transition,1544.2636,1546.9773
transition,1545.1682,1547.8819
transition,1546.0727,1548.7864
bike,1546.9773,1549.691
bike,1547.8819,1550.5956
bike,1548.7864,1551.5001
bike,1549.691,1552.4047
bike,1550.5956,1553.3093
bike,1551.5001,1554.2139
bike,1552.4047,1555.1184
bike,1553.3093,1556.023
bike,1554.2139,1556.9276
bike,1555.1184,1557.8321
bike,1556.023,1558.7367
transition,1556.9276,1559.6413
bike,1557.8321,1560.5459
bike,1558.7367,1561.4505
bike,1559.6413,1562.355
bike,1560.5459,1563.2596
bike,1561.4505,1564.1642
bike,1562.355,1565.0687
bike,1563.2596,1565.9733
bike,1564.1642,1566.8779
bike,1565.0687,1567.7825
bike,1565.9733,1568.6871
bike,1566.8779,1569.5916
bike,1567.7825,1570.4962
bike,1568.6871,1571.4007
bike,1569.5916,1572.3053
bike,1570.4962,1573.2099
bike,1571.4007,1574.1144
bike,1572.3053,1575.019
bike,1573.2099,1575.9236
bike,1574.1144,1576.8281
bike,1575.019,1577.7327
bike,1575.9236,1578.6373
bike,1576.8281,1579.5418
bike,1577.7327,1580.4464
bike,1578.6373,1581.3509
bike,1579.5418,1582.2555
bike,1580.4464,1583.1601
bike,1581.3509,1584.0647
bike,1582.2555,1584.9692
bike,1583.1601,1585.8738
bike,1584.0647,1586.7783
bike,1584.9692,1587.6829
bike,1585.8738,1588.5875
bike,1586.7783,1589.492
bike,1587.6829,1590.3966
bike,1588.5875,1591.3012
bike,1589.492,1592.2057
bike,1590.3966,1593.1103
bike,1591.3012,1594.0148
bike,1592.2057,1594.9194
bike,1593.1103,1595.824
bike,1594.0148,1596.7285
bike,1594.9194,1597.6331
bike,1595.824,1598.5377
bike,1596.7285,1599.4422
bike,1597.6331,1600.3468
bike,1598.5377,1601.2514
bike,1599.4422,1602.1559
bike,1600.3468,1603.0605
bike,1601.2514,1603.965
bike,1602.1559,1604.8696
bike,1603.0605,1605.7742
bike,1603.965,1606.6788
transition,1604.8696,1607.5833
transition,1605.7742,1608.4879
bike,1606.6788,1609.3924
bike,1607.5833,1610.297
bike,1608.4879,1611.2016
bike,1609.3924,1612.1062
bike,1610.297,1613.0108
bike,1611.2016,1613.9153
bike,1612.1062,1614.8199
bike,1613.0108,1615.7245
bike,1613.9153,1616.629
bike,1614.8199,1617.5336
bike,1615.7245,1618.4382
bike,1616.629,1619.3427
bike,1617.5336,1620.2473
bike,1618.4382,1621.1519
bike,1619.3427,1622.0564
bike,1620.2473,1622.961
bike,1621.1519,1623.8656
bike,1622.0564,1624.7701
bike,1622.961,1625.6747
transition,1623.8656,1626.5793
transition,1624.7701,1627.4838
transition,1625.6747,1628.3884
transition,1626.5793,1629.293
transition,1627.4838,1630.1975
transition,1628.3884,1631.1021
transition,1629.293,1632.0067
bike,1630.1975,1632.9112
bike,1631.1021,1633.8158
transition,1632.0067,1634.7203
transition,1632.9112,1635.6249
bike,1633.8158,1636.5295
bike,1634.7203,1637.434
bike,1635.6249,1638.3386
bike,1636.5295,1639.2432
transition,1637.434,1640.1478
transition,1638.3386,1641.0523
bike,1639.2432,1641.9569
bike,1640.1478,1642.8614
transition,1641.0523,1643.766
transition,1641.9569,1644.6706
transition,1642.8614,1645.5751
run,1643.766,1646.4797
transition,1644.6706,1647.3842
transition,1645.5751,1648.2888
bike,1646.4797,1649.1934
transition,1647.3842,1650.098
transition,1648.2888,1651.0025
transition,1649.1934,1651.9071
transition,1650.098,1652.8116
transition,1651.0025,1653.7162
transition,1651.9071,1654.6207
transition,1652.8116,1655.5253
run,1653.7162,1656.4299
run,1654.6207,1657.3345
run,1655.5253,1658.239
transition,1656.4299,1659.1436
bike,1657.3345,1660.0481
bike,1658.239,1660.9527
bike,1659.1436,1661.8572
bike,1660.0481,1662.7618
bike,1660.9527,1663.6664
bike,1661.8572,1664.5709
bike,1662.7618,1665.4755
transition,1663.6664,1666.38
transition,1664.5709,1667.2846
bike,1665.4755,1668.1892
bike,1666.38,1669.0938
bike,1667.2846,1669.9983
transition,1668.1892,1670.9029
swim,1669.0938,1671.8075
transition,1669.9983,1672.712
transition,1670.9029,1673.6166
transition,1671.8075,1674.5212
swim,1672.712,1675.4258
bike,1673.6166,1676.3303
transition,1674.5212,1677.2349
bike,1675.4258,1678.1395
