bike,0,9.0488
bike,0.90489,9.9537
bike,1.8098,10.8586
bike,2.7147,11.7635
bike,3.6196,12.6684
bike,4.5244,13.5733
bike,5.4293,14.4781
bike,6.3342,15.383
bike,7.2391,16.2879
swim,8.144,17.1928
bike,9.0488,18.0976
bike,9.9537,19.0025
bike,10.8586,19.9074
bike,11.7635,20.8123
bike,12.6684,21.7172
bike,13.5733,22.622
bike,14.4781,23.5269
bike,15.383,24.4318
transition,16.2879,25.3367
transition,17.1928,26.2415
transition,18.0976,27.1464
transition,19.0025,28.0513
transition,19.9074,28.9561
transition,20.8123,29.861
transition,21.7172,30.7659
transition,22.622,31.6707
transition,23.5269,32.5756
transition,24.4318,33.4805
transition,25.3367,34.3854
transition,26.2415,35.2902
transition,27.1464,36.1951
transition,28.0513,37.0999
transition,28.9561,38.0048
transition,29.861,38.9096
transition,30.7659,39.8145
transition,31.6707,40.7193
swim,32.5756,41.6242
transition,33.4805,42.529
transition,34.3854,43.4339
transition,35.2902,44.3387
transition,36.1951,45.2436
transition,37.0999,46.1484
swim,38.0048,47.0533
swim,38.9096,47.9581
swim,39.8145,48.863
swim,40.7193,49.7678
transition,41.6242,50.6726
transition,42.529,51.5774
transition,43.4339,52.4823
transition,44.3387,53.3871
transition,45.2436,54.2919
transition,46.1484,55.1967
transition,47.0533,56.1016
transition,47.9581,57.0064
transition,48.863,57.9112
transition,49.7678,58.816
transition,50.6726,59.7208
transition,51.5774,60.6256
transition,52.4823,61.5304
transition,53.3871,62.4353
transition,54.2919,63.3401
transition,55.1967,64.245
transition,56.1016,65.1498
transition,57.0064,66.0546
transition,57.9112,66.9595
transition,58.816,67.8643
transition,59.7208,68.7692
transition,60.6256,69.674
transition,61.5304,70.5789
bike,62.4353,71.4837
bike,63.3401,72.3886
bike,64.245,73.2934
bike,65.1498,74.1982
bike,66.0546,75.1031
bike,66.9595,76.008
bike,67.8643,76.9128
bike,68.7692,77.8176
bike,69.674,78.7225
bike,70.5789,79.6273
transition,71.4837,80.5322
transition,72.3886,81.437
transition,73.2934,82.3418
transition,74.1982,83.2466
transition,75.1031,84.1515
transition,76.008,85.0563
transition,76.9128,85.9611
transition,77.8176,86.8659
transition,78.7225,87.7707
transition,79.6273,88.6755
transition,80.5322,89.5803
transition,81.437,90.4851
transition,82.3418,91.3899
transition,83.2466,92.2947
transition,84.1515,93.1995
transition,85.0563,94.1043
transition,85.9611,95.009
transition,86.8659,95.9138
transition,87.7707,96.8186
transition,88.6755,97.7234
transition,89.5803,98.6282
transition,90.4851,99.5329
transition,91.3899,100.4377
transition,92.2947,101.3425
transition,93.1995,102.2472
transition,94.1043,103.152
transition,95.009,104.0568
transition,95.9138,104.9615
transition,96.8186,105.8663
transition,97.7234,106.771
bike,98.6282,107.6758
transition,99.5329,108.5806
transition,100.4377,109.4853
transition,101.3425,110.3901
transition,102.2472,111.2949
transition,103.152,112.1996
transition,104.0568,113.1044
transition,104.9615,114.0091
transition,105.8663,114.9139
transition,106.771,115.8186
transition,107.6758,116.7234
bike,108.5806,117.6282
bike,109.4853,118.5329
bike,110.3901,119.4377
bike,111.2949,120.3424
bike,112.1996,121.2472
bike,113.1044,122.152
bike,114.0091,123.0567
bike,114.9139,123.9615
bike,115.8186,124.8662
transition,116.7234,125.771
transition,117.6282,126.6757
transition,118.5329,127.5805
transition,119.4377,128.4852
transition,120.3424,129.39
transition,121.2472,130.2947
transition,122.152,131.1995
bike,123.0567,132.1042
bike,123.9615,133.009
bike,124.8662,133.9137
bike,125.771,134.8185
bike,126.6757,135.7232
bike,127.5805,136.628
bike,128.4852,137.5327
bike,129.39,138.4374
bike,130.2947,139.3422
transition,131.1995,140.2469
transition,132.1042,141.1516
transition,133.009,142.0564
transition,133.9137,142.9611
transition,134.8185,143.8658
transition,135.7232,144.7706
transition,136.628,145.6753
transition,137.5327,146.58
transition,138.4374,147.4847
transition,139.3422,148.3895
transition,140.2469,149.2942
transition,141.1516,150.1989
transition,142.0564,151.1037
transition,142.9611,152.0084
transition,143.8658,152.9131
transition,144.7706,153.8179
transition,145.6753,154.7226
transition,146.58,155.6273
transition,147.4847,156.532
bike,148.3895,157.4368
bike,149.2942,158.3415
bike,150.1989,159.2462
bike,151.1037,160.151
bike,152.0084,161.0557
bike,152.9131,161.9604
bike,153.8179,162.8652
bike,154.7226,163.7699
bike,155.6273,164.6746
bike,156.532,165.5793
transition,157.4368,166.4841
transition,158.3415,167.3888
transition,159.2462,168.2935
transition,160.151,169.1983
transition,161.0557,170.103
transition,161.9604,171.0077
transition,162.8652,171.9124
transition,163.7699,172.8171
transition,164.6746,173.7218
transition,165.5793,174.6266
transition,166.4841,175.5313
transition,167.3888,176.436
transition,168.2935,177.3407
transition,169.1983,178.2454
transition,170.103,179.1501
transition,171.0077,180.0548
transition,171.9124,180.9596
transition,172.8171,181.8643
bike,173.7218,182.769
bike,174.6266,183.6737
bike,175.5313,184.5784
bike,176.436,185.4831
bike,177.3407,186.3878
bike,178.2454,187.2925
bike,179.1501,188.1973
bike,180.0548,189.102
bike,180.9596,190.0067
bike,181.8643,190.9114
bike,182.769,191.8161
bike,183.6737,192.7209
bike,184.5784,193.6256
bike,185.4831,194.5303
bike,186.3878,195.435
transition,187.2925,196.3398
transition,188.1973,197.2445
transition,189.102,198.1492
transition,190.0067,199.0539
transition,190.9114,199.9587
transition,191.8161,200.8634
transition,192.7209,201.7681
transition,193.6256,202.6728
transition,194.5303,203.5775
transition,195.435,204.4822
transition,196.3398,205.3869
transition,197.2445,206.2916
transition,198.1492,207.1963
transition,199.0539,208.101
transition,199.9587,209.0057
transition,200.8634,209.9104
transition,201.7681,210.8151
transition,202.6728,211.7198
transition,203.5775,212.6245
transition,204.4822,213.5292
transition,205.3869,214.4339
transition,206.2916,215.3386
transition,207.1963,216.2433
transition,208.101,217.148
transition,209.0057,218.0527
transition,209.9104,218.9574
transition,210.8151,219.8621
transition,211.7198,220.7667
transition,212.6245,221.6714
transition,213.5292,222.5761
transition,214.4339,223.4808
transition,215.3386,224.3855
transition,216.2433,225.2902
bike,217.148,226.1949
bike,218.0527,227.0996
bike,218.9574,228.0044
bike,219.8621,228.909
bike,220.7667,229.8137
bike,221.6714,230.7184
bike,222.5761,231.6231
bike,223.4808,232.5277
bike,224.3855,233.4324
bike,225.2902,234.3371
bike,226.1949,235.2418
bike,227.0996,236.1465
bike,228.0044,237.0511
bike,228.909,237.9558
bike,229.8137,238.8605
bike,230.7184,239.7651
bike,231.6231,240.6698
bike,232.5277,241.5744
bike,233.4324,242.4791
bike,234.3371,243.3838
bike,235.2418,244.2885
bike,236.1465,245.1931
bike,237.0511,246.0978
transition,237.9558,247.0024
transition,238.8605,247.9071
bike,239.7651,248.8118
bike,240.6698,249.7164
bike,241.5744,250.6211
bike,242.4791,251.5257
bike,243.3838,252.4304
bike,244.2885,253.3351
bike,245.1931,254.2397
transition,246.0978,255.1444
transition,247.0024,256.0491
transition,247.9071,256.9537
transition,248.8118,257.8583
transition,249.7164,258.763
transition,250.6211,259.6677
transition,251.5257,260.5724
transition,252.4304,261.477
transition,253.3351,262.3817
transition,254.2397,263.2864
transition,255.1444,264.191
transition,256.0491,265.0957
transition,256.9537,266.0003
transition,257.8583,266.905
transition,258.763,267.8096
transition,259.6677,268.7143
transition,260.5724,269.619
transition,261.477,270.5237
transition,262.3817,271.4283
transition,263.2864,272.333
transition,264.191,273.2376
transition,265.0957,274.1423
transition,266.0003,275.047
transition,266.905,275.9516
transition,267.8096,276.8563
transition,268.7143,277.7609
transition,269.619,278.6656
bike,270.5237,279.5702
bike,271.4283,280.4749
bike,272.333,281.3795
run,273.2376,282.2842
bike,274.1423,283.1888
bike,275.047,284.0935
bike,275.9516,284.9981
swim,276.8563,285.9028
swim,277.7609,286.8074
transition,278.6656,287.7121
transition,279.5702,288.6168
transition,280.4749,289.5214
transition,281.3795,290.4261
transition,282.2842,291.3307
transition,283.1888,292.2353
transition,284.0935,293.14
transition,284.9981,294.0446
transition,285.9028,294.9493
transition,286.8074,295.8539
bike,287.7121,296.7586
bike,288.6168,297.6632
transition,289.5214,298.5679
transition,290.4261,299.4725
transition,291.3307,300.3771
transition,292.2353,301.2818
bike,293.14,302.1864
bike,294.0446,303.091
bike,294.9493,303.9957
bike,295.8539,304.9004
bike,296.7586,305.805
bike,297.6632,306.7096
bike,298.5679,307.6143
bike,299.4725,308.5189
bike,300.3771,309.4236
bike,301.2818,310.3282
transition,302.1864,311.2328
transition,303.091,312.1375
transition,303.9957,313.0421
transition,304.9004,313.9467
transition,305.805,314.8514
transition,306.7096,315.756
transition,307.6143,316.6606
transition,308.5189,317.5653
transition,309.4236,318.4699
transition,310.3282,319.3745
transition,311.2328,320.2792
transition,312.1375,321.1838
transition,313.0421,322.0884
transition,313.9467,322.9931
bike,314.8514,323.8977
bike,315.756,324.8024
bike,316.6606,325.707
bike,317.5653,326.6116
bike,318.4699,327.5162
bike,319.3745,328.4209
bike,320.2792,329.3255
bike,321.1838,330.2302
bike,322.0884,331.1348
bike,322.9931,332.0394
bike,323.8977,332.944
bike,324.8024,333.8487
bike,325.707,334.7533
bike,326.6116,335.6579
bike,327.5162,336.5626
transition,328.4209,337.4672
transition,329.3255,338.3718
transition,330.2302,339.2764
transition,331.1348,340.1811
transition,332.0394,341.0857
transition,332.944,341.9903
transition,333.8487,342.8949
transition,334.7533,343.7996
transition,335.6579,344.7042
transition,336.5626,345.6089
transition,337.4672,346.5135
transition,338.3718,347.4181
transition,339.2764,348.3227
transition,340.1811,349.2273
transition,341.0857,350.132
bike,341.9903,351.0366
bike,342.8949,351.9412
bike,343.7996,352.8459
bike,344.7042,353.7505
bike,345.6089,354.6551
bike,346.5135,355.5598
bike,347.4181,356.4644
bike,348.3227,357.369
bike,349.2273,358.2736
bike,350.132,359.1783
bike,351.0366,360.0829
bike,351.9412,360.9875
bike,352.8459,361.8921
bike,353.7505,362.7968
transition,354.6551,363.7014
bike,355.5598,364.606
bike,356.4644,365.5107
bike,357.369,366.4153
run,358.2736,367.3199
run,359.1783,368.2245
run,360.0829,369.1292
run,360.9875,370.0338
run,361.8921,370.9384
bike,362.7968,371.843
bike,363.7014,372.7477
bike,364.606,373.6523
bike,365.5107,374.5569
bike,366.4153,375.4616
transition,367.3199,376.3662
transition,368.2245,377.2708
transition,369.1292,378.1754
transition,370.0338,379.08
transition,370.9384,379.9847
transition,371.843,380.8893
transition,372.7477,381.7939
transition,373.6523,382.6986
transition,374.5569,383.6032
transition,375.4616,384.5078
transition,376.3662,385.4124
transition,377.2708,386.3171
transition,378.1754,387.2217
transition,379.08,388.1263
transition,379.9847,389.0309
transition,380.8893,389.9356
transition,381.7939,390.8402
transition,382.6986,391.7448
transition,383.6032,392.6495
bike,384.5078,393.5541
bike,385.4124,394.4587
transition,386.3171,395.3633
transition,387.2217,396.268
transition,388.1263,397.1726
bike,389.0309,398.0772
bike,389.9356,398.9818
bike,390.8402,399.8865
bike,391.7448,400.7911
bike,392.6495,401.6957
bike,393.5541,402.6003
transition,394.4587,403.505
transition,395.3633,404.4096
transition,396.268,405.3142
transition,397.1726,406.2189
transition,398.0772,407.1235
transition,398.9818,408.0281
transition,399.8865,408.9327
transition,400.7911,409.8374
transition,401.6957,410.742
transition,402.6003,411.6466
bike,403.505,412.5512
bike,404.4096,413.4559
bike,405.3142,414.3605
bike,406.2189,415.2651
bike,407.1235,416.1697
bike,408.0281,417.0743
bike,408.9327,417.979
bike,409.8374,418.8836
transition,410.742,419.7882
transition,411.6466,420.6929
transition,412.5512,421.5975
transition,413.4559,422.5021
transition,414.3605,423.4068
transition,415.2651,424.3114
transition,416.1697,425.216
transition,417.0743,426.1207
transition,417.979,427.0253
bike,418.8836,427.9299
transition,419.7882,428.8345
transition,420.6929,429.7392
transition,421.5975,430.6438
transition,422.5021,431.5484
transition,423.4068,432.4531
bike,424.3114,433.3577
bike,425.216,434.2623
bike,426.1207,435.167
bike,427.0253,436.0716
bike,427.9299,436.9762
bike,428.8345,437.8808
bike,429.7392,438.7855
bike,430.6438,439.6901
bike,431.5484,440.5947
bike,432.4531,441.4993
bike,433.3577,442.404
bike,434.2623,443.3086
bike,435.167,444.2132
bike,436.0716,445.1178
bike,436.9762,446.0224
transition,437.8808,446.9271
transition,438.7855,447.8317
transition,439.6901,448.7363
transition,440.5947,449.641
transition,441.4993,450.5456
transition,442.404,451.4502
transition,443.3086,452.3549
transition,444.2132,453.2595
transition,445.1178,454.1641
transition,446.0224,455.0687
transition,446.9271,455.9734
transition,447.8317,456.878
transition,448.7363,457.7826
transition,449.641,458.6872
transition,450.5456,459.5918
transition,451.4502,460.4965
transition,452.3549,461.4011
transition,453.2595,462.3057
transition,454.1641,463.2103
bike,455.0687,464.1149
bike,455.9734,465.0196
bike,456.878,465.9242
transition,457.7826,466.8288
transition,458.6872,467.7334
transition,459.5918,468.6381
transition,460.4965,469.5427
transition,461.4011,470.4473
transition,462.3057,471.3519
transition,463.2103,472.2565
transition,464.1149,473.1611
transition,465.0196,474.0657
transition,465.9242,474.9703
transition,466.8288,475.875
transition,467.7334,476.7796
transition,468.6381,477.6842
transition,469.5427,478.5888
transition,470.4473,479.4934
transition,471.3519,480.398
transition,472.2565,481.3026
bike,473.1611,482.2072
bike,474.0657,483.1118
bike,474.9703,484.0165
transition,475.875,484.9211
transition,476.7796,485.8257
transition,477.6842,486.7303
transition,478.5888,487.6349
transition,479.4934,488.5395
bike,480.398,489.4442
bike,481.3026,490.3488
bike,482.2072,491.2534
bike,483.1118,492.1581
bike,484.0165,493.0627
bike,484.9211,493.9673
bike,485.8257,494.872
bike,486.7303,495.7766
bike,487.6349,496.6812
bike,488.5395,497.5858
bike,489.4442,498.4905
bike,490.3488,499.3951
bike,491.2534,500.2997
bike,492.1581,501.2043
bike,493.0627,502.1089
bike,493.9673,503.0136
bike,494.872,503.9182
bike,495.7766,504.8228
transition,496.6812,505.7274
transition,497.5858,506.632
transition,498.4905,507.5367
transition,499.3951,508.4413
transition,500.2997,509.3459
transition,501.2043,510.2505
transition,502.1089,511.1552
transition,503.0136,512.0598
transition,503.9182,512.9644
transition,504.8228,513.869
transition,505.7274,514.7736
transition,506.632,515.6783
transition,507.5367,516.5829
transition,508.4413,517.4875
transition,509.3459,518.3921
transition,510.2505,519.2968
swim,511.1552,520.2014
swim,512.0598,521.106
swim,512.9644,522.0106
swim,513.869,522.9153
swim,514.7736,523.8199
swim,515.6783,524.7245
swim,516.5829,525.6291
swim,517.4875,526.5337
swim,518.3921,527.4384
swim,519.2968,528.343
swim,520.2014,529.2476
swim,521.106,530.1522
swim,522.0106,531.0569
swim,522.9153,531.9615
swim,523.8199,532.8661
transition,524.7245,533.7708
transition,525.6291,534.6754
transition,526.5337,535.58
transition,527.4384,536.4847
swim,528.343,537.3893
swim,529.2476,538.2939
swim,530.1522,539.1985
swim,531.0569,540.1032
swim,531.9615,541.0078
swim,532.8661,541.9124
transition,533.7708,542.8171
swim,534.6754,543.7217
transition,535.58,544.6263
transition,536.4847,545.531
transition,537.3893,546.4356
transition,538.2939,547.3403
transition,539.1985,548.2449
transition,540.1032,549.1495
transition,541.0078,550.0542
transition,541.9124,550.9588
transition,542.8171,551.8635
transition,543.7217,552.7681
transition,544.6263,553.6727
bike,545.531,554.5774
transition,546.4356,555.482
transition,547.3403,556.3867
transition,548.2449,557.2913
transition,549.1495,558.196
transition,550.0542,559.1007
transition,550.9588,560.0054
bike,551.8635,560.91
bike,552.7681,561.8147
bike,553.6727,562.7194
swim,554.5774,563.6241
swim,555.482,564.5289
transition,556.3867,565.4336
swim,557.2913,566.3383
swim,558.196,567.243
swim,559.1007,568.1477
swim,560.0054,569.0524
transition,560.91,569.9572
swim,561.8147,570.8619
swim,562.7194,571.7666
swim,563.6241,572.6713
swim,564.5289,573.5761
swim,565.4336,574.4808
swim,566.3383,575.3855
swim,567.243,576.2902
swim,568.1477,577.1949
transition,569.0524,578.0996
transition,569.9572,579.0043
bike,570.8619,579.909
bike,571.7666,580.8137
bike,572.6713,581.7184
bike,573.5761,582.6231
bike,574.4808,583.5278
transition,575.3855,584.4325
transition,576.2902,585.3371
transition,577.1949,586.2418
transition,578.0996,587.1465
transition,579.0043,588.0512
transition,579.909,588.9559
swim,580.8137,589.8606
swim,581.7184,590.7652
swim,582.6231,591.6699
swim,583.5278,592.5746
transition,584.4325,593.4793
transition,585.3371,594.384
swim,586.2418,595.2887
swim,587.1465,596.1933
swim,588.0512,597.098
run,588.9559,598.0027
run,589.8606,598.9074
run,590.7652,599.8121
run,591.6699,600.7167
run,592.5746,601.6215
run,593.4793,602.5261
run,594.384,603.4308
run,595.2887,604.3355
run,596.1933,605.2401
run,597.098,606.1448
run,598.0027,607.0495
run,598.9074,607.9542
run,599.8121,608.8588
run,600.7167,609.7635
run,601.6215,610.6682
run,602.5261,611.5729
run,603.4308,612.4775
run,604.3355,613.3822
run,605.2401,614.2869
run,606.1448,615.1916
run,607.0495,616.0962
run,607.9542,617.0009
run,608.8588,617.9056
run,609.7635,618.8103
run,610.6682,619.7149
run,611.5729,620.6196
run,612.4775,621.5242
run,613.3822,622.4289
run,614.2869,623.3336
run,615.1916,624.2382
run,616.0962,625.1429
run,617.0009,626.0475
run,617.9056,626.9522
run,618.8103,627.8569
run,619.7149,628.7615
run,620.6196,629.6662
run,621.5242,630.5708
run,622.4289,631.4755
run,623.3336,632.3802
run,624.2382,633.2849
run,625.1429,634.1896
run,626.0475,635.0943
run,626.9522,635.999
run,627.8569,636.9037
run,628.7615,637.8084
run,629.6662,638.7131
run,630.5708,639.6178
run,631.4755,640.5225
run,632.3802,641.4272
run,633.2849,642.332
run,634.1896,643.2367
run,635.0943,644.1414
run,635.999,645.0461
run,636.9037,645.9508
run,637.8084,646.8555
run,638.7131,647.7602
run,639.6178,648.6649
run,640.5225,649.5746
run,641.4272,650.4843
run,642.332,651.394
swim,643.2367,652.2987
swim,644.1414,653.2034
swim,645.0461,654.1081
swim,645.9508,655.0128
swim,646.8555,655.9174
swim,647.7602,656.8221
run,648.6649,657.7268
run,649.5746,658.6315
run,650.4843,659.5362
run,651.394,660.4408
run,652.2987,661.3455
run,653.2034,662.2502
run,654.1081,663.1549
run,655.0128,664.0595
run,655.9174,664.9642
run,656.8221,665.8688
run,657.7268,666.7735
run,658.6315,667.6781
run,659.5362,668.5828
run,660.4408,669.4875
run,661.3455,670.3921
run,662.2502,671.2967
run,663.1549,672.2014
run,664.0595,673.1061
run,664.9642,674.0107
run,665.8688,674.9154
run,666.7735,675.82
run,667.6781,676.7247
run,668.5828,677.6293
run,669.4875,678.5339
run,670.3921,679.4386
run,671.2967,680.3432
run,672.2014,681.2479
run,673.1061,682.1525
run,674.0107,683.0572
run,674.9154,683.9618
run,675.82,684.8664
run,676.7247,685.7711
run,677.6293,686.6757
run,678.5339,687.5804
run,679.4386,688.485
run,680.3432,689.3896
run,681.2479,690.2943
run,682.1525,691.1989
run,683.0572,692.1036
run,683.9618,693.0082
run,684.8664,693.9128
run,685.7711,694.8175
run,686.6757,695.7221
run,687.5804,696.6267
run,688.485,697.5314
run,689.3896,698.436
run,690.2943,699.3406
run,691.1989,700.2453
run,692.1036,701.1499
run,693.0082,702.0545
run,693.9128,702.9592
run,694.8175,703.8638
run,695.7221,704.7684
run,696.6267,705.6731
run,697.5314,706.5777
run,698.436,707.4824
run,699.3406,708.387
run,700.2453,709.2916
run,701.1499,710.1962
run,702.0545,711.1009
run,702.9592,712.0055
run,703.8638,712.9101
run,704.7684,713.8148
run,705.6731,714.7194
run,706.5777,715.6241
run,707.4824,716.5287
run,708.387,717.4333
run,709.2916,718.3379
run,710.1962,719.2426
run,711.1009,720.1472
run,712.0055,721.0518
run,712.9101,721.9565
run,713.8148,722.8611
run,714.7194,723.7657
run,715.6241,724.6704
run,716.5287,725.5749
run,717.4333,726.4796
run,718.3379,727.3842
run,719.2426,728.2888
run,720.1472,729.1935
run,721.0518,730.0981
run,721.9565,731.0027
run,722.8611,731.9073
run,723.7657,732.812
run,724.6704,733.7166
run,725.5749,734.6212
run,726.4796,735.5258
run,727.3842,736.4305
run,728.2888,737.3351
run,729.1935,738.2397
run,730.0981,739.1443
run,731.0027,740.0489
run,731.9073,740.9536
run,732.812,741.8582
run,733.7166,742.7628
run,734.6212,743.6674
run,735.5258,744.5721
run,736.4305,745.4767
run,737.3351,746.3813
run,738.2397,747.2859
run,739.1443,748.1905
run,740.0489,749.0952
run,740.9536,749.9998
run,741.8582,750.9044
run,742.7628,751.809
run,743.6674,752.7137
run,744.5721,753.6183
run,745.4767,754.5229
run,746.3813,755.4275
run,747.2859,756.3321
run,748.1905,757.2368
run,749.0952,758.1414
run,749.9998,759.046
run,750.9044,759.9506
run,751.809,760.8552
run,752.7137,761.7599
run,753.6183,762.6645
run,754.5229,763.5691
run,755.4275,764.4737
swim,756.3321,765.3784
swim,757.2368,766.283
swim,758.1414,767.1876
swim,759.046,768.0922
swim,759.9506,768.9968
run,760.8552,769.9014
run,761.7599,770.8061
run,762.6645,771.7107
run,763.5691,772.6153
run,764.4737,773.5199
run,765.3784,774.4245
run,766.283,775.3291
run,767.1876,776.2337
run,768.0922,777.1384
run,768.9968,778.043
run,769.9014,778.9476
run,770.8061,779.8522
run,771.7107,780.7568
run,772.6153,781.6615
run,773.5199,782.5661
run,774.4245,783.4707
swim,775.3291,784.3753
run,776.2337,785.2799
run,777.1384,786.1845
swim,778.043,787.0891
run,778.9476,787.9937
swim,779.8522,788.8984
swim,780.7568,789.803
run,781.6615,790.7076
run,782.5661,791.6122
run,783.4707,792.5168
run,784.3753,793.4214
run,785.2799,794.326
run,786.1845,795.2306
run,787.0891,796.1352
run,787.9937,797.0398
run,788.8984,797.9444
run,789.803,798.849
run,790.7076,799.7537
run,791.6122,800.6583
run,792.5168,801.5629
run,793.4214,802.4675
run,794.326,803.3721
run,795.2306,804.2767
run,796.1352,805.1813
run,797.0398,806.0859
run,797.9444,806.9905
run,798.849,807.8951
run,799.7537,808.7997
run,800.6583,809.7043
run,801.5629,810.6089
run,802.4675,811.5135
run,803.3721,812.4181
run,804.2767,813.3228
run,805.1813,814.2274
run,806.0859,815.132
run,806.9905,816.0366
run,807.8951,816.9412
run,808.7997,817.8458
run,809.7043,818.7504
run,810.6089,819.655
swim,811.5135,820.5596
swim,812.4181,821.4642
swim,813.3228,822.3688
run,814.2274,823.2734
run,815.132,824.178
run,816.0366,825.0827
run,816.9412,825.9872
run,817.8458,826.8919
run,818.7504,827.7965
run,819.655,828.701
run,820.5596,829.6057
run,821.4642,830.5103
run,822.3688,831.4149
run,823.2734,832.3195
run,824.178,833.2241
run,825.0827,834.1287
run,825.9872,835.0333
run,826.8919,835.9379
run,827.7965,836.8425
run,828.701,837.7471
run,829.6057,838.6517
run,830.5103,839.5563
run,831.4149,840.4609
run,832.3195,841.3655
run,833.2241,842.2701
swim,834.1287,843.1747
run,835.0333,844.0793
run,835.9379,844.9839
run,836.8425,845.8885
run,837.7471,846.7931
run,838.6517,847.6977
run,839.5563,848.6023
swim,840.4609,849.5069
swim,841.3655,850.4115
run,842.2701,851.3161
run,843.1747,852.2207
run,844.0793,853.1253
run,844.9839,854.0299
run,845.8885,854.9345
run,846.7931,855.8391
run,847.6977,856.7437
run,848.6023,857.6483
run,849.5069,858.5529
run,850.4115,859.4575
run,851.3161,860.3621
swim,852.2207,861.2667
run,853.1253,862.1713
swim,854.0299,863.0759
run,854.9345,863.9805
swim,855.8391,864.8851
swim,856.7437,865.7897
swim,857.6483,866.6943
swim,858.5529,867.5989
run,859.4575,868.5035
run,860.3621,869.4081
run,861.2667,870.3127
run,862.1713,871.2172
swim,863.0759,872.1218
swim,863.9805,873.0265
swim,864.8851,873.931
swim,865.7897,874.8356
swim,866.6943,875.7402
swim,867.5989,876.6448
swim,868.5035,877.5494
swim,869.4081,878.454
swim,870.3127,879.3586
swim,871.2172,880.2632
run,872.1218,881.1678
run,873.0265,882.0724
run,873.931,882.977
run,874.8356,883.8816
run,875.7402,884.7862
run,876.6448,885.6908
run,877.5494,886.5954
run,878.454,887.4999
run,879.3586,888.4046
run,880.2632,889.3091
run,881.1678,890.2137
run,882.0724,891.1183
run,882.977,892.0229
run,883.8816,892.9275
run,884.7862,893.8321
run,885.6908,894.7367
run,886.5954,895.6413
run,887.4999,896.5459
run,888.4046,897.4505
run,889.3091,898.355
run,890.2137,899.2597
run,891.1183,900.1642
run,892.0229,901.0689
swim,892.9275,901.9835
swim,893.8321,902.8881
swim,894.7367,903.7977
swim,895.6413,904.7073
swim,896.5459,905.6119
swim,897.4505,906.5165
swim,898.355,907.4211
swim,899.2597,908.3257
swim,900.1642,909.2303
swim,901.0689,910.1349
swim,901.9835,911.0395
swim,902.8881,911.9441
swim,903.7977,912.8487
run,904.7073,913.7533
swim,905.6119,914.6579
swim,906.5165,915.5625
swim,907.4211,916.4671
swim,908.3257,917.3717
swim,909.2303,918.2763
run,910.1349,919.1809
run,911.0395,920.0855
run,911.9441,920.9901
swim,912.8487,921.8947
swim,913.7533,922.7993
swim,914.6579,923.7039
run,915.5625,924.6085
swim,916.4671,925.513
run,917.3717,926.4176
run,918.2763,927.3222
run,919.1809,928.2268
run,920.0855,929.1314
run,920.9901,930.036
run,921.8947,930.9406
run,922.7993,931.8452
run,923.7039,932.7498
run,924.6085,933.6544
run,925.513,934.5589
run,926.4176,935.4635
run,927.3222,936.3681
run,928.2268,937.2727
run,929.1314,938.1773
run,930.036,939.0819
run,930.9406,939.9864
run,931.8452,940.891
run,932.7498,941.7956
run,933.6544,942.7002
run,934.5589,943.6048
run,935.4635,944.5093
run,936.3681,945.4139
run,937.2727,946.3185
run,938.1773,947.2231
run,939.0819,948.1277
run,939.9864,949.0323
run,940.891,949.9369
run,941.7956,950.8414
run,942.7002,951.746
run,943.6048,952.6506
run,944.5093,953.5552
run,945.4139,954.4598
run,946.3185,955.3643
run,947.2231,956.269
run,948.1277,957.1735
run,949.0323,958.0781
run,949.9369,958.9827
run,950.8414,959.8873
run,951.746,960.7919
run,952.6506,961.6965
run,953.5552,962.601
run,954.4598,963.5056
run,955.3643,964.4102
run,956.269,965.3148
run,957.1735,966.2194
run,958.0781,967.124
run,958.9827,968.0286
run,959.8873,968.9331
run,960.7919,969.8377
run,961.6965,970.7423
run,962.601,971.6469
run,963.5056,972.5515
run,964.4102,973.4561
run,965.3148,974.3606
run,966.2194,975.2652
run,967.124,976.1698
run,968.0286,977.0744
run,968.9331,977.9789
run,969.8377,978.8835
run,970.7423,979.7881
run,971.6469,980.6927
run,972.5515,981.5972
run,973.4561,982.5018
run,974.3606,983.4064
run,975.2652,984.311
run,976.1698,985.2156
run,977.0744,986.1201
run,977.9789,987.0247
run,978.8835,987.9293
run,979.7881,988.8339
run,980.6927,989.7384
run,981.5972,990.643
run,982.5018,991.5476
run,983.4064,992.4522
run,984.311,993.3567
run,985.2156,994.2613
run,986.1201,995.1659
run,987.0247,996.0704
run,987.9293,996.975
run,988.8339,997.8796
run,989.7384,998.7842
run,990.643,999.6888
run,991.5476,1000.5933
run,992.4522,1001.4979
run,993.3567,1002.4025
run,994.2613,1003.307
run,995.1659,1004.2116
run,996.0704,1005.1162
swim,996.975,1006.0208
swim,997.8796,1006.9254
swim,998.7842,1007.8299
swim,999.6888,1008.7345
run,1000.5933,1009.6391
run,1001.4979,1010.5436
run,1002.4025,1011.4482
run,1003.307,1012.3528
run,1004.2116,1013.2573
run,1005.1162,1014.1619
run,1006.0208,1015.0665
run,1006.9254,1015.9711
run,1007.8299,1016.8756
run,1008.7345,1017.7802
run,1009.6391,1018.6848
run,1010.5436,1019.5894
run,1011.4482,1020.4939
run,1012.3528,1021.3985
run,1013.2573,1022.3031
run,1014.1619,1023.2076
run,1015.0665,1024.1122
run,1015.9711,1025.0168
run,1016.8756,1025.9213
run,1017.7802,1026.8259
run,1018.6848,1027.7305
run,1019.5894,1028.6351
run,1020.4939,1029.5396
run,1021.3985,1030.4442
run,1022.3031,1031.3488
run,1023.2076,1032.2533
run,1024.1122,1033.1579
run,1025.0168,1034.0625
run,1025.9213,1034.9671
run,1026.8259,1035.8716
run,1027.7305,1036.7762
run,1028.6351,1037.6808
run,1029.5396,1038.5853
run,1030.4442,1039.4899
run,1031.3488,1040.3945
swim,1032.2533,1041.299
swim,1033.1579,1042.2036
swim,1034.0625,1043.1082
swim,1034.9671,1044.0127
swim,1035.8716,1044.9173
swim,1036.7762,1045.8219
swim,1037.6808,1046.7265
swim,1038.5853,1047.631
run,1039.4899,1048.5356
run,1040.3945,1049.4402
run,1041.299,1050.3447
run,1042.2036,1051.2493
run,1043.1082,1052.1539
run,1044.0127,1053.0584
run,1044.9173,1053.963
run,1045.8219,1054.8676
run,1046.7265,1055.7722
run,1047.631,1056.6767
run,1048.5356,1057.5813
run,1049.4402,1058.4859
run,1050.3447,1059.3904
run,1051.2493,1060.295
run,1052.1539,1061.1996
run,1053.0584,1062.1042
run,1053.963,1063.0087
run,1054.8676,1063.9133
run,1055.7722,1064.8179
run,1056.6767,1065.7224
run,1057.5813,1066.627
run,1058.4859,1067.5316
run,1059.3904,1068.4362
run,1060.295,1069.3407
run,1061.1996,1070.2453
run,1062.1042,1071.1498
run,1063.0087,1072.0544
run,1063.9133,1072.959
run,1064.8179,1073.8636
run,1065.7224,1074.7681
run,1066.627,1075.6727
run,1067.5316,1076.5772
run,1068.4362,1077.4818
run,1069.3407,1078.3864
run,1070.2453,1079.2909
run,1071.1498,1080.1955
run,1072.0544,1081.1001
swim,1072.959,1082.0046
swim,1073.8636,1082.9092
swim,1074.7681,1083.8138
swim,1075.6727,1084.7183
swim,1076.5772,1085.6229
swim,1077.4818,1086.5275
run,1078.3864,1087.432
run,1079.2909,1088.3366
run,1080.1955,1089.2411
run,1081.1001,1090.1457
run,1082.0046,1091.0503
run,1082.9092,1091.9549
run,1083.8138,1092.8594
run,1084.7183,1093.764
run,1085.6229,1094.6685
run,1086.5275,1095.5731
run,1087.432,1096.4777
run,1088.3366,1097.3822
run,1089.2411,1098.2868
run,1090.1457,1099.1914
run,1091.0503,1100.0959
run,1091.9549,1101.0005
swim,1092.8594,1101.9051
swim,1093.764,1102.8096
swim,1094.6685,1103.7142
swim,1095.5731,1104.6188
swim,1096.4777,1105.5233
swim,1097.3822,1106.4279
swim,1098.2868,1107.3324
transition,1099.1914,1108.237
swim,1100.0959,1109.1416
swim,1101.0005,1110.0461
swim,1101.9051,1110.9507
swim,1102.8096,1111.8553
transition,1103.7142,1112.7598
transition,1104.6188,1113.6644
transition,1105.5233,1114.569
transition,1106.4279,1115.4735
transition,1107.3324,1116.3781
transition,1108.237,1117.2827
transition,1109.1416,1118.1873
transition,1110.0461,1119.0918
transition,1110.9507,1119.9964
transition,1111.8553,1120.901
transition,1112.7598,1121.8056
transition,1113.6644,1122.7102
transition,1114.569,1123.6147
transition,1115.4735,1124.5193
transition,1116.3781,1125.4239
transition,1117.2827,1126.3285
transition,1118.1873,1127.2381
transition,1119.0918,1128.1528
swim,1119.9964,1129.0573
transition,1120.901,1129.9619
transition,1121.8056,1130.8665
transition,1122.7102,1131.7711
transition,1123.6147,1132.6756
transition,1124.5193,1133.5802
transition,1125.4239,1134.4848
transition,1126.3285,1135.3894
transition,1127.2381,1136.2939
transition,1128.1528,1137.1985
transition,1129.0573,1138.1031
transition,1129.9619,1139.0077
transition,1130.8665,1139.9122
transition,1131.7711,1140.8168
transition,1132.6756,1141.7214
transition,1133.5802,1142.626
transition,1134.4848,1143.5306
transition,1135.3894,1144.4351
transition,1136.2939,1145.3397
transition,1137.1985,1146.2443
transition,1138.1031,1147.1489
transition,1139.0077,1148.0535
transition,1139.9122,1148.9581
transition,1140.8168,1149.8626
transition,1141.7214,1150.7672
transition,1142.626,1151.6718
transition,1143.5306,1152.5764
transition,1144.4351,1153.481
transition,1145.3397,1154.3856
transition,1146.2443,1155.2901
transition,1147.1489,1156.1947
transition,1148.0535,1157.0993
transition,1148.9581,1158.0039
transition,1149.8626,1158.9085
transition,1150.7672,1159.8131
transition,1151.6718,1160.7176
transition,1152.5764,1161.6222
transition,1153.481,1162.5268
transition,1154.3856,1163.4314
transition,1155.2901,1164.336
transition,1156.1947,1165.2406
swim,1157.0993,1166.1452
swim,1158.0039,1167.0498
swim,1158.9085,1167.9544
swim,1159.8131,1168.8589
swim,1160.7176,1169.7635
swim,1161.6222,1170.6681
swim,1162.5268,1171.5727
swim,1163.4314,1172.4773
swim,1164.336,1173.3819
transition,1165.2406,1174.2865
transition,1166.1452,1175.1911
transition,1167.0498,1176.0957
transition,1167.9544,1177.0003
transition,1168.8589,1177.9049
transition,1169.7635,1178.8095
bike,1170.6681,1179.7141
bike,1171.5727,1180.6186
bike,1172.4773,1181.5233
bike,1173.3819,1182.4279
bike,1174.2865,1183.3324
bike,1175.1911,1184.2371
bike,1176.0957,1185.1417
bike,1177.0003,1186.0463
bike,1177.9049,1186.9509
bike,1178.8095,1187.8555
bike,1179.7141,1188.76
bike,1180.6186,1189.6646
bike,1181.5233,1190.5693
bike,1182.4279,1191.4739
transition,1183.3324,1192.3784
transition,1184.2371,1193.2831
transition,1185.1417,1194.1877
transition,1186.0463,1195.0923
transition,1186.9509,1195.9969
transition,1187.8555,1196.9015
transition,1188.76,1197.8061
transition,1189.6646,1198.7107
transition,1190.5693,1199.6153
transition,1191.4739,1200.5199
transition,1192.3784,1201.4245
transition,1193.2831,1202.3291
transition,1194.1877,1203.2337
bike,1195.0923,1204.1383
bike,1195.9969,1205.0429
bike,1196.9015,1205.9475
bike,1197.8061,1206.8521
bike,1198.7107,1207.7567
bike,1199.6153,1208.6613
bike,1200.5199,1209.5659
bike,1201.4245,1210.4705
bike,1202.3291,1211.3751
bike,1203.2337,1212.2797
bike,1204.1383,1213.1843
bike,1205.0429,1214.0889
transition,1205.9475,1214.9935
transition,1206.8521,1215.8981
transition,1207.7567,1216.8027
transition,1208.6613,1217.7073
transition,1209.5659,1218.6119
bike,1210.4705,1219.5165
bike,1211.3751,1220.4211
bike,1212.2797,1221.3257
bike,1213.1843,1222.2303
transition,1214.0889,1223.1349
transition,1214.9935,1224.0395
transition,1215.8981,1224.9441
transition,1216.8027,1225.8487
bike,1217.7073,1226.7533
bike,1218.6119,1227.6579
bike,1219.5165,1228.5626
bike,1220.4211,1229.4672
bike,1221.3257,1230.3719
bike,1222.2303,1231.2765
bike,1223.1349,1232.1812
bike,1224.0395,1233.0858
bike,1224.9441,1233.9905
bike,1225.8487,1234.8951
bike,1226.7533,1235.7997
bike,1227.6579,1236.7044
bike,1228.5626,1237.6091
bike,1229.4672,1238.5137
swim,1230.3719,1239.4184
bike,1231.2765,1240.323
bike,1232.1812,1241.2277
bike,1233.0858,1242.1323
bike,1233.9905,1243.0369
bike,1234.8951,1243.9416
bike,1235.7997,1244.8463
bike,1236.7044,1245.7509
bike,1237.6091,1246.6555
bike,1238.5137,1247.5601
bike,1239.4184,1248.4648
bike,1240.323,1249.3694
bike,1241.2277,1250.274
bike,1242.1323,1251.1787
bike,1243.0369,1252.0833
bike,1243.9416,1252.9879
bike,1244.8463,1253.8925
bike,1245.7509,1254.7971
bike,1246.6555,1255.7017
bike,1247.5601,1256.6064
bike,1248.4648,1257.511
bike,1249.3694,1258.4156
bike,1250.274,1259.3202
bike,1251.1787,1260.2248
bike,1252.0833,1261.1294
bike,1252.9879,1262.034
bike,1253.8925,1262.9386
bike,1254.7971,1263.8432
bike,1255.7017,1264.7478
bike,1256.6064,1265.6524
bike,1257.511,1266.557
bike,1258.4156,1267.4616
bike,1259.3202,1268.3662
bike,1260.2248,1269.2708
bike,1261.1294,1270.1754
bike,1262.034,1271.08
bike,1262.9386,1271.9846
swim,1263.8432,1272.8892
swim,1264.7478,1273.7938
transition,1265.6524,1274.6984
swim,1266.557,1275.603
transition,1267.4616,1276.5076
transition,1268.3662,1277.4122
transition,1269.2708,1278.3167
transition,1270.1754,1279.2214
transition,1271.08,1280.1259
transition,1271.9846,1281.0305
transition,1272.8892,1281.9351
transition,1273.7938,1282.8397
transition,1274.6984,1283.7443
transition,1275.603,1284.6489
transition,1276.5076,1285.5534
transition,1277.4122,1286.4581
transition,1278.3167,1287.3626
transition,1279.2214,1288.2672
bike,1280.1259,1289.1718
bike,1281.0305,1290.0764
bike,1281.9351,1290.981
bike,1282.8397,1291.8856
bike,1283.7443,1292.7902
bike,1284.6489,1293.6948
bike,1285.5534,1294.5993
bike,1286.4581,1295.504
swim,1287.3626,1296.4085
bike,1288.2672,1297.3131
transition,1289.1718,1298.2177
swim,1290.0764,1299.1222
swim,1290.981,1300.0268
swim,1291.8856,1300.9314
swim,1292.7902,1301.836
swim,1293.6948,1302.7406
swim,1294.5993,1303.6452
swim,1295.504,1304.5498
swim,1296.4085,1305.4544
swim,1297.3131,1306.3589
swim,1298.2177,1307.2636
bike,1299.1222,1308.1681
bike,1300.0268,1309.0727
bike,1300.9314,1309.9773
bike,1301.836,1310.8819
bike,1302.7406,1311.7865
bike,1303.6452,1312.691
bike,1304.5498,1313.5956
bike,1305.4544,1314.5002
transition,1306.3589,1315.4048
transition,1307.2636,1316.3094
transition,1308.1681,1317.214
transition,1309.0727,1318.1186
transition,1309.9773,1319.0232
transition,1310.8819,1319.9278
transition,1311.7865,1320.8324
transition,1312.691,1321.7369
transition,1313.5956,1322.6415
transition,1314.5002,1323.5461
transition,1315.4048,1324.4507
transition,1316.3094,1325.3553
transition,1317.214,1326.2599
transition,1318.1186,1327.1645
transition,1319.0232,1328.0691
transition,1319.9278,1328.9736
transition,1320.8324,1329.8782
transition,1321.7369,1330.7828
transition,1322.6415,1331.6874
transition,1323.5461,1332.592
transition,1324.4507,1333.4966
transition,1325.3553,1334.4012
transition,1326.2599,1335.3057
transition,1327.1645,1336.2103
bike,1328.0691,1337.1149
bike,1328.9736,1338.0195
bike,1329.8782,1338.9241
bike,1330.7828,1339.8286
bike,1331.6874,1340.7332
bike,1332.592,1341.6378
transition,1333.4966,1342.5424
transition,1334.4012,1343.447
transition,1335.3057,1344.3515
transition,1336.2103,1345.2562
bike,1337.1149,1346.1608
bike,1338.0195,1347.0653
bike,1338.9241,1347.9699
bike,1339.8286,1348.8745
bike,1340.7332,1349.779
bike,1341.6378,1350.6836
bike,1342.5424,1351.5882
bike,1343.447,1352.4928
bike,1344.3515,1353.3974
bike,1345.2562,1354.302
bike,1346.1608,1355.2065
bike,1347.0653,1356.1111
bike,1347.9699,1357.0157
bike,1348.8745,1357.9203
transition,1349.779,1358.8249
transition,1350.6836,1359.7295
transition,1351.5882,1360.634
transition,1352.4928,1361.5387
bike,1353.3974,1362.4432
transition,1354.302,1363.3478
transition,1355.2065,1364.2524
transition,1356.1111,1365.157
transition,1357.0157,1366.0616
transition,1357.9203,1366.9662
transition,1358.8249,1367.8708
transition,1359.7295,1368.7754
transition,1360.634,1369.68
transition,1361.5387,1370.5846
transition,1362.4432,1371.4891
transition,1363.3478,1372.3938
transition,1364.2524,1373.2983
transition,1365.157,1374.203
transition,1366.0616,1375.1075
transition,1366.9662,1376.0122
bike,1367.8708,1376.9168
bike,1368.7754,1377.8213
bike,1369.68,1378.7259
bike,1370.5846,1379.6305
transition,1371.4891,1380.5351
transition,1372.3938,1381.4397
transition,1373.2983,1382.3443
transition,1374.203,1383.2489
transition,1375.1075,1384.1535
transition,1376.0122,1385.0581
transition,1376.9168,1385.9627
transition,1377.8213,1386.8673
transition,1378.7259,1387.7719
transition,1379.6305,1388.6765
transition,1380.5351,1389.5811
transition,1381.4397,1390.4857
transition,1382.3443,1391.3903
transition,1383.2489,1392.2949
transition,1384.1535,1393.1995
transition,1385.0581,1394.1041
bike,1385.9627,1395.0087
transition,1386.8673,1395.9133
bike,1387.7719,1396.8179
bike,1388.6765,1397.7225
bike,1389.5811,1398.6271
bike,1390.4857,1399.5317
transition,1391.3903,1400.4362
transition,1392.2949,1401.3408
transition,1393.1995,1402.2454
transition,1394.1041,1403.15
bike,1395.0087,1404.0546
bike,1395.9133,1404.9592
transition,1396.8179,1405.8638
transition,1397.7225,1406.7683
transition,1398.6271,1407.6729
bike,1399.5317,1408.5775
bike,1400.4362,1409.4821
bike,1401.3408,1410.3867
bike,1402.2454,1411.2913
transition,1403.15,1412.1958
transition,1404.0546,1413.1004
transition,1404.9592,1414.005
transition,1405.8638,1414.9096
transition,1406.7683,1415.8142
transition,1407.6729,1416.7187
transition,1408.5775,1417.6233
transition,1409.4821,1418.5279
transition,1410.3867,1419.4325
transition,1411.2913,1420.3371
transition,1412.1958,1421.2417
transition,1413.1004,1422.1462
bike,1414.005,1423.0508
transition,1414.9096,1423.9554
transition,1415.8142,1424.86
transition,1416.7187,1425.7646
bike,1417.6233,1426.6691
bike,1418.5279,1427.5737
transition,1419.4325,1428.4783
transition,1420.3371,1429.3829
transition,1421.2417,1430.2875
transition,1422.1462,1431.192
transition,1423.0508,1432.0966
bike,1423.9554,1433.0012
swim,1424.86,1433.9058
transition,1425.7646,1434.8104
transition,1426.6691,1435.715
transition,1427.5737,1436.6195
transition,1428.4783,1437.5242
transition,1429.3829,1438.4287
transition,1430.2875,1439.3333
transition,1431.192,1440.2379
transition,1432.0966,1441.1425
transition,1433.0012,1442.0471
transition,1433.9058,1442.9517
transition,1434.8104,1443.8563
transition,1435.715,1444.7609
transition,1436.6195,1445.6655
transition,1437.5242,1446.5701
transition,1438.4287,1447.4747
transition,1439.3333,1448.3793
transition,1440.2379,1449.2839
transition,1441.1425,1450.1884
transition,1442.0471,1451.0931
transition,1442.9517,1451.9976
transition,1443.8563,1452.9022
transition,1444.7609,1453.8068
swim,1445.6655,1454.7114
run,1446.5701,1455.616
run,1447.4747,1456.5206
run,1448.3793,1457.4251
run,1449.2839,1458.3297
run,1450.1884,1459.2343
run,1451.0931,1460.1389
run,1451.9976,1461.0434
run,1452.9022,1461.948
swim,1453.8068,1462.8526
transition,1454.7114,1463.7571
transition,1455.616,1464.6617
transition,1456.5206,1465.5663
bike,1457.4251,1466.4709
bike,1458.3297,1467.3754
bike,1459.2343,1468.28
bike,1460.1389,1469.1846
bike,1461.0434,1470.0892
transition,1461.948,1470.9937
bike,1462.8526,1471.8983
bike,1463.7571,1472.8029
bike,1464.6617,1473.7074
bike,1465.5663,1474.612
bike,1466.4709,1475.5166
bike,1467.3754,1476.4211
bike,1468.28,1477.3257
bike,1469.1846,1478.2302
bike,1470.0892,1479.1348
bike,1470.9937,1480.0394
bike,1471.8983,1480.944
transition,1472.8029,1481.8485
transition,1473.7074,1482.7531
transition,1474.612,1483.6577
transition,1475.5166,1484.5622
transition,1476.4211,1485.4668
transition,1477.3257,1486.3714
transition,1478.2302,1487.2759
transition,1479.1348,1488.1805
transition,1480.0394,1489.0851
transition,1480.944,1489.9897
transition,1481.8485,1490.8942
transition,1482.7531,1491.7988
transition,1483.6577,1492.7033
transition,1484.5622,1493.6079
transition,1485.4668,1494.5125
transition,1486.3714,1495.417
transition,1487.2759,1496.3216
transition,1488.1805,1497.2261
transition,1489.0851,1498.1307
transition,1489.9897,1499.0353
transition,1490.8942,1499.9398
transition,1491.7988,1500.8444
bike,1492.7033,1501.749
bike,1493.6079,1502.6536
bike,1494.5125,1503.5582
bike,1495.417,1504.4627
bike,1496.3216,1505.3673
bike,1497.2261,1506.2719
bike,1498.1307,1507.1764
bike,1499.0353,1508.081
bike,1499.9398,1508.9856
bike,1500.8444,1509.8902
bike,1501.749,1510.7947
bike,1502.6536,1511.6993
bike,1503.5582,1512.6038
bike,1504.4627,1513.5084
bike,1505.3673,1514.413
transition,1506.2719,1515.3175
transition,1507.1764,1516.2221
transition,1508.081,1517.1267
transition,1508.9856,1518.0312
transition,1509.8902,1518.9358
transition,1510.7947,1519.8404
transition,1511.6993,1520.7449
transition,1512.6038,1521.6495
transition,1513.5084,1522.5541
transition,1514.413,1523.4587
transition,1515.3175,1524.3632
transition,1516.2221,1525.2678
transition,1517.1267,1526.1723
transition,1518.0312,1527.0769
bike,1518.9358,1527.9815
bike,1519.8404,1528.8861
bike,1520.7449,1529.7906
bike,1521.6495,1530.6952
bike,1522.5541,1531.5997
bike,1523.4587,1532.5043
run,1524.3632,1533.4089
run,1525.2678,1534.3134
run,1526.1723,1535.218
run,1527.0769,1536.1226
run,1527.9815,1537.0271
bike,1528.8861,1537.9317
bike,1529.7906,1538.8362
bike,1530.6952,1539.7408
bike,1531.5997,1540.6453
bike,1532.5043,1541.5499
bike,1533.4089,1542.4545
run,1534.3134,1543.3591
run,1535.218,1544.2636
bike,1536.1226,1545.1682
bike,1537.0271,1546.0727
bike,1537.9317,1546.9773
bike,1538.8362,1547.8819
bike,1539.7408,1548.7864
bike,1540.6453,1549.691
bike,1541.5499,1550.5956
transition,1542.4545,1551.5001
transition,1543.3591,1552.4047
bike,1544.2636,1553.3093
bike,1545.1682,1554.2139
bike,1546.0727,1555.1184
bike,1546.9773,1556.023
bike,1547.8819,1556.9276
bike,1548.7864,1557.8321
bike,1549.691,1558.7367
bike,1550.5956,1559.6413
bike,1551.5001,1560.5459
bike,1552.4047,1561.4505
bike,1553.3093,1562.355
transition,1554.2139,1563.2596
transition,1555.1184,1564.1642
transition,1556.023,1565.0687
bike,1556.9276,1565.9733
bike,1557.8321,1566.8779
bike,1558.7367,1567.7825
bike,1559.6413,1568.6871
bike,1560.5459,1569.5916
bike,1561.4505,1570.4962
bike,1562.355,1571.4007
bike,1563.2596,1572.3053
bike,1564.1642,1573.2099
bike,1565.0687,1574.1144
bike,1565.9733,1575.019
bike,1566.8779,1575.9236
bike,1567.7825,1576.8281
bike,1568.6871,1577.7327
bike,1569.5916,1578.6373
bike,1570.4962,1579.5418
bike,1571.4007,1580.4464
bike,1572.3053,1581.3509
bike,1573.2099,1582.2555
bike,1574.1144,1583.1601
bike,1575.019,1584.0647
bike,1575.9236,1584.9692
bike,1576.8281,1585.8738
bike,1577.7327,1586.7783
bike,1578.6373,1587.6829
bike,1579.5418,1588.5875
bike,1580.4464,1589.492
bike,1581.3509,1590.3966
bike,1582.2555,1591.3012
bike,1583.1601,1592.2057
bike,1584.0647,1593.1103
bike,1584.9692,1594.0148
bike,1585.8738,1594.9194
bike,1586.7783,1595.824
bike,1587.6829,1596.7285
bike,1588.5875,1597.6331
bike,1589.492,1598.5377
bike,1590.3966,1599.4422
bike,1591.3012,1600.3468
bike,1592.2057,1601.2514
bike,1593.1103,1602.1559
transition,1594.0148,1603.0605
transition,1594.9194,1603.965
transition,1595.824,1604.8696
transition,1596.7285,1605.7742
transition,1597.6331,1606.6788
transition,1598.5377,1607.5833
transition,1599.4422,1608.4879
transition,1600.3468,1609.3924
transition,1601.2514,1610.297
transition,1602.1559,1611.2016
bike,1603.0605,1612.1062
transition,1603.965,1613.0108
transition,1604.8696,1613.9153
transition,1605.7742,1614.8199
bike,1606.6788,1615.7245
bike,1607.5833,1616.629
bike,1608.4879,1617.5336
bike,1609.3924,1618.4382
bike,1610.297,1619.3427
bike,1611.2016,1620.2473
bike,1612.1062,1621.1519
bike,1613.0108,1622.0564
bike,1613.9153,1622.961
bike,1614.8199,1623.8656
bike,1615.7245,1624.7701
bike,1616.629,1625.6747
transition,1617.5336,1626.5793
bike,1618.4382,1627.4838
bike,1619.3427,1628.3884
bike,1620.2473,1629.293
transition,1621.1519,1630.1975
bike,1622.0564,1631.1021
bike,1622.961,1632.0067
transition,1623.8656,1632.9112
transition,1624.7701,1633.8158
transition,1625.6747,1634.7203
transition,1626.5793,1635.6249
transition,1627.4838,1636.5295
bike,1628.3884,1637.434
bike,1629.293,1638.3386
transition,1630.1975,1639.2432
transition,1631.1021,1640.1478
transition,1632.0067,1641.0523
transition,1632.9112,1641.9569
transition,1633.8158,1642.8614
transition,1634.7203,1643.766
transition,1635.6249,1644.6706
transition,1636.5295,1645.5751
transition,1637.434,1646.4797
transition,1638.3386,1647.3842
transition,1639.2432,1648.2888
bike,1640.1478,1649.1934
bike,1641.0523,1650.098
bike,1641.9569,1651.0025
bike,1642.8614,1651.9071
bike,1643.766,1652.8116
bike,1644.6706,1653.7162
bike,1645.5751,1654.6207
bike,1646.4797,1655.5253
transition,1647.3842,1656.4299
transition,1648.2888,1657.3345
transition,1649.1934,1658.239
transition,1650.098,1659.1436
transition,1651.0025,1660.0481
transition,1651.9071,1660.9527
transition,1652.8116,1661.8572
run,1653.7162,1662.7618
transition,1654.6207,1663.6664
swim,1655.5253,1664.5709
swim,1656.4299,1665.4755
bike,1657.3345,1666.38
bike,1658.239,1667.2846
bike,1659.1436,1668.1892
bike,1660.0481,1669.0938
bike,1660.9527,1669.9983
bike,1661.8572,1670.9029
swim,1662.7618,1671.8075
transition,1663.6664,1672.712
transition,1664.5709,1673.6166
transition,1665.4755,1674.5212
transition,1666.38,1675.4258
transition,1667.2846,1676.3303
transition,1668.1892,1677.2349
transition,1669.0938,1678.1395
transition,1669.9983,1679.0441
transition,1670.9029,1679.9487
transition,1671.8075,1680.8533
bike,1672.712,1681.7578
bike,1673.6166,1682.6624
bike,1674.5212,1683.567
bike,1675.4258,1684.4716
