transition,0,4.5244
bike,0.90489,5.4293
transition,1.8098,6.3342
bike,2.7147,7.2391
transition,3.6196,8.144
transition,4.5244,9.0488
transition,5.4293,9.9537
bike,6.3342,10.8586
swim,7.2391,11.7635
bike,8.144,12.6684
bike,9.0488,13.5733
bike,9.9537,14.4781
bike,10.8586,15.383
transition,11.7635,16.2879
transition,12.6684,17.1928
transition,13.5733,18.0976
transition,14.4781,19.0025
bike,15.383,19.9074
bike,16.2879,20.8123
bike,17.1928,21.7172
bike,18.0976,22.622
bike,19.0025,23.5269
transition,19.9074,24.4318
transition,20.8123,25.3367
transition,21.7172,26.2415
transition,22.622,27.1464
transition,23.5269,28.0513
transition,24.4318,28.9561
transition,25.3367,29.861
transition,26.2415,30.7659
transition,27.1464,31.6707
transition,28.0513,32.5756
transition,28.9561,33.4805
transition,29.861,34.3854
transition,30.7659,35.2902
transition,31.6707,36.1951
transition,32.5756,37.0999
transition,33.4805,38.0048
transition,34.3854,38.9096
transition,35.2902,39.8145
transition,36.1951,40.7193
transition,37.0999,41.6242
transition,38.0048,42.529
transition,38.9096,43.4339
transition,39.8145,44.3387
transition,40.7193,45.2436
transition,41.6242,46.1484
transition,42.529,47.0533
transition,43.4339,47.9581
transition,44.3387,48.863
transition,45.2436,49.7678
transition,46.1484,50.6726
transition,47.0533,51.5774
transition,47.9581,52.4823
transition,48.863,53.3871
transition,49.7678,54.2919
transition,50.6726,55.1967
transition,51.5774,56.1016
transition,52.4823,57.0064
transition,53.3871,57.9112
transition,54.2919,58.816
transition,55.1967,59.7208
transition,56.1016,60.6256
transition,57.0064,61.5304
transition,57.9112,62.4353
transition,58.816,63.3401
transition,59.7208,64.245
transition,60.6256,65.1498
transition,61.5304,66.0546
bike,62.4353,66.9595
bike,63.3401,67.8643
bike,64.245,68.7692
bike,65.1498,69.674
bike,66.0546,70.5789
bike,66.9595,71.4837
bike,67.8643,72.3886
bike,68.7692,73.2934
bike,69.674,74.1982
bike,70.5789,75.1031
bike,71.4837,76.008
bike,72.3886,76.9128
bike,73.2934,77.8176
bike,74.1982,78.7225
bike,75.1031,79.6273
bike,76.008,80.5322
bike,76.9128,81.437
transition,77.8176,82.3418
transition,78.7225,83.2466
transition,79.6273,84.1515
bike,80.5322,85.0563
transition,81.437,85.9611
transition,82.3418,86.8659
transition,83.2466,87.7707
transition,84.1515,88.6755
transition,85.0563,89.5803
transition,85.9611,90.4851
transition,86.8659,91.3899
transition,87.7707,92.2947
transition,88.6755,93.1995
transition,89.5803,94.1043
transition,90.4851,95.009
transition,91.3899,95.9138
transition,92.2947,96.8186
transition,93.1995,97.7234
transition,94.1043,98.6282
transition,95.009,99.5329
bike,95.9138,100.4377
bike,96.8186,101.3425
bike,97.7234,102.2472
transition,98.6282,103.152
transition,99.5329,104.0568
transition,100.4377,104.9615
transition,101.3425,105.8663
bike,102.2472,106.771
bike,103.152,107.6758
run,104.0568,108.5806
transition,104.9615,109.4853
transition,105.8663,110.3901
transition,106.771,111.2949
transition,107.6758,112.1996
bike,108.5806,113.1044
bike,109.4853,114.0091
bike,110.3901,114.9139
bike,111.2949,115.8186
bike,112.1996,116.7234
bike,113.1044,117.6282
bike,114.0091,118.5329
bike,114.9139,119.4377
bike,115.8186,120.3424
bike,116.7234,121.2472
bike,117.6282,122.152
bike,118.5329,123.0567
bike,119.4377,123.9615
bike,120.3424,124.8662
transition,121.2472,125.771
transition,122.152,126.6757
transition,123.0567,127.5805
transition,123.9615,128.4852
transition,124.8662,129.39
transition,125.771,130.2947
transition,126.6757,131.1995
transition,127.5805,132.1042
transition,128.4852,133.009
transition,129.39,133.9137
transition,130.2947,134.8185
transition,131.1995,135.7232
transition,132.1042,136.628
transition,133.009,137.5327
transition,133.9137,138.4374
transition,134.8185,139.3422
transition,135.7232,140.2469
transition,136.628,141.1516
transition,137.5327,142.0564
transition,138.4374,142.9611
transition,139.3422,143.8658
transition,140.2469,144.7706
transition,141.1516,145.6753
transition,142.0564,146.58
transition,142.9611,147.4847
transition,143.8658,148.3895
transition,144.7706,149.2942
transition,145.6753,150.1989
transition,146.58,151.1037
bike,147.4847,152.0084
bike,148.3895,152.9131
bike,149.2942,153.8179
bike,150.1989,154.7226
bike,151.1037,155.6273
bike,152.0084,156.532
bike,152.9131,157.4368
bike,153.8179,158.3415
bike,154.7226,159.2462
bike,155.6273,160.151
bike,156.532,161.0557
bike,157.4368,161.9604
bike,158.3415,162.8652
bike,159.2462,163.7699
bike,160.151,164.6746
bike,161.0557,165.5793
transition,161.9604,166.4841
transition,162.8652,167.3888
bike,163.7699,168.2935
transition,164.6746,169.1983
transition,165.5793,170.103
transition,166.4841,171.0077
transition,167.3888,171.9124
transition,168.2935,172.8171
transition,169.1983,173.7218
transition,170.103,174.6266
transition,171.0077,175.5313
transition,171.9124,176.436
bike,172.8171,177.3407
bike,173.7218,178.2454
bike,174.6266,179.1501
bike,175.5313,180.0548
bike,176.436,180.9596
bike,177.3407,181.8643
bike,178.2454,182.769
bike,179.1501,183.6737
bike,180.0548,184.5784
bike,180.9596,185.4831
bike,181.8643,186.3878
bike,182.769,187.2925
bike,183.6737,188.1973
bike,184.5784,189.102
bike,185.4831,190.0067
bike,186.3878,190.9114
bike,187.2925,191.8161
bike,188.1973,192.7209
bike,189.102,193.6256
transition,190.0067,194.5303
transition,190.9114,195.435
transition,191.8161,196.3398
transition,192.7209,197.2445
transition,193.6256,198.1492
transition,194.5303,199.0539
transition,195.435,199.9587
transition,196.3398,200.8634
transition,197.2445,201.7681
transition,198.1492,202.6728
transition,199.0539,203.5775
transition,199.9587,204.4822
transition,200.8634,205.3869
transition,201.7681,206.2916
transition,202.6728,207.1963
transition,203.5775,208.101
bike,204.4822,209.0057
bike,205.3869,209.9104
bike,206.2916,210.8151
bike,207.1963,211.7198
bike,208.101,212.6245
transition,209.0057,213.5292
transition,209.9104,214.4339
transition,210.8151,215.3386
transition,211.7198,216.2433
transition,212.6245,217.148
transition,213.5292,218.0527
transition,214.4339,218.9574
transition,215.3386,219.8621
transition,216.2433,220.7667
transition,217.148,221.6714
bike,218.0527,222.5761
bike,218.9574,223.4808
bike,219.8621,224.3855
bike,220.7667,225.2902
bike,221.6714,226.1949
bike,222.5761,227.0996
bike,223.4808,228.0044
bike,224.3855,228.909
bike,225.2902,229.8137
bike,226.1949,230.7184
bike,227.0996,231.6231
bike,228.0044,232.5277
bike,228.909,233.4324
transition,229.8137,234.3371
transition,230.7184,235.2418
transition,231.6231,236.1465
transition,232.5277,237.0511
bike,233.4324,237.9558
bike,234.3371,238.8605
bike,235.2418,239.7651
bike,236.1465,240.6698
bike,237.0511,241.5744
bike,237.9558,242.4791
bike,238.8605,243.3838
bike,239.7651,244.2885
bike,240.6698,245.1931
transition,241.5744,246.0978
bike,242.4791,247.0024
bike,243.3838,247.9071
bike,244.2885,248.8118
bike,245.1931,249.7164
transition,246.0978,250.6211
transition,247.0024,251.5257
transition,247.9071,252.4304
transition,248.8118,253.3351
transition,249.7164,254.2397
transition,250.6211,255.1444
run,251.5257,256.0491
bike,252.4304,256.9537
bike,253.3351,257.8583
bike,254.2397,258.763
bike,255.1444,259.6677
bike,256.0491,260.5724
transition,256.9537,261.477
transition,257.8583,262.3817
bike,258.763,263.2864
transition,259.6677,264.191
transition,260.5724,265.0957
transition,261.477,266.0003
transition,262.3817,266.905
transition,263.2864,267.8096
transition,264.191,268.7143
transition,265.0957,269.619
transition,266.0003,270.5237
transition,266.905,271.4283
transition,267.8096,272.333
transition,268.7143,273.2376
transition,269.619,274.1423
transition,270.5237,275.047
transition,271.4283,275.9516
transition,272.333,276.8563
transition,273.2376,277.7609
transition,274.1423,278.6656
transition,275.047,279.5702
transition,275.9516,280.4749
transition,276.8563,281.3795
transition,277.7609,282.2842
transition,278.6656,283.1888
bike,279.5702,284.0935
transition,280.4749,284.9981
transition,281.3795,285.9028
transition,282.2842,286.8074
transition,283.1888,287.7121
transition,284.0935,288.6168
bike,284.9981,289.5214
bike,285.9028,290.4261
bike,286.8074,291.3307
bike,287.7121,292.2353
bike,288.6168,293.14
bike,289.5214,294.0446
bike,290.4261,294.9493
bike,291.3307,295.8539
bike,292.2353,296.7586
bike,293.14,297.6632
bike,294.0446,298.5679
bike,294.9493,299.4725
bike,295.8539,300.3771
bike,296.7586,301.2818
bike,297.6632,302.1864
bike,298.5679,303.091
bike,299.4725,303.9957
bike,300.3771,304.9004
bike,301.2818,305.805
bike,302.1864,306.7096
bike,303.091,307.6143
bike,303.9957,308.5189
bike,304.9004,309.4236
bike,305.805,310.3282
transition,306.7096,311.2328
transition,307.6143,312.1375
transition,308.5189,313.0421
transition,309.4236,313.9467
transition,310.3282,314.8514
transition,311.2328,315.756
transition,312.1375,316.6606
transition,313.0421,317.5653
transition,313.9467,318.4699
transition,314.8514,319.3745
bike,315.756,320.2792
bike,316.6606,321.1838
bike,317.5653,322.0884
bike,318.4699,322.9931
bike,319.3745,323.8977
bike,320.2792,324.8024
bike,321.1838,325.707
bike,322.0884,326.6116
bike,322.9931,327.5162
bike,323.8977,328.4209
bike,324.8024,329.3255
bike,325.707,330.2302
bike,326.6116,331.1348
bike,327.5162,332.0394
bike,328.4209,332.944
bike,329.3255,333.8487
transition,330.2302,334.7533
transition,331.1348,335.6579
transition,332.0394,336.5626
transition,332.944,337.4672
transition,333.8487,338.3718
transition,334.7533,339.2764
transition,335.6579,340.1811
transition,336.5626,341.0857
transition,337.4672,341.9903
transition,338.3718,342.8949
transition,339.2764,343.7996
transition,340.1811,344.7042
transition,341.0857,345.6089
transition,341.9903,346.5135
transition,342.8949,347.4181
transition,343.7996,348.3227
transition,344.7042,349.2273
transition,345.6089,350.132
run,346.5135,351.0366
run,347.4181,351.9412
run,348.3227,352.8459
run,349.2273,353.7505
transition,350.132,354.6551
transition,351.0366,355.5598
transition,351.9412,356.4644
transition,352.8459,357.369
transition,353.7505,358.2736
transition,354.6551,359.1783
transition,355.5598,360.0829
transition,356.4644,360.9875
transition,357.369,361.8921
transition,358.2736,362.7968
transition,359.1783,363.7014
transition,360.0829,364.606
transition,360.9875,365.5107
transition,361.8921,366.4153
transition,362.7968,367.3199
run,363.7014,368.2245
run,364.606,369.1292
transition,365.5107,370.0338
transition,366.4153,370.9384
transition,367.3199,371.843
transition,368.2245,372.7477
transition,369.1292,373.6523
transition,370.0338,374.5569
transition,370.9384,375.4616
transition,371.843,376.3662
transition,372.7477,377.2708
transition,373.6523,378.1754
transition,374.5569,379.08
transition,375.4616,379.9847
bike,376.3662,380.8893
transition,377.2708,381.7939
transition,378.1754,382.6986
bike,379.08,383.6032
transition,379.9847,384.5078
transition,380.8893,385.4124
bike,381.7939,386.3171
bike,382.6986,387.2217
bike,383.6032,388.1263
bike,384.5078,389.0309
bike,385.4124,389.9356
bike,386.3171,390.8402
bike,387.2217,391.7448
bike,388.1263,392.6495
bike,389.0309,393.5541
bike,389.9356,394.4587
bike,390.8402,395.3633
bike,391.7448,396.268
bike,392.6495,397.1726
bike,393.5541,398.0772
bike,394.4587,398.9818
bike,395.3633,399.8865
bike,396.268,400.7911
bike,397.1726,401.6957
bike,398.0772,402.6003
transition,398.9818,403.505
transition,399.8865,404.4096
transition,400.7911,405.3142
transition,401.6957,406.2189
transition,402.6003,407.1235
bike,403.505,408.0281
bike,404.4096,408.9327
bike,405.3142,409.8374
bike,406.2189,410.742
bike,407.1235,411.6466
bike,408.0281,412.5512
bike,408.9327,413.4559
bike,409.8374,414.3605
bike,410.742,415.2651
bike,411.6466,416.1697
transition,412.5512,417.0743
transition,413.4559,417.979
transition,414.3605,418.8836
bike,415.2651,419.7882
bike,416.1697,420.6929
bike,417.0743,421.5975
bike,417.979,422.5021
bike,418.8836,423.4068
bike,419.7882,424.3114
bike,420.6929,425.216
bike,421.5975,426.1207
bike,422.5021,427.0253
bike,423.4068,427.9299
bike,424.3114,428.8345
bike,425.216,429.7392
bike,426.1207,430.6438
bike,427.0253,431.5484
bike,427.9299,432.4531
bike,428.8345,433.3577
bike,429.7392,434.2623
bike,430.6438,435.167
bike,431.5484,436.0716
bike,432.4531,436.9762
bike,433.3577,437.8808
bike,434.2623,438.7855
bike,435.167,439.6901
bike,436.0716,440.5947
bike,436.9762,441.4993
bike,437.8808,442.404
transition,438.7855,443.3086
transition,439.6901,444.2132
transition,440.5947,445.1178
transition,441.4993,446.0224
transition,442.404,446.9271
transition,443.3086,447.8317
transition,444.2132,448.7363
transition,445.1178,449.641
transition,446.0224,450.5456
transition,446.9271,451.4502
transition,447.8317,452.3549
transition,448.7363,453.2595
transition,449.641,454.1641
transition,450.5456,455.0687
transition,451.4502,455.9734
transition,452.3549,456.878
transition,453.2595,457.7826
bike,454.1641,458.6872
bike,455.0687,459.5918
bike,455.9734,460.4965
bike,456.878,461.4011
bike,457.7826,462.3057
bike,458.6872,463.2103
bike,459.5918,464.1149
bike,460.4965,465.0196
bike,461.4011,465.9242
bike,462.3057,466.8288
bike,463.2103,467.7334
bike,464.1149,468.6381
transition,465.0196,469.5427
transition,465.9242,470.4473
bike,466.8288,471.3519
bike,467.7334,472.2565
transition,468.6381,473.1611
bike,469.5427,474.0657
bike,470.4473,474.9703
bike,471.3519,475.875
transition,472.2565,476.7796
bike,473.1611,477.6842
swim,474.0657,478.5888
swim,474.9703,479.4934
transition,475.875,480.398
transition,476.7796,481.3026
transition,477.6842,482.2072
bike,478.5888,483.1118
transition,479.4934,484.0165
transition,480.398,484.9211
transition,481.3026,485.8257
transition,482.2072,486.7303
transition,483.1118,487.6349
swim,484.0165,488.5395
bike,484.9211,489.4442
bike,485.8257,490.3488
bike,486.7303,491.2534
bike,487.6349,492.1581
bike,488.5395,493.0627
bike,489.4442,493.9673
bike,490.3488,494.872
bike,491.2534,495.7766
bike,492.1581,496.6812
bike,493.0627,497.5858
swim,493.9673,498.4905
run,494.872,499.3951
run,495.7766,500.2997
run,496.6812,501.2043
transition,497.5858,502.1089
transition,498.4905,503.0136
bike,499.3951,503.9182
bike,500.2997,504.8228
transition,501.2043,505.7274
transition,502.1089,506.632
swim,503.0136,507.5367
transition,503.9182,508.4413
transition,504.8228,509.3459
transition,505.7274,510.2505
transition,506.632,511.1552
transition,507.5367,512.0598
transition,508.4413,512.9644
transition,509.3459,513.869
transition,510.2505,514.7736
swim,511.1552,515.6783
swim,512.0598,516.5829
swim,512.9644,517.4875
swim,513.869,518.3921
transition,514.7736,519.2968
transition,515.6783,520.2014
transition,516.5829,521.106
transition,517.4875,522.0106
transition,518.3921,522.9153
swim,519.2968,523.8199
bike,520.2014,524.7245
swim,521.106,525.6291
bike,522.0106,526.5337
transition,522.9153,527.4384
transition,523.8199,528.343
swim,524.7245,529.2476
swim,525.6291,530.1522
transition,526.5337,531.0569
transition,527.4384,531.9615
transition,528.343,532.8661
transition,529.2476,533.7708
transition,530.1522,534.6754
transition,531.0569,535.58
transition,531.9615,536.4847
transition,532.8661,537.3893
transition,533.7708,538.2939
swim,534.6754,539.1985
swim,535.58,540.1032
swim,536.4847,541.0078
transition,537.3893,541.9124
transition,538.2939,542.8171
transition,539.1985,543.7217
transition,540.1032,544.6263
transition,541.0078,545.531
transition,541.9124,546.4356
transition,542.8171,547.3403
transition,543.7217,548.2449
transition,544.6263,549.1495
bike,545.531,550.0542
bike,546.4356,550.9588
transition,547.3403,551.8635
transition,548.2449,552.7681
transition,549.1495,553.6727
transition,550.0542,554.5774
transition,550.9588,555.482
transition,551.8635,556.3867
transition,552.7681,557.2913
transition,553.6727,558.196
transition,554.5774,559.1007
transition,555.482,560.0054
transition,556.3867,560.91
transition,557.2913,561.8147
transition,558.196,562.7194
transition,559.1007,563.6241
transition,560.0054,564.5289
transition,560.91,565.4336
swim,561.8147,566.3383
swim,562.7194,567.243
swim,563.6241,568.1477
swim,564.5289,569.0524
transition,565.4336,569.9572
transition,566.3383,570.8619
transition,567.243,571.7666
transition,568.1477,572.6713
transition,569.0524,573.5761
swim,569.9572,574.4808
transition,570.8619,575.3855
transition,571.7666,576.2902
transition,572.6713,577.1949
bike,573.5761,578.0996
swim,574.4808,579.0043
bike,575.3855,579.909
transition,576.2902,580.8137
transition,577.1949,581.7184
transition,578.0996,582.6231
transition,579.0043,583.5278
transition,579.909,584.4325
transition,580.8137,585.3371
transition,581.7184,586.2418
transition,582.6231,587.1465
transition,583.5278,588.0512
transition,584.4325,588.9559
swim,585.3371,589.8606
transition,586.2418,590.7652
transition,587.1465,591.6699
transition,588.0512,592.5746
transition,588.9559,593.4793
transition,589.8606,594.384
transition,590.7652,595.2887
run,591.6699,596.1933
run,592.5746,597.098
run,593.4793,598.0027
run,594.384,598.9074
run,595.2887,599.8121
run,596.1933,600.7167
run,597.098,601.6215
run,598.0027,602.5261
run,598.9074,603.4308
run,599.8121,604.3355
run,600.7167,605.2401
run,601.6215,606.1448
run,602.5261,607.0495
run,603.4308,607.9542
run,604.3355,608.8588
run,605.2401,609.7635
run,606.1448,610.6682
run,607.0495,611.5729
run,607.9542,612.4775
run,608.8588,613.3822
run,609.7635,614.2869
run,610.6682,615.1916
run,611.5729,616.0962
run,612.4775,617.0009
run,613.3822,617.9056
run,614.2869,618.8103
run,615.1916,619.7149
run,616.0962,620.6196
run,617.0009,621.5242
run,617.9056,622.4289
run,618.8103,623.3336
run,619.7149,624.2382
run,620.6196,625.1429
run,621.5242,626.0475
run,622.4289,626.9522
run,623.3336,627.8569
run,624.2382,628.7615
run,625.1429,629.6662
run,626.0475,630.5708
run,626.9522,631.4755
run,627.8569,632.3802
run,628.7615,633.2849
run,629.6662,634.1896
run,630.5708,635.0943
run,631.4755,635.999
run,632.3802,636.9037
run,633.2849,637.8084
run,634.1896,638.7131
run,635.0943,639.6178
run,635.999,640.5225
run,636.9037,641.4272
run,637.8084,642.332
run,638.7131,643.2367
run,639.6178,644.1414
run,640.5225,645.0461
run,641.4272,645.9508
run,642.332,646.8555
run,643.2367,647.7602
run,644.1414,648.6649
run,645.0461,649.5746
run,645.9508,650.4843
bike,646.8555,651.394
transition,647.7602,652.2987
transition,648.6649,653.2034
run,649.5746,654.1081
run,650.4843,655.0128
run,651.394,655.9174
run,652.2987,656.8221
run,653.2034,657.7268
run,654.1081,658.6315
run,655.0128,659.5362
run,655.9174,660.4408
run,656.8221,661.3455
run,657.7268,662.2502
run,658.6315,663.1549
run,659.5362,664.0595
run,660.4408,664.9642
run,661.3455,665.8688
run,662.2502,666.7735
run,663.1549,667.6781
run,664.0595,668.5828
run,664.9642,669.4875
run,665.8688,670.3921
run,666.7735,671.2967
run,667.6781,672.2014
run,668.5828,673.1061
run,669.4875,674.0107
run,670.3921,674.9154
run,671.2967,675.82
run,672.2014,676.7247
run,673.1061,677.6293
run,674.0107,678.5339
run,674.9154,679.4386
run,675.82,680.3432
run,676.7247,681.2479
run,677.6293,682.1525
run,678.5339,683.0572
run,679.4386,683.9618
run,680.3432,684.8664
run,681.2479,685.7711
run,682.1525,686.6757
run,683.0572,687.5804
run,683.9618,688.485
run,684.8664,689.3896
run,685.7711,690.2943
run,686.6757,691.1989
run,687.5804,692.1036
run,688.485,693.0082
run,689.3896,693.9128
run,690.2943,694.8175
run,691.1989,695.7221
run,692.1036,696.6267
run,693.0082,697.5314
run,693.9128,698.436
run,694.8175,699.3406
run,695.7221,700.2453
run,696.6267,701.1499
run,697.5314,702.0545
run,698.436,702.9592
run,699.3406,703.8638
run,700.2453,704.7684
run,701.1499,705.6731
run,702.0545,706.5777
run,702.9592,707.4824
run,703.8638,708.387
run,704.7684,709.2916
run,705.6731,710.1962
run,706.5777,711.1009
run,707.4824,712.0055
run,708.387,712.9101
run,709.2916,713.8148
run,710.1962,714.7194
run,711.1009,715.6241
run,712.0055,716.5287
run,712.9101,717.4333
run,713.8148,718.3379
run,714.7194,719.2426
run,715.6241,720.1472
run,716.5287,721.0518
run,717.4333,721.9565
run,718.3379,722.8611
run,719.2426,723.7657
run,720.1472,724.6704
run,721.0518,725.5749
run,721.9565,726.4796
run,722.8611,727.3842
run,723.7657,728.2888
run,724.6704,729.1935
run,725.5749,730.0981
run,726.4796,731.0027
run,727.3842,731.9073
run,728.2888,732.812
run,729.1935,733.7166
run,730.0981,734.6212
run,731.0027,735.5258
run,731.9073,736.4305
run,732.812,737.3351
run,733.7166,738.2397
run,734.6212,739.1443
run,735.5258,740.0489
run,736.4305,740.9536
run,737.3351,741.8582
run,738.2397,742.7628
run,739.1443,743.6674
run,740.0489,744.5721
run,740.9536,745.4767
run,741.8582,746.3813
run,742.7628,747.2859
run,743.6674,748.1905
run,744.5721,749.0952
run,745.4767,749.9998
run,746.3813,750.9044
run,747.2859,751.809
run,748.1905,752.7137
run,749.0952,753.6183
run,749.9998,754.5229
run,750.9044,755.4275
run,751.809,756.3321
run,752.7137,757.2368
run,753.6183,758.1414
run,754.5229,759.046
run,755.4275,759.9506
run,756.3321,760.8552
run,757.2368,761.7599
run,758.1414,762.6645
run,759.046,763.5691
run,759.9506,764.4737
run,760.8552,765.3784
run,761.7599,766.283
run,762.6645,767.1876
run,763.5691,768.0922
run,764.4737,768.9968
run,765.3784,769.9014
run,766.283,770.8061
run,767.1876,771.7107
run,768.0922,772.6153
run,768.9968,773.5199
run,769.9014,774.4245
run,770.8061,775.3291
run,771.7107,776.2337
run,772.6153,777.1384
run,773.5199,778.043
run,774.4245,778.9476
run,775.3291,779.8522
run,776.2337,780.7568
run,777.1384,781.6615
run,778.043,782.5661
run,778.9476,783.4707
run,779.8522,784.3753
run,780.7568,785.2799
run,781.6615,786.1845
run,782.5661,787.0891
run,783.4707,787.9937
run,784.3753,788.8984
run,785.2799,789.803
run,786.1845,790.7076
run,787.0891,791.6122
run,787.9937,792.5168
run,788.8984,793.4214
run,789.803,794.326
run,790.7076,795.2306
run,791.6122,796.1352
run,792.5168,797.0398
run,793.4214,797.9444
run,794.326,798.849
run,795.2306,799.7537
run,796.1352,800.6583
run,797.0398,801.5629
run,797.9444,802.4675
run,798.849,803.3721
run,799.7537,804.2767
run,800.6583,805.1813
run,801.5629,806.0859
run,802.4675,806.9905
run,803.3721,807.8951
run,804.2767,808.7997
run,805.1813,809.7043
run,806.0859,810.6089
run,806.9905,811.5135
run,807.8951,812.4181
run,808.7997,813.3228
run,809.7043,814.2274
run,810.6089,815.132
run,811.5135,816.0366
run,812.4181,816.9412
run,813.3228,817.8458
run,814.2274,818.7504
run,815.132,819.655
run,816.0366,820.5596
run,816.9412,821.4642
bike,817.8458,822.3688
run,818.7504,823.2734
run,819.655,824.178
run,820.5596,825.0827
run,821.4642,825.9872
run,822.3688,826.8919
run,823.2734,827.7965
run,824.178,828.701
run,825.0827,829.6057
run,825.9872,830.5103
run,826.8919,831.4149
run,827.7965,832.3195
run,828.701,833.2241
run,829.6057,834.1287
run,830.5103,835.0333
run,831.4149,835.9379
run,832.3195,836.8425
run,833.2241,837.7471
run,834.1287,838.6517
run,835.0333,839.5563
run,835.9379,840.4609
run,836.8425,841.3655
run,837.7471,842.2701
run,838.6517,843.1747
run,839.5563,844.0793
run,840.4609,844.9839
run,841.3655,845.8885
run,842.2701,846.7931
run,843.1747,847.6977
run,844.0793,848.6023
run,844.9839,849.5069
run,845.8885,850.4115
run,846.7931,851.3161
run,847.6977,852.2207
run,848.6023,853.1253
run,849.5069,854.0299
run,850.4115,854.9345
run,851.3161,855.8391
run,852.2207,856.7437
run,853.1253,857.6483
run,854.0299,858.5529
run,854.9345,859.4575
run,855.8391,860.3621
run,856.7437,861.2667
run,857.6483,862.1713
run,858.5529,863.0759
run,859.4575,863.9805
run,860.3621,864.8851
run,861.2667,865.7897
run,862.1713,866.6943
run,863.0759,867.5989
run,863.9805,868.5035
run,864.8851,869.4081
run,865.7897,870.3127
run,866.6943,871.2172
run,867.5989,872.1218
run,868.5035,873.0265
run,869.4081,873.931
run,870.3127,874.8356
run,871.2172,875.7402
run,872.1218,876.6448
run,873.0265,877.5494
run,873.931,878.454
run,874.8356,879.3586
run,875.7402,880.2632
run,876.6448,881.1678
run,877.5494,882.0724
bike,878.454,882.977
run,879.3586,883.8816
run,880.2632,884.7862
run,881.1678,885.6908
run,882.0724,886.5954
run,882.977,887.4999
run,883.8816,888.4046
run,884.7862,889.3091
run,885.6908,890.2137
run,886.5954,891.1183
run,887.4999,892.0229
run,888.4046,892.9275
run,889.3091,893.8321
run,890.2137,894.7367
run,891.1183,895.6413
run,892.0229,896.5459
run,892.9275,897.4505
run,893.8321,898.355
run,894.7367,899.2597
run,895.6413,900.1642
run,896.5459,901.0689
bike,897.4505,901.9835
bike,898.355,902.8881
transition,899.2597,903.7977
transition,900.1642,904.7073
transition,901.0689,905.6119
transition,901.9835,906.5165
bike,902.8881,907.4211
run,903.7977,908.3257
run,904.7073,909.2303
run,905.6119,910.1349
run,906.5165,911.0395
run,907.4211,911.9441
run,908.3257,912.8487
run,909.2303,913.7533
run,910.1349,914.6579
run,911.0395,915.5625
run,911.9441,916.4671
run,912.8487,917.3717
run,913.7533,918.2763
run,914.6579,919.1809
run,915.5625,920.0855
run,916.4671,920.9901
run,917.3717,921.8947
run,918.2763,922.7993
run,919.1809,923.7039
run,920.0855,924.6085
run,920.9901,925.513
run,921.8947,926.4176
run,922.7993,927.3222
run,923.7039,928.2268
run,924.6085,929.1314
run,925.513,930.036
run,926.4176,930.9406
run,927.3222,931.8452
run,928.2268,932.7498
run,929.1314,933.6544
run,930.036,934.5589
run,930.9406,935.4635
run,931.8452,936.3681
run,932.7498,937.2727
run,933.6544,938.1773
run,934.5589,939.0819
run,935.4635,939.9864
run,936.3681,940.891
run,937.2727,941.7956
run,938.1773,942.7002
run,939.0819,943.6048
run,939.9864,944.5093
run,940.891,945.4139
run,941.7956,946.3185
run,942.7002,947.2231
run,943.6048,948.1277
run,944.5093,949.0323
run,945.4139,949.9369
run,946.3185,950.8414
run,947.2231,951.746
run,948.1277,952.6506
run,949.0323,953.5552
run,949.9369,954.4598
run,950.8414,955.3643
run,951.746,956.269
run,952.6506,957.1735
run,953.5552,958.0781
run,954.4598,958.9827
run,955.3643,959.8873
run,956.269,960.7919
run,957.1735,961.6965
run,958.0781,962.601
run,958.9827,963.5056
run,959.8873,964.4102
run,960.7919,965.3148
run,961.6965,966.2194
run,962.601,967.124
run,963.5056,968.0286
run,964.4102,968.9331
run,965.3148,969.8377
run,966.2194,970.7423
run,967.124,971.6469
run,968.0286,972.5515
run,968.9331,973.4561
run,969.8377,974.3606
run,970.7423,975.2652
run,971.6469,976.1698
run,972.5515,977.0744
run,973.4561,977.9789
run,974.3606,978.8835
run,975.2652,979.7881
run,976.1698,980.6927
run,977.0744,981.5972
run,977.9789,982.5018
run,978.8835,983.4064
run,979.7881,984.311
run,980.6927,985.2156
run,981.5972,986.1201
run,982.5018,987.0247
run,983.4064,987.9293
run,984.311,988.8339
run,985.2156,989.7384
run,986.1201,990.643
run,987.0247,991.5476
run,987.9293,992.4522
run,988.8339,993.3567
run,989.7384,994.2613
run,990.643,995.1659
run,991.5476,996.0704
run,992.4522,996.975
run,993.3567,997.8796
run,994.2613,998.7842
run,995.1659,999.6888
run,996.0704,1000.5933
run,996.975,1001.4979
run,997.8796,1002.4025
run,998.7842,1003.307
run,999.6888,1004.2116
run,1000.5933,1005.1162
run,1001.4979,1006.0208
run,1002.4025,1006.9254
run,1003.307,1007.8299
run,1004.2116,1008.7345
run,1005.1162,1009.6391
run,1006.0208,1010.5436
run,1006.9254,1011.4482
run,1007.8299,1012.3528
run,1008.7345,1013.2573
run,1009.6391,1014.1619
run,1010.5436,1015.0665
run,1011.4482,1015.9711
run,1012.3528,1016.8756
run,1013.2573,1017.7802
run,1014.1619,1018.6848
run,1015.0665,1019.5894
run,1015.9711,1020.4939
run,1016.8756,1021.3985
run,1017.7802,1022.3031
run,1018.6848,1023.2076
run,1019.5894,1024.1122
run,1020.4939,1025.0168
run,1021.3985,1025.9213
run,1022.3031,1026.8259
run,1023.2076,1027.7305
run,1024.1122,1028.6351
run,1025.0168,1029.5396
run,1025.9213,1030.4442
run,1026.8259,1031.3488
run,1027.7305,1032.2533
run,1028.6351,1033.1579
run,1029.5396,1034.0625
run,1030.4442,1034.9671
run,1031.3488,1035.8716
run,1032.2533,1036.7762
run,1033.1579,1037.6808
run,1034.0625,1038.5853
run,1034.9671,1039.4899
run,1035.8716,1040.3945
run,1036.7762,1041.299
run,1037.6808,1042.2036
run,1038.5853,1043.1082
run,1039.4899,1044.0127
run,1040.3945,1044.9173
run,1041.299,1045.8219
run,1042.2036,1046.7265
run,1043.1082,1047.631
bike,1044.0127,1048.5356
bike,1044.9173,1049.4402
bike,1045.8219,1050.3447
run,1046.7265,1051.2493
run,1047.631,1052.1539
run,1048.5356,1053.0584
run,1049.4402,1053.963
run,1050.3447,1054.8676
run,1051.2493,1055.7722
run,1052.1539,1056.6767
run,1053.0584,1057.5813
run,1053.963,1058.4859
run,1054.8676,1059.3904
run,1055.7722,1060.295
run,1056.6767,1061.1996
run,1057.5813,1062.1042
run,1058.4859,1063.0087
run,1059.3904,1063.9133
run,1060.295,1064.8179
run,1061.1996,1065.7224
run,1062.1042,1066.627
run,1063.0087,1067.5316
run,1063.9133,1068.4362
run,1064.8179,1069.3407
run,1065.7224,1070.2453
run,1066.627,1071.1498
run,1067.5316,1072.0544
bike,1068.4362,1072.959
run,1069.3407,1073.8636
run,1070.2453,1074.7681
run,1071.1498,1075.6727
run,1072.0544,1076.5772
run,1072.959,1077.4818
run,1073.8636,1078.3864
bike,1074.7681,1079.2909
bike,1075.6727,1080.1955
bike,1076.5772,1081.1001
bike,1077.4818,1082.0046
bike,1078.3864,1082.9092
bike,1079.2909,1083.8138
run,1080.1955,1084.7183
run,1081.1001,1085.6229
run,1082.0046,1086.5275
run,1082.9092,1087.432
run,1083.8138,1088.3366
run,1084.7183,1089.2411
bike,1085.6229,1090.1457
run,1086.5275,1091.0503
run,1087.432,1091.9549
run,1088.3366,1092.8594
run,1089.2411,1093.764
run,1090.1457,1094.6685
run,1091.0503,1095.5731
run,1091.9549,1096.4777
run,1092.8594,1097.3822
run,1093.764,1098.2868
run,1094.6685,1099.1914
run,1095.5731,1100.0959
run,1096.4777,1101.0005
bike,1097.3822,1101.9051
transition,1098.2868,1102.8096
transition,1099.1914,1103.7142
transition,1100.0959,1104.6188
swim,1101.0005,1105.5233
swim,1101.9051,1106.4279
swim,1102.8096,1107.3324
transition,1103.7142,1108.237
transition,1104.6188,1109.1416
transition,1105.5233,1110.0461
transition,1106.4279,1110.9507
transition,1107.3324,1111.8553
transition,1108.237,1112.7598
transition,1109.1416,1113.6644
transition,1110.0461,1114.569
transition,1110.9507,1115.4735
transition,1111.8553,1116.3781
transition,1112.7598,1117.2827
bike,1113.6644,1118.1873
bike,1114.569,1119.0918
bike,1115.4735,1119.9964
bike,1116.3781,1120.901
transition,1117.2827,1121.8056
swim,1118.1873,1122.7102
swim,1119.0918,1123.6147
swim,1119.9964,1124.5193
swim,1120.901,1125.4239
transition,1121.8056,1126.3285
swim,1122.7102,1127.2381
transition,1123.6147,1128.1528
transition,1124.5193,1129.0573
swim,1125.4239,1129.9619
transition,1126.3285,1130.8665
transition,1127.2381,1131.7711
transition,1128.1528,1132.6756
swim,1129.0573,1133.5802
bike,1129.9619,1134.4848
bike,1130.8665,1135.3894
bike,1131.7711,1136.2939
transition,1132.6756,1137.1985
transition,1133.5802,1138.1031
transition,1134.4848,1139.0077
transition,1135.3894,1139.9122
transition,1136.2939,1140.8168
transition,1137.1985,1141.7214
swim,1138.1031,1142.626
swim,1139.0077,1143.5306
swim,1139.9122,1144.4351
transition,1140.8168,1145.3397
transition,1141.7214,1146.2443
transition,1142.626,1147.1489
transition,1143.5306,1148.0535
swim,1144.4351,1148.9581
transition,1145.3397,1149.8626
transition,1146.2443,1150.7672
transition,1147.1489,1151.6718
transition,1148.0535,1152.5764
swim,1148.9581,1153.481
swim,1149.8626,1154.3856
swim,1150.7672,1155.2901
transition,1151.6718,1156.1947
transition,1152.5764,1157.0993
transition,1153.481,1158.0039
transition,1154.3856,1158.9085
transition,1155.2901,1159.8131
transition,1156.1947,1160.7176
swim,1157.0993,1161.6222
transition,1158.0039,1162.5268
swim,1158.9085,1163.4314
swim,1159.8131,1164.336
swim,1160.7176,1165.2406
swim,1161.6222,1166.1452
transition,1162.5268,1167.0498
transition,1163.4314,1167.9544
swim,1164.336,1168.8589
swim,1165.2406,1169.7635
transition,1166.1452,1170.6681
transition,1167.0498,1171.5727
transition,1167.9544,1172.4773
transition,1168.8589,1173.3819
transition,1169.7635,1174.2865
transition,1170.6681,1175.1911
bike,1171.5727,1176.0957
transition,1172.4773,1177.0003
transition,1173.3819,1177.9049
transition,1174.2865,1178.8095
run,1175.1911,1179.7141
bike,1176.0957,1180.6186
transition,1177.0003,1181.5233
transition,1177.9049,1182.4279
transition,1178.8095,1183.3324
transition,1179.7141,1184.2371
transition,1180.6186,1185.1417
run,1181.5233,1186.0463
bike,1182.4279,1186.9509
bike,1183.3324,1187.8555
bike,1184.2371,1188.76
bike,1185.1417,1189.6646
transition,1186.0463,1190.5693
transition,1186.9509,1191.4739
transition,1187.8555,1192.3784
transition,1188.76,1193.2831
transition,1189.6646,1194.1877
transition,1190.5693,1195.0923
transition,1191.4739,1195.9969
transition,1192.3784,1196.9015
transition,1193.2831,1197.8061
bike,1194.1877,1198.7107
bike,1195.0923,1199.6153
bike,1195.9969,1200.5199
bike,1196.9015,1201.4245
bike,1197.8061,1202.3291
bike,1198.7107,1203.2337
bike,1199.6153,1204.1383
bike,1200.5199,1205.0429
bike,1201.4245,1205.9475
bike,1202.3291,1206.8521
bike,1203.2337,1207.7567
bike,1204.1383,1208.6613
bike,1205.0429,1209.5659
bike,1205.9475,1210.4705
transition,1206.8521,1211.3751
bike,1207.7567,1212.2797
bike,1208.6613,1213.1843
bike,1209.5659,1214.0889
bike,1210.4705,1214.9935
bike,1211.3751,1215.8981
bike,1212.2797,1216.8027
transition,1213.1843,1217.7073
bike,1214.0889,1218.6119
bike,1214.9935,1219.5165
bike,1215.8981,1220.4211
bike,1216.8027,1221.3257
bike,1217.7073,1222.2303
bike,1218.6119,1223.1349
bike,1219.5165,1224.0395
bike,1220.4211,1224.9441
bike,1221.3257,1225.8487
bike,1222.2303,1226.7533
bike,1223.1349,1227.6579
bike,1224.0395,1228.5626
bike,1224.9441,1229.4672
bike,1225.8487,1230.3719
bike,1226.7533,1231.2765
bike,1227.6579,1232.1812
bike,1228.5626,1233.0858
transition,1229.4672,1233.9905
bike,1230.3719,1234.8951
bike,1231.2765,1235.7997
bike,1232.1812,1236.7044
bike,1233.0858,1237.6091
bike,1233.9905,1238.5137
bike,1234.8951,1239.4184
bike,1235.7997,1240.323
bike,1236.7044,1241.2277
bike,1237.6091,1242.1323
bike,1238.5137,1243.0369
bike,1239.4184,1243.9416
bike,1240.323,1244.8463
bike,1241.2277,1245.7509
bike,1242.1323,1246.6555
bike,1243.0369,1247.5601
bike,1243.9416,1248.4648
bike,1244.8463,1249.3694
bike,1245.7509,1250.274
bike,1246.6555,1251.1787
bike,1247.5601,1252.0833
bike,1248.4648,1252.9879
bike,1249.3694,1253.8925
bike,1250.274,1254.7971
bike,1251.1787,1255.7017
bike,1252.0833,1256.6064
bike,1252.9879,1257.511
bike,1253.8925,1258.4156
bike,1254.7971,1259.3202
bike,1255.7017,1260.2248
bike,1256.6064,1261.1294
bike,1257.511,1262.034
bike,1258.4156,1262.9386
bike,1259.3202,1263.8432
bike,1260.2248,1264.7478
bike,1261.1294,1265.6524
bike,1262.034,1266.557
bike,1262.9386,1267.4616
bike,1263.8432,1268.3662
bike,1264.7478,1269.2708
transition,1265.6524,1270.1754
transition,1266.557,1271.08
transition,1267.4616,1271.9846
transition,1268.3662,1272.8892
transition,1269.2708,1273.7938
transition,1270.1754,1274.6984
transition,1271.08,1275.603
transition,1271.9846,1276.5076
transition,1272.8892,1277.4122
transition,1273.7938,1278.3167
transition,1274.6984,1279.2214
bike,1275.603,1280.1259
bike,1276.5076,1281.0305
bike,1277.4122,1281.9351
bike,1278.3167,1282.8397
transition,1279.2214,1283.7443
bike,1280.1259,1284.6489
bike,1281.0305,1285.5534
bike,1281.9351,1286.4581
bike,1282.8397,1287.3626
bike,1283.7443,1288.2672
bike,1284.6489,1289.1718
bike,1285.5534,1290.0764
bike,1286.4581,1290.981
bike,1287.3626,1291.8856
bike,1288.2672,1292.7902
bike,1289.1718,1293.6948
bike,1290.0764,1294.5993
bike,1290.981,1295.504
transition,1291.8856,1296.4085
transition,1292.7902,1297.3131
transition,1293.6948,1298.2177
transition,1294.5993,1299.1222
transition,1295.504,1300.0268
transition,1296.4085,1300.9314
transition,1297.3131,1301.836
transition,1298.2177,1302.7406
bike,1299.1222,1303.6452
bike,1300.0268,1304.5498
bike,1300.9314,1305.4544
bike,1301.836,1306.3589
bike,1302.7406,1307.2636
bike,1303.6452,1308.1681
bike,1304.5498,1309.0727
bike,1305.4544,1309.9773
bike,1306.3589,1310.8819
bike,1307.2636,1311.7865
bike,1308.1681,1312.691
bike,1309.0727,1313.5956
bike,1309.9773,1314.5002
transition,1310.8819,1315.4048
transition,1311.7865,1316.3094
transition,1312.691,1317.214
transition,1313.5956,1318.1186
transition,1314.5002,1319.0232
transition,1315.4048,1319.9278
transition,1316.3094,1320.8324
transition,1317.214,1321.7369
transition,1318.1186,1322.6415
transition,1319.0232,1323.5461
transition,1319.9278,1324.4507
transition,1320.8324,1325.3553
transition,1321.7369,1326.2599
bike,1322.6415,1327.1645
transition,1323.5461,1328.0691
transition,1324.4507,1328.9736
transition,1325.3553,1329.8782
transition,1326.2599,1330.7828
transition,1327.1645,1331.6874
transition,1328.0691,1332.592
transition,1328.9736,1333.4966
transition,1329.8782,1334.4012
transition,1330.7828,1335.3057
transition,1331.6874,1336.2103
transition,1332.592,1337.1149
transition,1333.4966,1338.0195
transition,1334.4012,1338.9241
transition,1335.3057,1339.8286
transition,1336.2103,1340.7332
transition,1337.1149,1341.6378
bike,1338.0195,1342.5424
bike,1338.9241,1343.447
bike,1339.8286,1344.3515
bike,1340.7332,1345.2562
bike,1341.6378,1346.1608
bike,1342.5424,1347.0653
bike,1343.447,1347.9699
bike,1344.3515,1348.8745
bike,1345.2562,1349.779
bike,1346.1608,1350.6836
bike,1347.0653,1351.5882
bike,1347.9699,1352.4928
bike,1348.8745,1353.3974
transition,1349.779,1354.302
transition,1350.6836,1355.2065
transition,1351.5882,1356.1111
bike,1352.4928,1357.0157
bike,1353.3974,1357.9203
bike,1354.302,1358.8249
bike,1355.2065,1359.7295
transition,1356.1111,1360.634
transition,1357.0157,1361.5387
transition,1357.9203,1362.4432
transition,1358.8249,1363.3478
bike,1359.7295,1364.2524
transition,1360.634,1365.157
transition,1361.5387,1366.0616
transition,1362.4432,1366.9662
transition,1363.3478,1367.8708
bike,1364.2524,1368.7754
transition,1365.157,1369.68
transition,1366.0616,1370.5846
transition,1366.9662,1371.4891
transition,1367.8708,1372.3938
transition,1368.7754,1373.2983
transition,1369.68,1374.203
transition,1370.5846,1375.1075
transition,1371.4891,1376.0122
transition,1372.3938,1376.9168
transition,1373.2983,1377.8213
transition,1374.203,1378.7259
transition,1375.1075,1379.6305
transition,1376.0122,1380.5351
transition,1376.9168,1381.4397
transition,1377.8213,1382.3443
transition,1378.7259,1383.2489
transition,1379.6305,1384.1535
transition,1380.5351,1385.0581
transition,1381.4397,1385.9627
transition,1382.3443,1386.8673
transition,1383.2489,1387.7719
transition,1384.1535,1388.6765
transition,1385.0581,1389.5811
bike,1385.9627,1390.4857
bike,1386.8673,1391.3903
bike,1387.7719,1392.2949
bike,1388.6765,1393.1995
bike,1389.5811,1394.1041
bike,1390.4857,1395.0087
transition,1391.3903,1395.9133
transition,1392.2949,1396.8179
transition,1393.1995,1397.7225
bike,1394.1041,1398.6271
bike,1395.0087,1399.5317
bike,1395.9133,1400.4362
bike,1396.8179,1401.3408
bike,1397.7225,1402.2454
bike,1398.6271,1403.15
bike,1399.5317,1404.0546
bike,1400.4362,1404.9592
bike,1401.3408,1405.8638
bike,1402.2454,1406.7683
bike,1403.15,1407.6729
bike,1404.0546,1408.5775
bike,1404.9592,1409.4821
bike,1405.8638,1410.3867
bike,1406.7683,1411.2913
transition,1407.6729,1412.1958
transition,1408.5775,1413.1004
bike,1409.4821,1414.005
bike,1410.3867,1414.9096
bike,1411.2913,1415.8142
bike,1412.1958,1416.7187
bike,1413.1004,1417.6233
bike,1414.005,1418.5279
bike,1414.9096,1419.4325
bike,1415.8142,1420.3371
bike,1416.7187,1421.2417
bike,1417.6233,1422.1462
bike,1418.5279,1423.0508
bike,1419.4325,1423.9554
bike,1420.3371,1424.86
bike,1421.2417,1425.7646
bike,1422.1462,1426.6691
bike,1423.0508,1427.5737
bike,1423.9554,1428.4783
bike,1424.86,1429.3829
transition,1425.7646,1430.2875
transition,1426.6691,1431.192
transition,1427.5737,1432.0966
bike,1428.4783,1433.0012
bike,1429.3829,1433.9058
bike,1430.2875,1434.8104
bike,1431.192,1435.715
transition,1432.0966,1436.6195
transition,1433.0012,1437.5242
transition,1433.9058,1438.4287
transition,1434.8104,1439.3333
transition,1435.715,1440.2379
transition,1436.6195,1441.1425
transition,1437.5242,1442.0471
transition,1438.4287,1442.9517
transition,1439.3333,1443.8563
transition,1440.2379,1444.7609
transition,1441.1425,1445.6655
transition,1442.0471,1446.5701
transition,1442.9517,1447.4747
transition,1443.8563,1448.3793
transition,1444.7609,1449.2839
transition,1445.6655,1450.1884
transition,1446.5701,1451.0931
transition,1447.4747,1451.9976
transition,1448.3793,1452.9022
transition,1449.2839,1453.8068
transition,1450.1884,1454.7114
run,1451.0931,1455.616
run,1451.9976,1456.5206
run,1452.9022,1457.4251
run,1453.8068,1458.3297
transition,1454.7114,1459.2343
bike,1455.616,1460.1389
bike,1456.5206,1461.0434
bike,1457.4251,1461.948
bike,1458.3297,1462.8526
bike,1459.2343,1463.7571
bike,1460.1389,1464.6617
bike,1461.0434,1465.5663
bike,1461.948,1466.4709
bike,1462.8526,1467.3754
bike,1463.7571,1468.28
bike,1464.6617,1469.1846
bike,1465.5663,1470.0892
bike,1466.4709,1470.9937
bike,1467.3754,1471.8983
bike,1468.28,1472.8029
bike,1469.1846,1473.7074
bike,1470.0892,1474.612
bike,1470.9937,1475.5166
bike,1471.8983,1476.4211
bike,1472.8029,1477.3257
bike,1473.7074,1478.2302
bike,1474.612,1479.1348
bike,1475.5166,1480.0394
bike,1476.4211,1480.944
transition,1477.3257,1481.8485
bike,1478.2302,1482.7531
transition,1479.1348,1483.6577
transition,1480.0394,1484.5622
transition,1480.944,1485.4668
transition,1481.8485,1486.3714
transition,1482.7531,1487.2759
transition,1483.6577,1488.1805
transition,1484.5622,1489.0851
transition,1485.4668,1489.9897
transition,1486.3714,1490.8942
transition,1487.2759,1491.7988
transition,1488.1805,1492.7033
transition,1489.0851,1493.6079
transition,1489.9897,1494.5125
transition,1490.8942,1495.417
transition,1491.7988,1496.3216
bike,1492.7033,1497.2261
bike,1493.6079,1498.1307
bike,1494.5125,1499.0353
bike,1495.417,1499.9398
bike,1496.3216,1500.8444
bike,1497.2261,1501.749
bike,1498.1307,1502.6536
bike,1499.0353,1503.5582
bike,1499.9398,1504.4627
bike,1500.8444,1505.3673
bike,1501.749,1506.2719
bike,1502.6536,1507.1764
bike,1503.5582,1508.081
bike,1504.4627,1508.9856
bike,1505.3673,1509.8902
bike,1506.2719,1510.7947
bike,1507.1764,1511.6993
bike,1508.081,1512.6038
bike,1508.9856,1513.5084
bike,1509.8902,1514.413
transition,1510.7947,1515.3175
transition,1511.6993,1516.2221
transition,1512.6038,1517.1267
transition,1513.5084,1518.0312
transition,1514.413,1518.9358
transition,1515.3175,1519.8404
transition,1516.2221,1520.7449
transition,1517.1267,1521.6495
transition,1518.0312,1522.5541
transition,1518.9358,1523.4587
transition,1519.8404,1524.3632
transition,1520.7449,1525.2678
transition,1521.6495,1526.1723
transition,1522.5541,1527.0769
run,1523.4587,1527.9815
run,1524.3632,1528.8861
run,1525.2678,1529.7906
run,1526.1723,1530.6952
run,1527.0769,1531.5997
transition,1527.9815,1532.5043
transition,1528.8861,1533.4089
transition,1529.7906,1534.3134
transition,1530.6952,1535.218
run,1531.5997,1536.1226
run,1532.5043,1537.0271
run,1533.4089,1537.9317
run,1534.3134,1538.8362
run,1535.218,1539.7408
transition,1536.1226,1540.6453
transition,1537.0271,1541.5499
transition,1537.9317,1542.4545
transition,1538.8362,1543.3591
transition,1539.7408,1544.2636
run,1540.6453,1545.1682
transition,1541.5499,1546.0727
run,1542.4545,1546.9773
transition,1543.3591,1547.8819
transition,1544.2636,1548.7864
transition,1545.1682,1549.691
transition,1546.0727,1550.5956
bike,1546.9773,1551.5001
bike,1547.8819,1552.4047
bike,1548.7864,1553.3093
bike,1549.691,1554.2139
bike,1550.5956,1555.1184
bike,1551.5001,1556.023
bike,1552.4047,1556.9276
bike,1553.3093,1557.8321
bike,1554.2139,1558.7367
transition,1555.1184,1559.6413
transition,1556.023,1560.5459
transition,1556.9276,1561.4505
bike,1557.8321,1562.355
transition,1558.7367,1563.2596
bike,1559.6413,1564.1642
bike,1560.5459,1565.0687
bike,1561.4505,1565.9733
bike,1562.355,1566.8779
bike,1563.2596,1567.7825
bike,1564.1642,1568.6871
bike,1565.0687,1569.5916
bike,1565.9733,1570.4962
bike,1566.8779,1571.4007
bike,1567.7825,1572.3053
bike,1568.6871,1573.2099
bike,1569.5916,1574.1144
bike,1570.4962,1575.019
bike,1571.4007,1575.9236
bike,1572.3053,1576.8281
bike,1573.2099,1577.7327
bike,1574.1144,1578.6373
bike,1575.019,1579.5418
bike,1575.9236,1580.4464
bike,1576.8281,1581.3509
bike,1577.7327,1582.2555
bike,1578.6373,1583.1601
bike,1579.5418,1584.0647
bike,1580.4464,1584.9692
bike,1581.3509,1585.8738
bike,1582.2555,1586.7783
bike,1583.1601,1587.6829
bike,1584.0647,1588.5875
bike,1584.9692,1589.492
bike,1585.8738,1590.3966
bike,1586.7783,1591.3012
bike,1587.6829,1592.2057
bike,1588.5875,1593.1103
bike,1589.492,1594.0148
bike,1590.3966,1594.9194
bike,1591.3012,1595.824
bike,1592.2057,1596.7285
bike,1593.1103,1597.6331
bike,1594.0148,1598.5377
bike,1594.9194,1599.4422
bike,1595.824,1600.3468
bike,1596.7285,1601.2514
bike,1597.6331,1602.1559
transition,1598.5377,1603.0605
bike,1599.4422,1603.965
bike,1600.3468,1604.8696
bike,1601.2514,1605.7742
transition,1602.1559,1606.6788
transition,1603.0605,1607.5833
transition,1603.965,1608.4879
transition,1604.8696,1609.3924
transition,1605.7742,1610.297
bike,1606.6788,1611.2016
bike,1607.5833,1612.1062
bike,1608.4879,1613.0108
bike,1609.3924,1613.9153
bike,1610.297,1614.8199
bike,1611.2016,1615.7245
bike,1612.1062,1616.629
bike,1613.0108,1617.5336
bike,1613.9153,1618.4382
bike,1614.8199,1619.3427
bike,1615.7245,1620.2473
bike,1616.629,1621.1519
bike,1617.5336,1622.0564
bike,1618.4382,1622.961
bike,1619.3427,1623.8656
bike,1620.2473,1624.7701
bike,1621.1519,1625.6747
bike,1622.0564,1626.5793
bike,1622.961,1627.4838
transition,1623.8656,1628.3884
transition,1624.7701,1629.293
transition,1625.6747,1630.1975
transition,1626.5793,1631.1021
transition,1627.4838,1632.0067
transition,1628.3884,1632.9112
transition,1629.293,1633.8158
transition,1630.1975,1634.7203
transition,1631.1021,1635.6249
transition,1632.0067,1636.5295
transition,1632.9112,1637.434
transition,1633.8158,1638.3386
transition,1634.7203,1639.2432
transition,1635.6249,1640.1478
transition,1636.5295,1641.0523
transition,1637.434,1641.9569
bike,1638.3386,1642.8614
transition,1639.2432,1643.766
transition,1640.1478,1644.6706
transition,1641.0523,1645.5751
transition,1641.9569,1646.4797
transition,1642.8614,1647.3842
bike,1643.766,1648.2888
transition,1644.6706,1649.1934
transition,1645.5751,1650.098
transition,1646.4797,1651.0025
transition,1647.3842,1651.9071
transition,1648.2888,1652.8116
transition,1649.1934,1653.7162
transition,1650.098,1654.6207
transition,1651.0025,1655.5253
transition,1651.9071,1656.4299
transition,1652.8116,1657.3345
run,1653.7162,1658.239
run,1654.6207,1659.1436
run,1655.5253,1660.0481
bike,1656.4299,1660.9527
bike,1657.3345,1661.8572
bike,1658.239,1662.7618
bike,1659.1436,1663.6664
bike,1660.0481,1664.5709
bike,1660.9527,1665.4755
bike,1661.8572,1666.38
bike,1662.7618,1667.2846
transition,1663.6664,1668.1892
transition,1664.5709,1669.0938
bike,1665.4755,1669.9983
transition,1666.38,1670.9029
transition,1667.2846,1671.8075
swim,1668.1892,1672.712
transition,1669.0938,1673.6166
transition,1669.9983,1674.5212
transition,1670.9029,1675.4258
transition,1671.8075,1676.3303
transition,1672.712,1677.2349
bike,1673.6166,1678.1395
transition,1674.5212,1679.0441
transition,1675.4258,1679.9487
transition,1676.3303,1680.8533
bike,1677.2349,1681.7578
bike,1678.1395,1682.6624
transition,1679.0441,1683.567
transition,1679.9487,1684.4716
