"['44146.01502', '44148.69912']",-0.0793488888889,0.0584188888889,-0.0718688888889,0.08009,-0.425442222222,-0.289133333333
"['44146.91978', '44149.6039']",-0.0886666666667,0.0678788888889,-0.0761344444444,0.0400222222222,-0.613102222222,-0.452195555556
"['44147.82454', '44150.50867']",-0.0568388888889,0.0472722222222,-0.0364744444444,-0.0588966666667,-0.692488888889,-0.522066666667
"['44148.7293', '44151.41342']",-0.0222277777778,0.0304,-0.0185111111111,-0.238702222222,-0.432985555556,-0.511337777778
"['44149.63405', '44152.31818']",0.00335111111111,0.00684555555556,-0.00819333333333,-0.193367777778,-0.185978888889,-0.414385555556
"['44150.53882', '44153.22293']",0.0437233333333,-0.0308844444444,-0.0228166666667,-0.137714444444,0.0373533333333,-0.110662222222
"['44151.44357', '44154.12769']",0.0589311111111,-0.0401611111111,-0.000378888888889,0.110367777778,-0.183947777778,-0.24049
"['44152.34833', '44155.03245']",0.0676788888889,-0.0379011111111,-0.00211555555556,0.0369966666667,-0.196244444444,-0.281866666667
"['44153.25308', '44155.93721']",0.0390566666667,-0.0202533333333,0.0136111111111,-0.0297466666667,-0.175474444444,-0.416633333333
"['44154.15785', '44156.84197']",0.0256711111111,-0.0120033333333,-0.000916666666667,-0.00686,0.0472766666667,-0.193752222222
"['44155.0626', '44157.74673']",0.0113288888889,-0.00562,-0.00124555555556,0.0899266666667,0.0591166666667,-0.0678077777778
"['44155.96736', '44158.65149']",0.00891,-0.00124888888889,-0.00222666666667,0.0767055555556,0.154633333333,-0.0188966666667
"['44156.87212', '44159.55626']",0.0101422222222,-0.00196666666667,0.000113333333333,0.0400177777778,0.0851577777778,0.0288911111111
"['44157.77688', '44160.46102']",0.00143444444444,0.0427088888889,0.0226777777778,-0.118157777778,0.0929022222222,0.4894
"['44158.68164', '44161.36577']",-0.0230288888889,0.02225,0.0127633333333,-0.222311111111,-0.0697411111111,0.4928
"['44159.58641', '44162.27052']",-0.03915,0.0385411111111,-0.00281111111111,-0.41074,-0.00179,0.38176
"['44160.49117', '44163.17529']",-0.0509955555556,-0.0130911111111,-0.0286044444444,-0.275263333333,-0.0631133333333,-0.0659622222222
"['44161.39592', '44164.08004']",-0.00688666666667,0.0340911111111,-0.00808555555556,-0.103003333333,0.00496222222222,-0.0408655555556
"['44162.30067', '44164.98484']",0.00720111111111,0.00617777777778,0.0125188888889,0.0207044444444,-0.0770888888889,0.156811111111
"['44163.20547', '44165.88958']",0.0102066666667,0.01786,0.00688777777778,-0.0123777777778,0.0506755555556,0.0305877777778
"['44164.11023', '44166.79433']",-0.00471666666667,0.0110944444444,-0.00930444444444,-0.122261111111,0.16006,0.05207
"['44165.01499', '44167.6991']",-0.0127866666667,0.0254255555556,-0.0380366666667,-0.144604444444,0.231614444444,-0.101358888889
"['44165.91974', '44168.60387']",0.00933555555556,0.0251566666667,-0.03177,-0.0470311111111,0.0337711111111,-0.00071
"['44166.82448', '44169.50863']",0.00830444444444,0.0248966666667,-0.0316055555556,0.0278455555556,0.0344711111111,-0.0116388888889
"['44167.72926', '44170.41337']",0.00609777777778,0.0217511111111,-0.0339577777778,0.108357777778,0.0253844444444,0.0383588888889
"['44168.63402', '44171.31819']",-0.00825111111111,0.0349988888889,-0.0458922222222,0.0203033333333,-0.0251922222222,-0.0720211111111
"['44169.53882', '44172.22293']",-0.00591111111111,0.0540988888889,-0.0291022222222,0.00999555555556,-0.178523333333,-0.202633333333
"['44170.44356', '44173.12769']",8.22222222222e-05,0.0705888888889,-0.00490666666667,0.0448833333333,-0.225055555556,-0.24744
"['44171.34834', '44174.03244']",0.0249477777778,0.0732066666667,0.0165611111111,0.122834444444,0.0315333333333,0.0336233333333
"['44172.25308', '44174.93719']",0.0202388888889,0.0435266666667,-0.00363444444444,0.123757777778,0.0449533333333,0.0349888888889
"['44173.15784', '44175.842']",0.0215033333333,0.0457755555556,-0.00159888888889,-0.00378333333333,0.0982488888889,0.0143433333333
"['44174.0626', '44176.74674']",-0.00452111111111,0.0507311111111,-0.00255555555556,-0.141814444444,0.115892222222,-0.16609
"['44174.96737', '44177.6515']",-0.00307444444444,0.0429711111111,0.00240444444444,-0.0686677777778,0.0521322222222,-0.05992
"['44175.87215', '44178.55627']",0.000432222222222,0.0392122222222,-0.00215444444444,-0.00544111111111,0.0418333333333,-0.0402733333333
"['44176.77689', '44179.46105']",-0.00378666666667,0.00171666666667,-0.0200533333333,0.0851966666667,-0.0501177777778,0.0224266666667
"['44177.68165', '44180.3658']",-0.000698888888889,0.00678555555556,-0.00618777777778,0.00583222222222,0.0730177777778,0.0357977777778
"['44178.58645', '44181.27059']",0.00718,-0.00495222222222,-0.0102433333333,-0.0275733333333,-0.0435455555556,0.000613333333333
"['44179.49121', '44182.17533']",0.0317266666667,0.00705555555556,0.00481222222222,-0.0287844444444,-0.0891555555556,-0.0216077777778
"['44180.39596', '44183.08008']",0.04579,0.00498888888889,-0.00499888888889,-0.00263222222222,-0.207523333333,0.0344066666667
"['44181.30074', '44183.98488']",0.0493922222222,-0.00240666666667,0.0324644444444,-0.01067,-0.0635688888889,0.10392
"['44182.20548', '44184.88963']",0.0376877777778,-0.0175944444444,0.0189833333333,0.0340144444444,-0.0633588888889,0.130197777778
"['44183.11026', '44185.7944']",0.0207366666667,0.000446666666667,0.0130411111111,-0.00953,0.01662,-0.000806666666667
"['44184.01503', '44186.69918']",0.01976,0.0151177777778,-0.0140122222222,0.0513944444444,-0.0675666666667,-0.0532288888889
"['44184.91978', '44187.60395']",0.0201333333333,0.0384066666667,-0.00142777777778,-0.00652777777778,0.03425,-0.0151166666667
"['44185.82459', '44188.50869']",0.0259922222222,0.0428666666667,0.0109155555556,0.0233788888889,0.0919666666667,0.00590888888889
"['44186.72934', '44189.41347']",0.0185744444444,0.0261177777778,0.00864777777778,0.00607777777778,0.0936022222222,0.0228677777778
"['44187.6341', '44190.31824']",0.0266222222222,0.0231977777778,0.0142444444444,-0.0561877777778,0.0112688888889,-0.0290977777778
"['44188.53884', '44191.223']",0.0276588888889,0.0135433333333,0.00396888888889,-0.0490555555556,-0.0894511111111,-0.0247422222222
"['44189.44365', '44192.12776']",0.0321722222222,0.0212988888889,0.00609333333333,-0.0201966666667,-0.0548477777778,0.0207633333333
"['44190.34839', '44193.03255']",0.0669488888889,0.0158088888889,0.00250555555556,0.0291588888889,-0.0439522222222,-0.00440666666667
"['44191.25316', '44193.9373']",0.0970455555556,-0.0122166666667,0.00949,-0.0375655555556,-0.0315311111111,0.0637566666667
"['44192.15795', '44194.84207']",0.110753333333,-0.0602377777778,-0.00582666666667,-0.0877688888889,-0.0710722222222,0.19209
"['44193.0627', '44195.74687']",0.118744444444,-0.116455555556,-0.0180088888889,-0.18393,-0.116966666667,0.383053333333
"['44193.96745', '44196.65163']",0.0937655555556,-0.16449,-0.0586077777778,-0.148027777778,-0.226046666667,0.521736666667
"['44194.87225', '44197.55638']",0.103502222222,-0.170535555556,-0.06021,-0.160615555556,-0.219808888889,0.576288888889
"['44195.77702', '44198.46117']",0.0688844444444,-0.17741,-0.0693777777778,-0.0285388888889,-0.236562222222,0.614772222222
"['44196.68178', '44199.36593']",0.0374611111111,-0.131984444444,-0.0568222222222,-0.134703333333,-0.04952,0.4758
"['44197.58656', '44200.2707']",-0.0111666666667,-0.0672655555556,-0.0456133333333,-0.0618811111111,0.139923333333,0.454171111111
"['44198.49132', '44201.17548']",-0.0384677777778,-0.00196555555556,-0.0514833333333,-0.0447211111111,0.177757777778,0.192958888889
"['44199.39608', '44202.08023']",-0.0361155555556,0.0305655555556,-0.0506522222222,0.08775,0.107564444444,0.0987277777778
"['44200.30088', '44202.98501']",-0.0182644444444,0.0120333333333,-0.0420022222222,0.0320633333333,0.0195488888889,-0.0297533333333
"['44201.20563', '44203.88978']",-0.0256388888889,0.0106755555556,-0.00619444444444,0.0650422222222,0.0134844444444,-0.0498266666667
"['44202.11039', '44204.79455']",-0.0191977777778,-0.00991222222222,0.00546111111111,-0.0628711111111,0.0690711111111,-0.0220377777778
"['44203.01519', '44205.69929']",-0.0385444444444,-0.0345122222222,-0.0307744444444,-0.0159366666667,0.0119911111111,-0.0785933333333
"['44203.91993', '44206.60407']",-0.02583,-0.0489533333333,-0.0678122222222,0.0146477777778,-0.0215988888889,0.0113011111111
"['44204.8247', '44207.50883']",-0.0434377777778,0.0153588888889,-0.0977366666667,0.167175555556,-0.170621111111,-0.0334822222222
"['44205.72947', '44208.41362']",-0.0626677777778,0.0677644444444,-0.0922066666667,0.199408888889,-0.296771111111,-0.170458888889
"['44206.63422', '44209.3184']",-0.0564288888889,0.109076666667,-0.0811677777778,-0.00101222222222,-0.133637777778,-0.253781111111
"['44207.53898', '44210.22316']",-0.03312,0.0514977777778,-0.0391966666667,-0.05619,0.01801,-0.189053333333
"['44208.44377', '44211.12794']",0.00137555555556,0.0407155555556,-0.0129944444444,-0.104083333333,0.207442222222,-0.0147233333333
"['44209.34856', '44212.03271']",-0.00489777777778,0.0168344444444,-0.00985333333333,0.000403333333333,0.150313333333,0.06115
"['44210.25331', '44212.93745']",0.00928111111111,0.00119,-0.0349511111111,-0.0594855555556,0.0789522222222,0.02712
"['44211.15809', '44213.84224']",0.0111111111111,-0.00382555555556,-0.04609,0.0270188888889,-0.135776666667,0.0269844444444
"['44212.06286', '44214.74703']",0.0237533333333,-0.0124677777778,-0.0408433333333,-0.0222044444444,-0.124608888889,0.00360888888889
"['44212.96763', '44215.65182']",0.00838111111111,-0.00115555555556,-0.0136266666667,0.0601244444444,-0.177998888889,-0.00489888888889
"['44213.87239', '44216.55665']",0.00376888888889,0.000764444444444,-0.00954,-0.0189711111111,0.02906,0.00968555555556
"['44214.77718', '44217.46142']",-0.0106111111111,-0.00278666666667,-0.0312988888889,0.00656555555556,0.0882611111111,0.00433666666667
"['44215.68197', '44218.36626']",-0.0167488888889,-0.0185177777778,-0.0457855555556,0.02575,7.33333333333e-05,-0.0160077777778
"['44216.5868', '44219.27108']",-0.0104088888889,-0.0239777777778,-0.0398877777778,-0.0373511111111,-0.0533244444444,-0.0130655555556
"['44217.4916', '44220.17588']",0.00524,-0.0104177777778,-0.00653222222222,-0.0269755555556,-0.157676666667,-0.0438155555556
"['44218.39641', '44221.0807']",0.0139555555556,0.00342,0.00582111111111,-0.05037,0.0504611111111,-0.00680444444444
"['44219.30123', '44221.98551']",0.0128488888889,0.000626666666667,0.00398222222222,0.00816333333333,0.00212333333333,-0.0203277777778
"['44220.20603', '44222.89034']",0.00988666666667,-0.00914333333333,-0.00741333333333,0.00688777777778,0.0220055555556,-0.00561888888889
"['44221.11085', '44223.79517']",0.00464555555556,0.000124444444444,-0.00790333333333,0.0556477777778,-0.0837911111111,-0.00967111111111
"['44222.01567', '44224.69999']",0.0133122222222,-0.000332222222222,-0.00420666666667,-0.0526588888889,0.0160544444444,-0.00538888888889
"['44222.92049', '44225.60479']",0.00294444444444,-0.00130333333333,0.00214555555556,0.0205955555556,-0.0782455555556,0.0342233333333
"['44223.82532', '44226.50963']",0.00634111111111,0.00208333333333,-0.00552555555556,-0.0113155555556,-0.0433066666667,0.0316277777778
"['44224.73014', '44227.41443']",0.0192733333333,0.0162033333333,-0.00734222222222,0.03668,-0.0470111111111,0.0159188888889
"['44225.63495', '44228.31926']",0.0321944444444,0.0281522222222,-0.0100955555556,0.0136588888889,-0.0164088888889,0.0191733333333
"['44226.53978', '44229.22407']",0.0712755555556,0.0233233333333,-0.00508888888889,0.106102222222,0.0281466666667,0.0815733333333
"['44227.44459', '44230.12889']",0.0274366666667,-0.0147011111111,-0.00431888888889,0.118814444444,0.212466666667,0.215822222222
"['44228.34941', '44231.03368']",0.000398888888889,-0.0308611111111,-0.00963,0.0201211111111,0.146696666667,0.26698
"['44229.25422', '44231.93851']",-0.0441655555556,-0.0465711111111,-0.0171844444444,-0.102348888889,0.0933488888889,0.201191111111
"['45890.31705', '45893.001']",-0.0557411111111,0.0779177777778,0.00362666666667,-0.225235555556,-0.0323322222222,0.0499422222222
"['45891.22175', '45893.9057']",-0.0519677777778,0.00520333333333,0.00913888888889,0.174173333333,0.0722611111111,-0.0401866666667
"['45892.12646', '45894.81041']",-0.0353355555556,-0.00193333333333,0.0118944444444,-0.0667033333333,0.0165977777778,-0.0556622222222
"['45893.03115', '45895.71511']",-0.0447044444444,0.00430333333333,-0.0162122222222,0.181093333333,0.0998611111111,0.0928933333333
"['45893.93585', '45896.6198']",-0.0484888888889,0.00840777777778,-0.0147911111111,-0.112835555556,-0.00118666666667,-0.05426
"['45894.84056', '45897.5245']",-0.0429955555556,0.00642444444444,-0.0590422222222,0.0155422222222,0.00439444444444,0.0771055555556
"['45895.74526', '45898.42919']",-0.0390822222222,0.0273933333333,-0.0513666666667,-0.0386288888889,-0.0466544444444,0.0558444444444
"['45896.64995', '45899.33386']",-0.00620111111111,0.0707,-0.0259688888889,0.0556111111111,-0.00946222222222,0.0278633333333
"['45897.55465', '45900.23855']",-0.0182322222222,0.0936833333333,0.00216888888889,0.104283333333,0.0688611111111,-0.0498322222222
"['45898.45934', '45901.14327']",-0.0206833333333,0.107326666667,0.00153555555556,0.0366366666667,0.0955022222222,-0.137518888889
"['45899.36405', '45902.04795']",-0.0287577777778,0.0571688888889,-0.00730333333333,0.0559155555556,0.0701588888889,-0.0362633333333
"['45900.26873', '45902.95264']",-0.00348666666667,0.0172311111111,-0.0120544444444,0.0271533333333,-0.00655222222222,0.0168922222222
"['45901.17345', '45903.85734']",-0.00114666666667,-0.00442111111111,-0.0162611111111,0.0388433333333,-0.00207666666667,0.0722133333333
"['45902.07813', '45904.76205']",-0.00175,-0.0182566666667,-0.0028,0.0423188888889,-0.00896888888889,0.0605533333333
"['45902.98283', '45905.66675']",-0.02093,-0.0401811111111,0.0166277777778,-0.0305866666667,-0.00356555555556,0.0819588888889
"['45903.88749', '45906.57145']",-0.0177122222222,-0.0468088888889,0.0243988888889,-0.0493288888889,-0.0538055555556,0.105884444444
"['45904.7922', '45907.47616']",-0.0128766666667,-0.0143122222222,0.0275266666667,-0.036,-0.0757755555556,0.0854677777778
"['45905.6969', '45908.38085']",0.000484444444444,0.0182788888889,0.0579577777778,-0.0431666666667,-0.0213122222222,0.0159877777778
"['45906.6016', '45909.28555']",0.0144311111111,0.00385333333333,0.103936666667,-0.155974444444,0.0186211111111,-0.0665622222222
"['45907.50631', '45910.19026']",0.0141777777778,0.0156544444444,0.0822944444444,-0.161094444444,0.0638477777778,-0.0593666666667
"['45908.411', '45911.09495']",0.0319144444444,-0.00998777777778,0.0197533333333,-0.109467777778,0.0166933333333,-0.0282177777778
"['45909.3157', '45911.99964']",0.0585944444444,-0.00644,-0.00591111111111,0.0413266666667,-0.0179266666667,0.0305733333333
"['45910.22041', '45912.90434']",0.0995877777778,-0.10033,0.0289433333333,-0.0436455555556,-0.00972888888889,0.0292933333333
"['45911.1251', '45913.80903']",0.104146666667,-0.0961255555556,-0.0120866666667,-0.262461111111,-0.111905555556,0.0174844444444
"['45912.0298', '45914.71372']",0.111374444444,-0.140751111111,-0.0928244444444,-0.43667,-0.250576666667,0.0114222222222
"['45912.93449', '45915.61843']",0.0930411111111,-0.115497777778,-0.208496666667,-0.588445555556,-0.495162222222,0.0476422222222
"['45913.83918', '45916.52313']",0.0926822222222,-0.131747777778,-0.228361111111,-0.606283333333,-0.574684444444,0.0148322222222
"['45914.74387', '45917.42782']",0.06868,-0.104456666667,-0.238348888889,-0.519048888889,-0.649352222222,0.112464444444
"['45915.64859', '45918.33252']",0.0414122222222,-0.0668433333333,-0.204417777778,-0.25204,-0.458248888889,0.0278388888889
"['45916.55328', '45919.23722']",0.00617444444444,-0.0350111111111,-0.117465555556,0.0396688888889,-0.265487777778,0.0999588888889
"['45917.45798', '45920.14194']",-0.0194266666667,-0.0146411111111,-0.0253188888889,0.143644444444,-0.0339588888889,0.0130555555556
"['45918.36267', '45921.04664']",-0.0173844444444,-0.0157311111111,0.03098,0.0559288888889,0.00713111111111,-0.0172011111111
"['45919.26737', '45921.95133']",-0.0239177777778,0.000705555555556,0.0430822222222,0.111204444444,0.0523933333333,-0.0122644444444
"['45920.17209', '45922.85603']",-0.0139211111111,0.0163577777778,0.0376777777778,0.0801466666667,0.0949922222222,-0.0389144444444
"['45921.07679', '45923.76072']",-0.0217233333333,0.0539733333333,0.0443177777778,0.111174444444,0.0994922222222,-0.0371188888889
"['45921.98148', '45924.66542']",-0.00338777777778,0.0403433333333,0.0300688888889,0.0347355555556,0.0805344444444,-0.0863477777778
"['45922.88618', '45925.57011']",-0.00545333333333,0.0437844444444,0.0167344444444,0.00807888888889,0.0445488888889,-0.0440077777778
"['45923.79087', '45926.47482']",-0.0036,0.00954333333333,-0.00776,0.00930777777778,0.00164333333333,0.0625822222222
"['45924.69557', '45927.37949']",-0.01044,-0.000264444444444,-0.0113511111111,-0.0180022222222,-0.00901222222222,-0.000594444444444
"['45925.60026', '45928.28418']",-0.00701,-0.00924333333333,-0.0412655555556,-0.0300288888889,-0.00936333333333,-0.04967
"['45926.50497', '45929.18887']",-0.0179877777778,0.00553666666667,-0.01716,0.0402255555556,0.0455111111111,-0.0512244444444
"['45927.40967', '45930.09358']",-0.0118544444444,0.0216322222222,-0.0418366666667,0.0171333333333,-0.00409666666667,0.0235944444444
"['45928.31436', '45930.99827']",-0.0230977777778,0.0244433333333,-0.0197522222222,0.0407944444444,0.00317,0.0464011111111
"['45929.21902', '45931.90297']",-0.0229944444444,0.0100666666667,-0.0428188888889,-0.0329133333333,-0.00483222222222,-0.00165666666667
"['45930.12373', '45932.80767']",-0.0270444444444,-0.000421111111111,-0.01218,-0.0485288888889,0.0323322222222,-0.0488822222222
"['45931.02843', '45933.71237']",-0.0181266666667,-0.0113077777778,-0.0362277777778,-0.108027777778,0.0199822222222,-0.0701555555556
"['45931.93312', '45934.61706']",0.0120055555556,-0.0675155555556,-0.0114555555556,-0.07843,-0.00852888888889,-0.0585055555556
"['45932.83782', '45935.52176']",0.00946555555556,-0.0685566666667,-0.0103188888889,-0.00107,-0.0106155555556,0.0298622222222
"['45933.74253', '45936.42646']",0.0118088888889,-0.0539088888889,0.0104611111111,0.0617844444444,0.0175711111111,0.0132422222222
"['45934.64721', '45937.33117']",-0.00231222222222,-0.00111888888889,-0.0394633333333,0.0154133333333,0.0321955555556,0.0288733333333
"['45935.55191', '45938.23586']",0.02516,-0.0467522222222,-0.0292855555556,0.0393011111111,0.0487988888889,-0.0166633333333
"['45936.45662', '45939.14057']",0.0561066666667,-0.0953955555556,-0.00787666666667,0.0618822222222,0.0341522222222,0.0477733333333
"['45937.36132', '45940.04527']",0.0796955555556,-0.124395555556,0.0704111111111,0.151654444444,0.0284766666667,0.0612144444444
"['45938.26601', '45940.94997']",0.10315,-0.124778888889,0.0538188888889,0.0437288888889,-0.0254055555556,0.0903466666667
"['45939.17072', '45941.85467']",0.112055555556,-0.0424088888889,0.0259333333333,0.305004444444,-0.387056666667,-0.3161
"['47616.01138', '47618.71028']",-0.0557611111111,0.0272977777778,-0.0472122222222,0.07437,0.0365811111111,0.12344
"['47616.92103', '47619.61501']",-0.0596766666667,0.0366355555556,-0.0697144444444,0.0746588888889,0.06032,0.126183333333
"['47617.82573', '47620.52972']",-0.0365333333333,0.0119111111111,-0.0586888888889,0.0176422222222,0.0326533333333,-0.18005
"['47618.74043', '47621.43945']",-0.0373622222222,-0.0121511111111,-0.0843588888889,-0.155407777778,-0.0568911111111,-0.0135855555556
"['47619.64516', '47622.34915']",-0.0381677777778,-0.0263366666667,-0.10621,-0.159797777778,-0.0906711111111,0.0228922222222
"['47620.55987', '47623.25381']",-0.0281211111111,-0.0139588888889,-0.0746355555556,0.00693555555556,-0.179515555556,0.230641111111
"['47621.46963', '47624.15853']",-0.0178844444444,-0.00886888888889,-0.0472166666667,0.100507777778,-0.0858744444444,0.118235555556
"['47622.3793', '47625.06319']",-0.0191788888889,0.0126166666667,-0.0158255555556,0.181172222222,-0.102675555556,0.0872366666667
"['47623.28399', '47625.96788']",-0.00927222222222,-0.00856111111111,0.0135966666667,-0.00287777777778,0.00393111111111,-0.0588311111111
"['47624.18868', '47626.87259']",0.02271,0.02703,-0.0125,0.0383644444444,-0.0684733333333,-0.000166666666667
"['47625.09335', '47627.77725']",0.0306833333333,0.0418933333333,-0.0167033333333,-0.0248033333333,-0.0700711111111,-0.0389577777778
"['47625.99803', '47628.68193']",0.0263955555556,0.125032222222,-0.0631677777778,0.206752222222,-0.10447,-0.0700744444444
"['47626.90274', '47629.58662']",0.00505444444444,0.0727677777778,-0.0496588888889,-0.0229733333333,-0.0907033333333,-0.153027777778
"['47627.8074', '47630.4913']",-0.00893666666667,0.03732,-0.0530711111111,0.0910066666667,-0.0930788888889,-0.0156155555556
"['47628.71208', '47631.396']",-0.0162911111111,-0.0676966666667,-0.0260844444444,-0.147237777778,-0.08261,0.0366111111111
"['47629.6168', '47632.30067']",-0.0414344444444,-0.0492211111111,-0.0217466666667,0.0495655555556,-0.0862933333333,0.100201111111
"['47630.52145', '47633.20536']",-0.0561644444444,-0.0221422222222,-0.0167088888889,-0.0358677777778,-0.000663333333333,0.0335655555556
"['47631.42615', '47634.11008']",-0.0410988888889,-0.00250888888889,-0.0324211111111,-0.0421844444444,0.0217811111111,0.0869455555556
"['47632.33082', '47635.01474']",-0.0218955555556,0.000323333333333,-0.0352111111111,-0.103226666667,0.0544744444444,0.07184
"['47633.23551', '47635.91943']",-0.0268044444444,-0.0152277777778,-0.0416655555556,-0.0551466666667,-0.0313111111111,0.0667088888889
"['47634.14023', '47636.82413']",-0.0360533333333,0.0304755555556,-0.03622,0.0430644444444,-0.0420255555556,-0.00295666666667
"['47635.04489', '47637.72888']",-0.0342655555556,0.0510066666667,-0.0284233333333,0.0808288888889,-0.0640033333333,-0.06884
"['47635.94958', '47638.63357']",-0.0270533333333,0.0285333333333,-0.0350611111111,-0.0779644444444,-0.0285833333333,-0.0522844444444
"['47636.85428', '47639.5383']",-0.0188222222222,0.0119411111111,-0.0429711111111,0.00639666666667,0.0180266666667,0.0598322222222
"['47637.75903', '47640.44302']",0.00538666666667,0.0227544444444,-0.0121844444444,0.0133333333333,0.00297444444444,0.02699
"['47638.66375', '47641.34774']",0.0373022222222,-0.00873,0.0150066666667,0.0257088888889,0.0149333333333,0.0485844444444
"['47639.56848', '47642.2525']",0.0606122222222,-0.0569277777778,0.0702944444444,-0.122884444444,-0.0126555555556,-0.0486366666667
"['47640.4732', '47643.15724']",0.107723333333,-0.185838888889,0.0807122222222,-0.444334444444,-0.0680666666667,0.153437777778
"['47641.37793', '47644.062']",0.126574444444,-0.221616666667,0.0643777777778,-0.545883333333,-0.19429,0.360754444444
"['47642.28265', '47644.96673']",0.175458888889,-0.250013333333,0.0101911111111,-0.749188888889,-0.429268888889,0.584692222222
"['47643.1874', '47645.87148']",0.145442222222,-0.163726666667,-0.00654222222222,-0.427338888889,-0.38165,0.703924444444
"['47644.09215', '47646.77625']",0.135,-0.0824866666667,0.0185666666667,-0.175827777778,-0.337112222222,0.44015
"['47644.99691', '47647.68099']",0.0710611111111,-0.0309044444444,0.0384455555556,0.148263333333,-0.00229777777778,0.271521111111
"['47645.90165', '47648.58576']",0.05702,-0.0361866666667,0.0470433333333,0.0356733333333,-0.00963,0.0310277777778
"['47646.80641', '47649.49053']",0.07797,-0.0343,0.0502044444444,-0.00371111111111,0.0351233333333,0.0806522222222
"['47647.71114', '47650.39527']",0.08164,0.0236122222222,0.0375344444444,0.0192488888889,-0.0730066666667,-0.0108644444444
"['47648.61591', '47651.30001']",0.0758044444444,0.0739522222222,0.0224911111111,0.0775055555556,-0.0573044444444,-0.0634077777778
"['47649.52069', '47652.20473']",0.0490144444444,0.0790388888889,0.00865333333333,0.0716288888889,-0.0447711111111,-0.0594255555556
"['47650.42542', '47653.10946']",0.0744322222222,0.0690288888889,0.0367433333333,0.06972,-0.101242222222,-0.0748
"['47651.33017', '47654.01421']",0.0915888888889,0.0482088888889,0.0334811111111,0.0547766666667,-0.0594644444444,-0.0281377777778
"['47652.23488', '47654.91896']",0.100093333333,0.0583011111111,0.0403488888889,0.113238888889,-0.0187944444444,-0.0744911111111
"['47653.13965', '47655.82366']",0.0839744444444,0.0431166666667,0.0381855555556,-0.0109777777778,0.0292544444444,0.0274933333333
"['47654.04439', '47656.72838']",0.0808244444444,0.0492677777778,0.0648811111111,0.00383777777778,0.0289788888889,0.0121677777778
"['47654.94911', '47657.63312']",0.0981644444444,0.0559444444444,0.0723866666667,-0.0218811111111,-0.00482555555556,0.0563855555556
"['47655.85384', '47658.53784']",0.1051,0.0488711111111,0.0618633333333,0.00936888888889,0.0372166666667,0.0392977777778
"['47656.75856', '47659.44258']",0.0972311111111,0.126732222222,0.0210611111111,0.137008888889,-0.0354755555556,0.0212211111111
"['47657.66327', '47660.34727']",0.0986133333333,0.13096,0.0107666666667,-0.0556566666667,-0.106667777778,-0.172225555556
"['47658.56799', '47661.252']",0.116157777778,0.0751977777778,-0.00720777777778,-0.150151111111,-0.152173333333,-0.0220655555556
"['47659.47273', '47662.15674']",0.10576,-0.01597,0.0219966666667,-0.177194444444,-0.101845555556,0.07214
"['47660.37742', '47663.06146']",0.0687711111111,-0.0409655555556,0.0348077777778,-0.0508655555556,0.00345,0.240112222222
"['47661.28215', '47663.96618']",0.0933488888889,0.00463666666667,0.0941011111111,0.0975366666667,0.0118777777778,0.08208
"['47662.18689', '47664.87087']",0.0911477777778,-0.0281122222222,0.128924444444,0.0148622222222,-0.0118611111111,0.00414333333333
"['47663.09161', '47665.77563']",0.127514444444,-0.0212722222222,0.138934444444,0.0474322222222,-0.0539711111111,-0.0249733333333
"['47663.99633', '47666.68034']",0.07248,0.000243333333333,0.0982166666667,0.0385077777778,-0.0259355555556,-0.00104111111111
"['47664.90105', '47667.58506']",0.0935644444444,0.0576622222222,0.0634422222222,0.0880888888889,-0.00699111111111,0.0400788888889
"['47665.80578', '47668.48976']",0.127776666667,0.0958955555556,0.0756455555556,0.0808755555556,-0.00876222222222,-0.0207677777778
"['47666.71049', '47669.3945']",0.215566666667,0.03727,0.147941111111,-0.178304444444,0.0500766666667,0.0431677777778
