time,rmsAx,rmsAy,rmsAz,rmsGx,rmsGy,rmsGz,meanAx,meanAy,meanAz,meanGx,meanGy,meanGz,stddevAx,stddevAy,stddevAz,stddevGx,stddevGy,stddevGz,mediAx,mediAy,mediAz,mediGx,mediGy,mediGz,avgdisAx,stddisAx,avgampAx,stdampAx,avgdisAy,stddisAy,avgampAy,stdampAy,avgdisAz,stddisAz,avgampAz,stdampAz,avgdisGx,stddisGx,avgampGx,stdampGx,avgdisGy,stddisGy,avgampGy,stdampGy,avgdisGz,stddisGz,avgampGz,stdampGz
"['44146.01502', '44148.69912']",0.194739525,0.16842559,0.170173995,0.570699347,0.61891318,0.517773714,-0.079348889,0.058418889,-0.071868889,0.08009,-0.425442222,-0.289133333,0.178836793,0.158854648,0.155117375,0.568217203,0.452020676,0.431931098,-0.05735,0.03515,-0.0562,0.01675,-0.36765,-0.2095,4,1,0.0244,0.172279421,4,1,0.222733333,0.154302172,4,1.414213562,0.06663,0.121123,4,2.236067977,0.390484211,0.719121126,5,2.645751311,-0.236570588,0.437478888,4,2,-0.019789474,0.409016608
"['44146.91978', '44149.6039']",0.222225566,0.178591182,0.208886081,0.592903939,0.792034161,0.663197314,-0.088666667,0.067878889,-0.076134444,0.040022222,-0.613102222,-0.452195556,0.204912099,0.166114012,0.195606941,0.594865647,0.504230864,0.48784653,-0.1124,0.04435,-0.0719,0.0056,-0.6849,-0.4501,4,1.414213562,0.057515789,0.192283946,4,1,0.2377,0.147018431,4,1.414213562,0.115628571,0.16810652,4,2,0.423573684,0.691757045,4,2,-0.433678947,0.53333254,5,2.236067977,-0.070794444,0.451611001
"['44147.82454', '44150.50867']",0.21560511,0.177936075,0.225502836,0.449354194,0.945697157,0.677941037,-0.056838889,0.047272222,-0.036474444,-0.058896667,-0.692488889,-0.522066667,0.209143287,0.17250281,0.223780163,0.447973385,0.647659595,0.43491624,-0.0589,0.0591,-0.0475,-0.0315,-0.8031,-0.4707,4,1,0.102875,0.175516468,4,0,0.180945455,0.121310188,3,0,0.170830435,0.169389668,4,1.732050808,0.278217647,0.411910121,4,1.732050808,-0.502715,0.707351863,5,1.732050808,-0.176682353,0.323787948
"['44148.7293', '44151.41342']",0.263823843,0.192360064,0.210121243,0.631890399,0.862150553,0.698709652,-0.022227778,0.0304,-0.018511111,-0.238702222,-0.432985556,-0.511337778,0.264358565,0.191006826,0.210476847,0.588347574,0.749714835,0.478828121,-0.0143,0.03755,-0.02315,-0.1693,-0.47195,-0.4925,4,2,0.153644444,0.260374261,4,0,0.169054545,0.174477764,3,0,0.180465217,0.145935087,4,1.732050808,0.036310526,0.628642123,4,1.732050808,-0.19473,0.840820974,5,2,-0.079594444,0.350449902
"['44149.63405', '44152.31818']",0.261284963,0.185277758,0.186348351,0.576967909,0.707279697,0.608905206,0.003351111,0.006845556,-0.008193333,-0.193367778,-0.185978889,-0.414385556,0.262727144,0.186188522,0.187211109,0.54664532,0.686213172,0.448649841,0.01515,0.01405,-0.01195,-0.1446,-0.05365,-0.3812,5,2,0.190694118,0.252174043,4,1,0.145261905,0.180834171,4,1.414213562,0.17599,0.120612934,4,1.732050808,0.018236842,0.590245001,4,2,0.109361111,0.75815543,4,2,-0.025544444,0.321646295
"['44150.53882', '44153.22293']",0.262968829,0.205835345,0.198482747,0.711874189,0.681660511,0.616294746,0.043723333,-0.030884444,-0.022816667,-0.137714444,0.037353333,-0.110662222,0.260761176,0.204645229,0.198271521,0.702339296,0.684449424,0.609674602,0.0443,-0.00605,-0.007,-0.1716,0.0059,-0.07555,5,1.732050808,0.269693333,0.231494441,4,1,0.118745,0.216130547,4,1.414213562,0.129083333,0.169353074,4,1.414213562,0.170544444,0.826274041,4,2,0.403423529,0.742232525,4,1.414213562,0.241185,0.568642166
"['44151.44357', '44154.12769']",0.275108092,0.282582542,0.288192828,1.012136018,0.851150814,0.959664008,0.058931111,-0.040161111,-0.000378889,0.110367778,-0.183947778,-0.24049,0.270227594,0.281281138,0.289807115,1.01173699,0.835691755,0.934247045,0.0582,-0.01635,0.00435,-0.07365,-0.20015,-0.07555,5,1.732050808,0.25834375,0.221279045,4,1.414213562,0.139436842,0.257228729,4,1.414213562,0.170288235,0.278054513,4,1.414213562,0.663310526,0.97107591,5,2.449489743,0.252888235,0.917244525,5,1.414213562,0.341447059,0.896785641
"['44152.34833', '44155.03245']",0.261188909,0.276551817,0.284111182,1.077931849,0.88688483,0.983677892,0.067678889,-0.037901111,-0.002115556,0.036996667,-0.196244444,-0.281866667,0.253681418,0.275477057,0.285694934,1.083332087,0.869745887,0.947709267,0.05695,-0.0148,-0.0051,-0.0508,-0.2652,-0.06275,5,2,0.203744444,0.23050349,4,1.414213562,0.112875,0.25227316,4,1.414213562,0.134605263,0.281026293,5,1.414213562,0.768188235,0.979062772,5,2.449489743,0.23664375,0.975688564,5,1.732050808,0.404292857,0.990562937
"['44153.25308', '44155.93721']",0.222337968,0.229795395,0.239877028,0.978829758,0.659150661,0.891168173,0.039056667,-0.020253333,0.013611111,-0.029746667,-0.175474444,-0.416633333,0.220106904,0.230183496,0.24083225,0.983858802,0.638924203,0.7921934,0.0142,-0.01685,0.0001,-0.08275,-0.1132,-0.16525,4,2,0.123565,0.204450844,4,1.414213562,0.078245455,0.209890887,4,1.414213562,0.122231579,0.245435452,4,1,0.557066667,0.904969372,5,2.828427125,0.039221429,0.481115576,6,2.828427125,0.0412,0.868625606
"['44154.15785', '44156.84197']",0.07298801,0.059091053,0.083677515,0.500045745,0.358163755,0.36228804,0.025671111,-0.012003333,-0.000916667,-0.00686,0.047276667,-0.193752222,0.06870732,0.058183218,0.084141251,0.502799823,0.357018825,0.307840302,0.00805,-0.00855,0.00125,-0.02605,0.00235,-0.0999,4,1,0.067095455,0.086280067,3,1,0.027025,0.043445681,4,1.414213562,0.026005,0.050842766,5,1.414213562,0.280466667,0.412856595,6,3.741657387,0.2368,0.370044704,6,3.31662479,0.001985714,0.235906503
"['44155.0626', '44157.74673']",0.037205012,0.040854846,0.038119259,0.331354796,0.235080334,0.152312314,0.011328889,-0.00562,-0.001245556,0.089926667,0.059116667,-0.067807778,0.03563678,0.04069316,0.038312345,0.320705466,0.228800449,0.137150093,0.0054,-0.00605,0.0024,0.002,0.0382,-0.0561,4,1,0.040004762,0.036742965,3,1,0.019269565,0.028365607,4,1.414213562,0.017155,0.027564116,5,2,0.1995875,0.372865969,6,4.123105626,0.172384615,0.27171458,5,2.236067977,0.00575,0.114372252
"['44155.96736', '44158.65149']",0.049100302,0.047703608,0.053840276,0.335831044,0.384893068,0.179989148,0.00891,-0.001248889,-0.002226667,0.076705556,0.154633333,-0.018896667,0.048555614,0.047954415,0.054095583,0.328785428,0.354439081,0.179997217,0.0032,-0.00455,0.0019,0.0198,0.0906,-0.0067,4,2.449489743,0.041757895,0.047066411,4,1.732050808,0.025985714,0.036963932,4,1.414213562,0.023785714,0.061252202,4,2.236067977,0.200605263,0.360979848,5,2.449489743,0.29146,0.49217936,6,3.16227766,0.088742857,0.206646795
"['44156.87212', '44159.55626']",0.049910591,0.054496769,0.057166132,0.255333692,0.386551271,0.183248554,0.010142222,-0.001966667,0.000113333,0.040017778,0.085157778,0.028891111,0.049143018,0.054766378,0.05748628,0.253591028,0.379166789,0.181970496,0.0074,-0.00455,0.00215,0.01395,0.08355,0.00105,5,2.645751311,0.049573333,0.046607609,4,1.732050808,0.030233333,0.04359474,4,1.732050808,0.034831579,0.061338877,4,2,0.167268421,0.266895698,7,3.741657387,0.284446154,0.472596205,6,2.645751311,0.148385714,0.261018393
"['44157.77688', '44160.46102']",0.341773749,0.258893059,0.138408998,1.426134876,0.509620818,1.48188749,0.001434444,0.042708889,0.022677778,-0.118157778,0.092902222,0.4894,0.343685436,0.256776495,0.137303454,1.429193802,0.503888586,1.406577788,0.0074,-0.00255,0.0068,-0.03345,0.0859,0.0212,7,3.16227766,0.110146154,0.480268605,4,1.414213562,0.160061905,0.305531305,5,1.732050808,0.07050625,0.131763174,4,1.732050808,0.362868421,1.374949605,6,3.605551275,0.378885714,0.531107936,6,2.645751311,0.761692857,1.598686788
"['44158.68164', '44161.36577']",0.394694278,0.280134073,0.186395497,1.538798168,0.634567205,1.5355581,-0.023028889,0.02225,0.012763333,-0.222311111,-0.069741111,0.4928,0.396229305,0.280813491,0.186999792,1.531185123,0.634256659,1.462481405,-0.01005,-0.0068,0.0129,-0.0909,-0.0388,0.02025,5,2.645751311,0.167026667,0.57716591,4,1.414213562,0.170233333,0.312838334,5,1.732050808,0.108047059,0.144470153,5,1.732050808,0.374872222,1.574276384,5,3.31662479,0.269173333,0.761948338,5,2.236067977,0.718926667,1.596858235
"['44159.58641', '44162.27052']",0.427537987,0.303650294,0.22439547,1.838966051,1.196695163,1.570229825,-0.03915,0.038541111,-0.002811111,-0.41074,-0.00179,0.38176,0.428126842,0.302881806,0.22563489,1.802551223,1.203398044,1.531648486,-0.0562,-0.01635,0.01125,-0.42295,-0.05845,-0.02115,4,1.732050808,0.198572222,0.538114105,4,2,0.262344444,0.322273928,5,1.414213562,0.161194444,0.176892538,6,3.31662479,0.480964286,1.993716662,5,2,0.293105882,1.370751527,5,2.645751311,0.612617647,1.514591529
"['44160.49117', '44163.17529']",0.280618811,0.194268106,0.221201098,1.273992828,1.225805528,0.573799701,-0.050995556,-0.013091111,-0.028604444,-0.275263333,-0.063113333,-0.065962222,0.277492248,0.194912392,0.220572647,1.250868929,1.231037887,0.573188964,-0.07385,-0.039,-0.0083,-0.19235,-0.25905,-0.02625,4,1,0.161495238,0.349032804,4,1.414213562,0.1674,0.160759002,4,1,0.172221053,0.161401665,5,3,0.213511765,1.244949248,5,2.236067977,0.15470625,1.459376969,4,2.449489743,0.208255556,0.42820219
"['44161.39592', '44164.08004']",0.214009636,0.193895019,0.202360167,1.182062194,1.160495246,0.456998114,-0.006886667,0.034091111,-0.008085556,-0.103003333,0.004962222,-0.040865556,0.215097125,0.191943833,0.203331342,1.184162914,1.166986002,0.45771729,0.00835,0.0121,-0.016,-0.126,0.13335,0.04525,4,1.732050808,0.152285,0.185608979,4,1.414213562,0.221895,0.17229094,4,1,0.193233333,0.177663787,5,2.828427125,0.337225,1.105769846,5,1.732050808,0.166716667,1.2155329,4,2,0.249631579,0.264327451
"['44162.30067', '44164.98484']",0.264947559,0.258105261,0.259865981,0.799161308,0.65614121,0.566398323,0.007201111,0.006177778,0.012518889,0.020704444,-0.077088889,0.156811111,0.266333444,0.259476882,0.261018414,0.803368687,0.655247386,0.54730761,-0.0045,-0.01955,0.00195,0.01815,-0.08735,0.13645,4,1.732050808,0.23215,0.253240649,4,0,0.238347619,0.226269365,3,1,0.224534783,0.228883676,4,1.414213562,0.470477778,0.751744956,5,1.732050808,0.321923529,0.649094141,4,1.414213562,0.631122222,0.66048155
"['44163.20547', '44165.88958']",0.284667589,0.26561336,0.26063857,0.793339852,0.624373767,0.607669776,0.010206667,0.01786,0.006887778,-0.012377778,0.050675556,0.030587778,0.286078315,0.266496895,0.262007206,0.797687261,0.625800279,0.610299475,0.01765,0.00055,0.0223,-0.156,0.1901,0.06815,4,1.732050808,0.253722222,0.26503397,4,1,0.238505263,0.236991644,3,1,0.210573913,0.232527653,5,2,0.461270588,0.785746436,4,2.236067977,0.564194444,0.493125195,4,1.414213562,0.475973684,0.796458601
"['44164.11023', '44166.79433']",0.289823984,0.252977619,0.271018962,0.73922827,0.649798385,0.589738582,-0.004716667,0.011094444,-0.009304444,-0.122261111,0.16006,0.05207,0.291409062,0.254150115,0.272376628,0.733132106,0.633304925,0.590726347,-0.0065,-0.002,-0.0005,-0.1795,0.30465,0.0407,4,1,0.241815,0.256882886,5,1,0.259694118,0.201110546,4,1,0.194668182,0.255663729,4,2,0.325866667,0.734077045,5,2.449489743,0.741017647,0.4062007,4,1,0.501657895,0.789234131
"['44165.01499', '44167.6991']",0.228931872,0.17387049,0.239169499,0.664576965,0.694824665,0.499653917,-0.012786667,0.025425556,-0.038036667,-0.144604444,0.231614444,-0.101358889,0.229855042,0.172965021,0.237448362,0.652288011,0.658754748,0.492006179,-0.00555,0.0144,-0.01425,-0.17245,0.28525,-0.05855,4,1.414213562,0.203215,0.20148865,5,1.414213562,0.238625,0.108802448,4,1.414213562,0.190273684,0.21306147,5,2,0.2032,0.635404211,4,2.236067977,0.586311111,0.529752417,5,1,0.174047059,0.473310688
"['44165.91974', '44168.60387']",0.223220345,0.174413966,0.239920183,0.569811094,0.827548581,0.480317534,0.009335556,0.025156667,-0.03177,-0.047031111,0.033771111,-0.00071,0.224274492,0.173557089,0.239139668,0.5710482,0.831491519,0.483007881,-0.009,0.01115,-0.03695,-0.04825,0.18255,0.1007,4,1.732050808,0.224205,0.21020708,4,1.414213562,0.215357895,0.135912735,4,1.732050808,0.211615,0.219335015,4,2,0.291161111,0.570239949,5,1.732050808,0.327211111,0.840043673,4,1.414213562,0.31675,0.346816618
"['44166.82448', '44169.50863']",0.237883178,0.181216872,0.226661969,0.553639418,0.866201126,0.475448921,0.008304444,0.024896667,-0.031605556,0.027845556,0.034471111,-0.011638889,0.239070057,0.180504099,0.225705046,0.556036442,0.870363814,0.477969243,-0.03405,0.01115,-0.0163,0.0932,-0.0283,0.1007,4,1.414213562,0.219215,0.212811729,4,1,0.19478,0.136549253,4,1.732050808,0.18695,0.180630744,5,2.236067977,0.341855556,0.525746906,4,1.414213562,0.301966667,0.89333981,4,1.414213562,0.285736842,0.354486201
"['44167.72926', '44170.41337']",0.227471214,0.212845703,0.267658686,0.62829587,0.958381912,0.468041949,0.006097778,0.021751111,-0.033957778,0.108357778,0.025384444,0.038358889,0.228663369,0.212917572,0.266983225,0.622348635,0.963412922,0.469080712,-0.00665,-0.0144,-0.0235,0.1109,0.15405,0.1007,4,1,0.23406,0.179383595,3,1,0.19815,0.160538717,4,1.414213562,0.204575,0.238466283,4,2.236067977,0.409427778,0.673847356,4,1.414213562,0.432457895,1.044155873,4,1.732050808,0.280763158,0.408295662
"['44168.63402', '44171.31819']",0.316817695,0.232043561,0.308251798,0.650967516,0.98596556,0.564518214,-0.008251111,0.034998889,-0.045892222,0.020303333,-0.025192222,-0.072021111,0.318484533,0.230674056,0.306524129,0.654295945,0.991165523,0.563041895,-0.01,0.0045,-0.02735,-0.01575,0.02175,-0.02655,4,0,0.337209524,0.283104975,3,1,0.236978261,0.21284284,4,1,0.200945,0.280314967,4,1,0.274561905,0.620063743,4,1.732050808,0.522505556,0.933273693,4,1.732050808,0.179684211,0.519040003
"['44169.53882', '44172.22293']",0.378323153,0.312187087,0.355499535,0.755685074,0.975020548,0.613607743,-0.005911111,0.054098889,-0.029102222,0.009995556,-0.178523333,-0.202633333,0.380396187,0.309186462,0.356291261,0.759852158,0.963907683,0.582428831,0.01025,-0.00285,-0.0007,-0.17105,-0.07815,-0.1619,4,1,0.45017,0.325320149,3,1.414213562,0.379108696,0.300513612,4,1,0.2799,0.303129465,4,1,0.367863636,0.727405973,4,1.414213562,0.44073,0.926453466,5,2,0.093133333,0.533319926
"['44170.44356', '44173.12769']",0.447342656,0.312306071,0.322928909,0.617915496,0.883553556,0.542916806,8.22E-05,0.070588889,-0.004906667,0.044883333,-0.225055556,-0.24744,0.449848789,0.305928429,0.324700561,0.619735846,0.859196904,0.485958909,-0.0058,0.02375,-0.0017,-0.06925,-0.1417,-0.21635,4,1,0.540785714,0.333187148,3,0,0.389833333,0.274918452,4,1.414213562,0.28711,0.272971317,4,1.414213562,0.392277273,0.556051607,4,1.414213562,0.441189474,0.752564863,4,1.732050808,0.07993,0.44991217
"['44171.34834', '44174.03244']",0.392122513,0.313909034,0.27788363,0.597481951,0.665514221,0.541905523,0.024947778,0.073206667,0.016561111,0.122834444,0.031533333,0.033623333,0.393520421,0.306963561,0.278943708,0.587994825,0.668490959,0.543891472,0.0356,0.02865,0.0166,0.071,0.07415,-0.07305,4,1,0.457338095,0.29614234,4,1,0.429563636,0.24070547,4,1,0.286873684,0.240004412,3,1.414213562,0.535727273,0.490410983,4,0,0.622719048,0.496085612,4,1.414213562,0.43979,0.538514983
"['44172.25308', '44174.93719']",0.350097219,0.232145083,0.221431661,0.471576108,0.615609957,0.551587559,0.020238889,0.043526667,-0.003634444,0.123757778,0.044953333,0.034988889,0.351469796,0.229305478,0.222642188,0.457596596,0.617406078,0.553560642,0.0476,0.02375,-0.00925,0.14155,0.0712,-0.06055,4,1.414213562,0.38398,0.253047615,4,1,0.28606,0.16601139,4,1.414213562,0.18627619,0.209671417,4,1.732050808,0.49324,0.371228137,4,1.732050808,0.587889474,0.54772426,4,1,0.443938095,0.566065589
"['44173.15784', '44175.842']",0.253400984,0.205017804,0.196821334,0.545134433,0.509281917,0.578680754,0.021503333,0.045775556,-0.001598889,-0.003783333,0.098248889,0.014343333,0.253901464,0.200961757,0.197917453,0.54817523,0.502514692,0.581743906,0.04055,0.0245,0.00775,0.0694,0.085,-0.02865,5,1.732050808,0.293111765,0.157890642,4,1,0.23074,0.171952271,4,1,0.162471429,0.198322984,4,1.414213562,0.384147368,0.429626972,4,2,0.436411111,0.559084136,4,1,0.369133333,0.60328589
"['44174.0626', '44176.74674']",0.280836458,0.211472498,0.244349583,0.6162361,0.665280818,0.470708524,-0.004521111,0.050731111,-0.002555556,-0.141814444,0.115892222,-0.16609,0.282373186,0.20644741,0.24570506,0.60305592,0.658778921,0.442899745,-0.0274,0.0339,-0.00185,-0.0665,0.0183,-0.14325,5,2,0.35326,0.183739185,4,1,0.226215789,0.165156082,4,1,0.230980952,0.220063467,4,1.414213562,0.306136842,0.460141722,4,1.732050808,0.527044444,0.730269568,4,1,0.172252632,0.40765174
"['44174.96737', '44177.6515']",0.389643919,0.247840207,0.254081773,0.711630771,0.75607716,0.45934981,-0.003074444,0.042971111,0.002404444,-0.068667778,0.052132222,-0.05992,0.391814618,0.245454008,0.25549377,0.712278179,0.758503415,0.457976322,-0.04845,0.04365,0.00955,-0.07015,0.03345,-0.0362,5,1.732050808,0.487317647,0.369172951,5,1,0.303652941,0.169319119,4,1,0.26545,0.218846353,4,1,0.397725,0.554750804,4,1,0.4151,0.76431895,4,1.414213562,0.233005263,0.43198802
"['44175.87215', '44178.55627']",0.420654636,0.276503409,0.276492446,0.781333121,0.883685093,0.455321858,0.000432222,0.039212222,-0.002154444,-0.005441111,0.041833333,-0.040273333,0.42301104,0.27524225,0.278032994,0.78569132,0.887639456,0.456078113,-0.04915,0.04365,0.01245,-0.05475,0.1513,-0.02365,4,1,0.484584211,0.37486426,4,1,0.315238889,0.182943409,4,1.414213562,0.282542105,0.17785602,4,1.414213562,0.468783333,0.737727805,4,0,0.460042857,0.923105147,4,1,0.27618,0.452138796
"['44176.77689', '44179.46105']",0.447175553,0.31576751,0.314629401,0.874401921,0.888328978,0.556285248,-0.003786667,0.001716667,-0.020053333,0.085196667,-0.050117778,0.022426667,0.449664635,0.317531837,0.315748747,0.875116828,0.891882823,0.558946933,-0.0637,-0.00475,0.01215,0.08855,0.04325,-0.00045,4,0,0.471895238,0.417819464,4,1,0.306442857,0.203554743,4,1,0.2969,0.253475294,5,2,0.719794118,0.745523535,4,1.414213562,0.481305263,0.764398159,4,1,0.419965,0.61347611
"['44177.68165', '44180.3658']",0.468552041,0.396384746,0.444506781,0.952869401,1.054163934,0.664293685,-0.000698889,0.006785556,-0.006187778,0.005832222,0.073017778,0.035797778,0.471176479,0.398546997,0.446953723,0.958189698,1.057523609,0.667044594,-0.0637,0.0081,-0.012,0.01575,0.14255,-0.1417,4,0,0.447445455,0.385209488,4,1.732050808,0.394668421,0.319136819,4,1,0.409105,0.392039151,5,2.236067977,0.55733125,0.936722119,4,1.414213562,0.832710526,1.08780475,4,1,0.534052632,0.725861201
"['44178.58645', '44181.27059']",0.47444522,0.419861434,0.502369901,0.944256264,1.067789203,0.711063504,0.00718,-0.004952222,-0.010243333,-0.027573333,-0.043545556,0.000613333,0.47704856,0.422184248,0.505079294,0.949141329,1.072878,0.715046819,-0.05495,0.0047,-0.0182,0.08355,0.07805,-0.13545,4,1,0.578490476,0.350010458,5,2,0.449447059,0.29886934,4,1,0.521821053,0.42892391,5,2,0.576877778,0.865266874,5,2.449489743,1.003711111,0.912126509,5,1.732050808,0.552194444,0.760277076
"['44179.49121', '44182.17533']",0.446291011,0.386910098,0.46193348,0.766513982,0.973952182,0.631615943,0.031726667,0.007055556,0.004812222,-0.028784444,-0.089155556,-0.021607778,0.447655788,0.389012982,0.464496156,0.770264529,0.975296398,0.634782652,0.0356,-0.0011,-0.01725,-0.059,-0.05495,-0.09375,4,1,0.532863636,0.314785613,5,2,0.47075625,0.291729683,4,1.414213562,0.496316667,0.399236612,4,1,0.364594737,0.782278912,4,2,0.845095,0.90418527,5,1.732050808,0.491182353,0.647064497
"['44180.39596', '44183.08008']",0.338053158,0.324532435,0.344954045,0.601208361,0.83260991,0.500131043,0.04579,0.004988889,-0.004998889,-0.002632222,-0.207523333,0.034406667,0.336814043,0.326311995,0.346850151,0.604570707,0.81085057,0.501741369,0.05465,-0.0104,-0.01165,-0.05145,-0.11645,0.0886,4,1.414213562,0.44643,0.245796302,4,1.414213562,0.356931579,0.205195557,4,1,0.361368421,0.249551019,4,1.414213562,0.39905,0.608512654,4,1.732050808,0.540189474,0.648143195,5,1.732050808,0.465261111,0.461184691
"['44181.30074', '44183.98488']",0.400093141,0.286983993,0.32678447,0.562928642,0.800877479,0.425359331,0.049392222,-0.002406667,0.032464444,-0.01067,-0.063568889,0.10392,0.399256946,0.288581611,0.326989562,0.565980631,0.802823221,0.4147804,0.0929,-0.01345,-0.0024,-0.04425,-0.0756,0.0878,4,1,0.491333333,0.3591067,4,0,0.285868182,0.20181485,4,1,0.378627273,0.282658012,4,1.414213562,0.427285,0.523447984,3,1,0.660736364,0.914317429,4,1.414213562,0.51774,0.355495869
"['44182.20548', '44184.88963']",0.397733352,0.268267699,0.346659601,0.635987991,0.805746837,0.414082722,0.037687778,-0.017594444,0.018983333,0.034014444,-0.063358889,0.130197778,0.398161936,0.269189785,0.348078612,0.638635631,0.807751946,0.395283621,0.0589,-0.01215,-0.0109,-0.0002,-0.06905,0.1265,4,1.414213562,0.507105263,0.391162422,4,0,0.234004545,0.199061344,4,1,0.381109091,0.284226068,4,1.414213562,0.389189474,0.676965033,4,1.414213562,0.70195,0.954066462,4,1,0.434954545,0.378682232
"['44183.11026', '44185.7944']",0.39614719,0.248424433,0.347856702,0.599817142,0.65445122,0.370864226,0.020736667,0.000446667,0.013041111,-0.00953,0.01662,-0.000806667,0.397820365,0.249815774,0.349559584,0.603101352,0.65790539,0.372941031,0.00775,0.0312,-0.00355,-0.02755,-0.02825,0.00865,4,1.732050808,0.491057895,0.377720028,3,0,0.220378261,0.192606577,4,1,0.377695238,0.289426962,5,2.449489743,0.351323529,0.615854759,4,1.414213562,0.616761905,0.801116981,4,1,0.239957143,0.344978736
"['44184.01503', '44186.69918']",0.424838503,0.271545449,0.28324255,0.525251846,0.64078976,0.508527947,0.01976,0.015117778,-0.014012222,0.051394444,-0.067566667,-0.053228889,0.426756208,0.272643211,0.284480602,0.525659886,0.640787468,0.508567743,0.01355,0.03085,-0.01515,-0.03515,-0.0815,0.0199,4,1.732050808,0.46313,0.253347708,4,0,0.256859091,0.202017205,4,1,0.28796,0.175016566,5,2.449489743,0.41875,0.517444597,4,1.414213562,0.56859,0.514274533,4,1,0.327728571,0.435219209
"['44184.91978', '44187.60395']",0.41976372,0.289276138,0.283575825,0.457406485,0.726779027,0.578992643,0.020133333,0.038406667,-0.001427778,-0.006527778,0.03425,-0.015116667,0.421629539,0.28832147,0.285160883,0.459922163,0.73003865,0.582037848,0.032,0.0474,-0.0074,-0.1008,-0.079,0.01465,4,1,0.403186364,0.27466932,4,1,0.325527273,0.180412538,4,1,0.300314286,0.21805165,4,2.449489743,0.366068421,0.436044585,4,1.414213562,0.576195,0.68765759,4,1,0.493995,0.496395445
"['44185.82459', '44188.50869']",0.434055213,0.294913643,0.29731226,0.520807975,0.853211656,0.622985618,0.025992222,0.042866667,0.010915556,0.023378889,0.091966667,0.005908889,0.435703615,0.29341625,0.29877632,0.523197748,0.852992772,0.626447581,0.03725,0.02375,-0.0068,-0.03825,-0.05165,0.062,4,1,0.441190909,0.283186075,4,1,0.355166667,0.156999396,4,1,0.292357143,0.23656777,4,1.414213562,0.455805,0.463847978,4,1.414213562,0.657375,0.844518869,5,1.414213562,0.616788889,0.503563124
"['44186.72934', '44189.41347']",0.326211743,0.278343805,0.283305369,0.621761684,0.879290108,0.553953872,0.018574444,0.026117778,0.008647778,0.006077778,0.093602222,0.022867778,0.327507067,0.278668225,0.284759771,0.625215098,0.879191883,0.55658243,0.027,0.0222,0.01125,-0.03415,-0.06935,0.025,4,1,0.34927,0.276910202,4,1,0.312609524,0.174923483,4,1,0.265913636,0.267353824,4,1.732050808,0.437033333,0.436269953,4,1.414213562,0.434095,0.950083381,4,1.414213562,0.441888889,0.519086922
"['44187.6341', '44190.31824']",0.333888454,0.260184149,0.253331561,0.650963539,0.790904444,0.464016422,0.026622222,0.023197778,0.014244444,-0.056187778,0.011268889,-0.029097778,0.334689998,0.26059976,0.254347763,0.65216736,0.795254582,0.46569762,0.04435,0.02375,0.01325,-0.1495,-0.0449,0.00535,4,1,0.382166667,0.268419126,4,1,0.285694737,0.18237383,4,1,0.236995238,0.223583809,5,2.449489743,0.3349,0.522654244,4,1,0.388954545,0.79269527,4,1.414213562,0.217194444,0.431999214
"['44188.53884', '44191.223']",0.275471215,0.208880688,0.197714587,0.573609564,0.632564589,0.363798194,0.027658889,0.013543333,0.003968889,-0.049055556,-0.089451111,-0.024742222,0.275614612,0.209608914,0.198782177,0.57470983,0.629716195,0.364989231,0.04055,0.0209,0.01515,-0.05045,-0.10425,-0.00175,3,1,0.305478261,0.197457158,4,1.732050808,0.214758824,0.13060636,4,1.414213562,0.180485,0.173264016,5,2.449489743,0.24384375,0.487941587,4,1,0.256209524,0.605210188,5,1.732050808,0.180188889,0.338290149
"['44189.44365', '44192.12776']",0.231699352,0.154842282,0.156932035,0.377465761,0.345315138,0.185610885,0.032172222,0.021298889,0.006093333,-0.020196667,-0.054847778,0.020763333,0.230740342,0.154229658,0.15769221,0.379036695,0.342841463,0.185479204,0.03525,0.0141,-0.0064,-0.0178,-0.063,0.00845,4,1,0.294114286,0.196005133,4,1.732050808,0.177889474,0.119128777,4,1.414213562,0.161827778,0.125004738,5,1.732050808,0.18368125,0.284237852,4,1,0.244719048,0.322842455,5,1.732050808,0.17435,0.161272007
"['44190.34839', '44193.03255']",0.249929586,0.144795856,0.159502302,0.280256227,0.33802689,0.216627195,0.066948889,0.015808889,0.002505556,0.029158889,-0.043952222,-0.004406667,0.242144863,0.144736595,0.160376088,0.280296755,0.337034894,0.217795726,0.0694,0.0141,0.00625,0.02735,-0.09175,-0.0207,4,1.414213562,0.297763158,0.183707597,4,1,0.161157895,0.096242202,4,1,0.154857143,0.106771694,5,1.732050808,0.242461111,0.222039912,4,1,0.271666667,0.363608371,4,2,0.210844444,0.22373935
"['44191.25316', '44193.9373']",0.344640168,0.186526248,0.194190756,0.318421868,0.453281248,0.309457213,0.097045556,-0.012216667,0.00949,-0.037565556,-0.031531111,0.063756667,0.332547378,0.187168478,0.195045344,0.317969654,0.454716496,0.30451466,0.07915,-0.0052,0.01645,-0.04125,-0.0977,0.03435,4,1.414213562,0.4863,0.279444758,4,1,0.177347619,0.100441538,4,1.414213562,0.22393,0.106812857,5,2.449489743,0.206676471,0.279445642,4,1,0.341636364,0.518627875,4,1.414213562,0.346571429,0.329122686
"['44192.15795', '44194.84207']",0.367002426,0.228585688,0.2062631,0.382911252,0.50588845,0.387071859,0.110753333,-0.060237778,-0.005826667,-0.087768889,-0.071072222,0.19209,0.351852292,0.22174118,0.207335869,0.374804644,0.503677126,0.337927342,0.08025,-0.0546,0.00015,-0.1273,-0.1205,0.2049,4,1,0.513166667,0.257946051,4,1,0.1844,0.140860625,4,1.414213562,0.21623,0.118476607,5,2.645751311,0.1494,0.398987149,3,1,0.381745455,0.556733534,3,1.414213562,0.496963636,0.292440943
"['44193.0627', '44195.74687']",0.351498362,0.244327123,0.190666784,0.459679591,0.500087158,0.498808328,0.118744444,-0.116455556,-0.018008889,-0.18393,-0.116966667,0.383053333,0.332687,0.215991213,0.190877784,0.423638034,0.488939885,0.321289367,0.09945,-0.11385,-0.01915,-0.2512,-0.16505,0.4125,4,1,0.493414286,0.245298517,4,1,0.100171429,0.183891898,4,1.414213562,0.156875,0.127712407,5,3.16227766,0.03395,0.473427509,4,1,0.274304545,0.550403143,4,1,0.643481818,0.229605736
"['44193.96745', '44196.65163']",0.266496647,0.244036795,0.181495065,0.497302796,0.467501479,0.585621047,0.093765556,-0.16449,-0.058607778,-0.148027778,-0.226046667,0.521736667,0.250853902,0.181279155,0.17273422,0.477420578,0.411511988,0.267465371,0.08085,-0.15765,-0.05,-0.25805,-0.24095,0.5328,4,1,0.36912,0.192725817,4,1,0.017368182,0.166207032,4,0,0.059971429,0.126648242,5,3,0.11335625,0.55723762,4,1.414213562,0.108536842,0.445413683,3,1,0.709179167,0.186931036
"['44194.87225', '44197.55638']",0.250285155,0.222638075,0.185115352,0.477300742,0.422375402,0.62242063,0.103502222,-0.170535556,-0.06021,-0.160615556,-0.219808889,0.576288889,0.229158093,0.143928833,0.176030528,0.451982869,0.36269362,0.236473866,0.08465,-0.16575,-0.04925,-0.21405,-0.22515,0.63015,4,1,0.34039,0.191047481,4,1,-0.024428571,0.107141025,4,0,0.073495238,0.1322478,5,2.236067977,0.14818125,0.462137279,4,1.414213562,0.024231579,0.322080618,4,1,0.761471429,0.158324124
"['44195.77702', '44198.46117']",0.246313811,0.245496876,0.229792178,0.462757789,0.477004724,0.710727555,0.068884444,-0.17741,-0.069377778,-0.028538889,-0.236562222,0.614772222,0.237810433,0.170639797,0.220296154,0.464464501,0.416532826,0.358633322,0.0801,-0.18045,-0.06015,-0.11535,-0.22225,0.6367,4,1,0.307094737,0.185317333,4,1,0.000235,0.121472355,4,1,0.144595,0.249658486,5,2,0.392741176,0.440641534,4,1.414213562,0.062366667,0.331502777,4,1.414213562,0.892894737,0.405849254
"['44196.68178', '44199.36593']",0.318453752,0.250663317,0.250203364,0.555832225,0.670770767,0.712132938,0.037461111,-0.131984444,-0.056822222,-0.134703333,-0.04952,0.4758,0.318014401,0.214295251,0.245030753,0.542284004,0.672687944,0.53282469,0.04215,-0.1106,-0.05595,-0.14055,-0.12215,0.5508,4,1.414213562,0.325736842,0.201203944,3,1,0.067540909,0.172244927,4,1,0.241588889,0.222450044,5,1.414213562,0.25901875,0.457514721,3,1,0.2495,0.60447117,5,1.414213562,0.837405556,0.527708342
"['44197.58656', '44200.2707']",0.3546911,0.2609711,0.297074516,0.632465088,0.81874213,0.74864601,-0.011166667,-0.067265556,-0.045613333,-0.061881111,0.139923333,0.454171111,0.356501373,0.253565881,0.295196417,0.632956798,0.8112164,0.598480759,0.0097,-0.02785,-0.0677,-0.06955,0.1416,0.4997,4,1,0.351109524,0.229518348,3,0,0.1383375,0.197449689,4,1.414213562,0.337752941,0.277308486,5,1.414213562,0.452444444,0.656883008,3,1,0.582809091,0.778132977,4,1.414213562,0.901926316,0.594824435
"['44198.49132', '44201.17548']",0.368216827,0.265324517,0.317683045,0.705298696,0.976609124,0.744531171,-0.038467778,-0.001965556,-0.051483333,-0.044721111,0.177757778,0.192958889,0.368253509,0.266803619,0.31523985,0.707822778,0.965675404,0.723120718,-0.0155,0.03235,-0.0844,-0.00785,0.2162,0.26215,4,1.732050808,0.360261905,0.210447215,3,0,0.191732,0.196524659,4,1.414213562,0.253463158,0.2562595,5,1.414213562,0.505147059,0.745900401,5,2.828427125,0.799088889,0.858825695,4,1.414213562,0.63372,0.749585968
"['44199.39608', '44202.08023']",0.347126004,0.301197889,0.421308178,0.736734262,1.036749846,0.768836764,-0.036115556,0.030565556,-0.050652222,0.08775,0.107564444,0.098727778,0.347176276,0.301321665,0.420595404,0.735587802,1.036931579,0.766743088,-0.055,0.0312,-0.1263,0.0796,0.2007,0.23355,4,1.414213562,0.354468182,0.250956571,3,1,0.287465217,0.251110431,4,1,0.387461905,0.477385887,4,1.414213562,0.662778947,0.7948697,5,3,1.011166667,0.86783354,5,1.732050808,0.609055556,0.765336597
"['44200.30088', '44202.98501']",0.397734224,0.337608874,0.462629583,0.790352457,1.076653267,0.766406332,-0.018264444,0.012033333,-0.042002222,0.032063333,0.019548889,-0.029753333,0.39954051,0.339284534,0.463300021,0.794125945,1.082506501,0.770118964,-0.00245,-0.00875,-0.098,-0.0079,0.18065,0.079,4,1.414213562,0.370985714,0.331353253,3,1,0.2892,0.280257806,4,1,0.456595,0.524816973,4,1,0.61962381,0.752526103,6,2.449489743,1.1709,0.822013656,4,2,0.4896,0.74348356
"['44201.20563', '44203.88978']",0.47778145,0.366125501,0.458628673,0.829376758,1.138626559,0.795370023,-0.025638889,0.010675556,-0.006194444,0.065042222,0.013484444,-0.049826667,0.479765843,0.368020095,0.461155973,0.831454516,1.144925173,0.798254908,-0.0214,-0.04275,-0.0296,0.06305,0.13585,0.079,4,1,0.493227273,0.373207624,4,1,0.334977273,0.318074521,4,1.414213562,0.565689474,0.497836228,3,1,0.764038095,0.711062425,4,2.236067977,0.989061111,0.868093133,4,2,0.524947368,0.751189578
"['44202.11039', '44204.79455']",0.50600981,0.362866109,0.400341229,0.845386277,1.06751104,0.748089369,-0.019197778,-0.009912222,0.005461111,-0.062871111,0.069071111,-0.022037778,0.508478272,0.364762821,0.402546596,0.847768162,1.071242113,0.751953886,-0.03555,-0.02145,-0.00375,-0.0492,0.13585,0.0327,4,1,0.553109524,0.392516644,4,1,0.314668182,0.288198485,4,1.414213562,0.470463158,0.37218529,4,1,0.6671,0.686450029,4,1.732050808,0.771780952,0.952852313,4,1.414213562,0.459604762,0.746468669
"['44203.01519', '44205.69929']",0.484635457,0.386814404,0.365372693,0.928300022,1.134493152,0.77811274,-0.038544444,-0.034512222,-0.030774444,-0.015936667,0.011991111,-0.078593333,0.485806716,0.387430111,0.366114006,0.93336305,1.140785178,0.778470318,-0.0656,-0.04475,-0.04715,-0.0035,0.08045,-0.02285,4,1.414213562,0.52407,0.404620382,4,1,0.329422727,0.368899817,4,1.414213562,0.338768421,0.363691136,4,1.732050808,0.611921053,0.794289217,4,1.414213562,0.692228571,1.028431916,4,1.414213562,0.408545,0.784836238
"['44203.91993', '44206.60407']",0.43355777,0.403522664,0.377583794,0.890546565,1.023401904,0.7320314,-0.02583,-0.048953333,-0.067812222,0.014647778,-0.021598889,0.011301111,0.435212251,0.402786224,0.373525448,0.895414513,1.028906069,0.736044721,-0.0541,-0.0417,-0.10345,0.01715,-0.00295,0.02115,4,1.414213562,0.410938095,0.363496365,4,1,0.293795,0.393482382,4,1,0.2819,0.326395117,4,1.732050808,0.686078947,0.676265408,5,1.414213562,0.615075,1.045176463,4,1.414213562,0.512878947,0.663640579
"['44204.8247', '44207.50883']",0.467741978,0.463251316,0.528986461,0.999254303,1.050498129,1.024234024,-0.043437778,0.015358889,-0.097736667,0.167175556,-0.170621111,-0.033482222,0.468329743,0.465590476,0.522791554,0.990690002,1.042356492,1.029421594,-0.03675,-0.0135,-0.10345,0.2382,-0.2058,0.02945,4,1.732050808,0.42322,0.400273161,4,1,0.40929,0.542353656,4,1,0.338373684,0.369703498,4,1.732050808,0.871705263,1.077269326,5,1.732050808,0.548622222,0.977508859,4,1,0.656165,0.813495518
"['44205.72947', '44208.41362']",0.606324001,0.446113124,0.552087815,1.04842654,1.093687816,1.072054597,-0.062667778,0.067764444,-0.092206667,0.199408889,-0.296771111,-0.170458889,0.606455339,0.44340664,0.547382944,1.035054618,1.05855103,1.064345737,-0.06885,0.01825,-0.0352,0.311,-0.32985,-0.1201,4,1.414213562,0.558161905,0.520652087,4,1.414213562,0.531710526,0.430142653,4,1,0.443185714,0.352019081,4,1.414213562,1.086815789,0.953293826,4,1.414213562,0.33462,1.001258833,4,1,0.703968421,0.797213825
"['44206.63422', '44209.3184']",0.575400641,0.393241502,0.520906914,1.036925384,1.026276672,0.993483171,-0.056428889,0.109076667,-0.081167778,-0.001012222,-0.133637778,-0.253781111,0.575835017,0.379927615,0.517426893,1.042734038,1.023239116,0.965903875,-0.0519,0.1022,-0.0321,0.09315,-0.02405,-0.176,4,2,0.558115,0.514529343,4,1,0.477914286,0.404454511,4,1.414213562,0.394580952,0.363449376,5,2,0.9708,1.146018195,4,1.414213562,0.373419048,1.003376362,4,1.414213562,0.455631579,0.752544338
"['44207.53898', '44210.22316']",0.500884104,0.275626995,0.317328184,0.881634186,0.926751474,0.615636208,-0.03312,0.051497778,-0.039196667,-0.05619,0.01801,-0.189053333,0.50258786,0.272290322,0.316662224,0.884770884,0.931767405,0.589172053,-0.04485,0.0464,-0.01555,0.0996,0.0743,-0.08345,4,1.732050808,0.484895238,0.438173604,4,1,0.343571429,0.205923493,4,1.414213562,0.244640909,0.238179162,5,2.645751311,0.750275,0.596079541,5,2,0.489258824,1.007494174,5,1.414213562,0.317835294,0.483186954
"['44208.44377', '44211.12794']",0.300753201,0.270963991,0.237026498,0.651470424,0.608112565,0.388972402,0.001375556,0.040715556,-0.012994444,-0.104083333,0.207442222,-0.014723333,0.302434943,0.269388311,0.237995927,0.64670499,0.574839259,0.390871221,-0.02165,0.0403,0.00175,0.05895,0.1451,0.01325,4,1.732050808,0.336445,0.24362843,4,1,0.339666667,0.247503469,4,1,0.217828571,0.187404331,5,2.645751311,0.436275,0.474880386,6,1.732050808,0.766653333,0.528907162,5,1.414213562,0.297555556,0.411096339
"['44209.34856', '44212.03271']",0.348250791,0.28319142,0.273724444,0.647727436,0.701051816,0.461434095,-0.004897778,0.016834444,-0.009853333,0.000403333,0.150313333,0.06115,0.350167156,0.284274325,0.275079528,0.651356064,0.688583953,0.459926583,-0.05985,0.0024,0.0107,0.1307,0.10575,0.03075,4,0,0.3647,0.308881196,4,1.732050808,0.313094444,0.279028452,4,1,0.263038095,0.213414106,4,2,0.470905556,0.557590137,4,1.414213562,0.593422222,0.630816599,4,1.414213562,0.39084,0.489617305
"['44210.25331', '44212.93745']",0.51314848,0.329606054,0.371922863,0.753199346,0.837209268,0.557297114,0.009281111,0.00119,-0.034951111,-0.059485556,0.078952222,0.02712,0.515938875,0.33145044,0.372351369,0.755053127,0.838147579,0.559755284,-0.0818,-0.01895,-0.00935,0.04915,0.09065,0.0283,4,1,0.592652381,0.567214406,4,1.732050808,0.314178947,0.303939494,4,1,0.381635,0.270330459,5,1.414213562,0.424858824,0.797020248,4,1,0.52272,0.806475626,4,1,0.42595,0.562454963
"['44211.15809', '44213.84224']",0.537997506,0.306378217,0.377260647,0.758142847,0.941969654,0.54601174,0.011111111,-0.003825556,-0.04609,0.027018889,-0.135776667,0.026984444,0.540896129,0.308070616,0.37653234,0.761905875,0.937354857,0.548399709,-0.1141,-0.02865,-0.05505,0.05295,-0.2263,0.0202,4,1,0.636635,0.578797414,4,1,0.272957143,0.262233281,4,1.414213562,0.37876,0.292075789,5,1,0.615841176,0.834994462,4,1,0.424747619,0.908959111,4,0,0.405871429,0.507184686
"['44212.06286', '44214.74703']",0.60347957,0.289573932,0.392067043,0.723884025,0.943433564,0.51243585,0.023753333,-0.012467778,-0.040843333,-0.022204444,-0.124608889,0.003608889,0.606390161,0.290926175,0.392118346,0.727596891,0.940407253,0.515293882,-0.0645,-0.01725,-0.0522,0.01875,-0.25475,0.0132,4,1,0.70321,0.64419943,4,1,0.27422381,0.231742193,4,1,0.395495455,0.259775787,5,1.414213562,0.609470588,0.762207733,4,1.414213562,0.635626316,1.013160203,4,1.414213562,0.406578947,0.48508048
"['44212.96763', '44215.65182']",0.580653011,0.271336164,0.388701241,0.556995375,0.934977514,0.420374303,0.008381111,-0.001155556,-0.013626667,0.060124444,-0.177998889,-0.004898889,0.583845166,0.272853792,0.39063859,0.556843037,0.923019843,0.422700653,-0.0314,-0.0199,-0.05505,0.07635,-0.27975,-0.01415,4,1.414213562,0.657833333,0.483053943,4,1,0.304661905,0.204296876,4,1,0.41327619,0.253886342,4,1.732050808,0.610544444,0.496993501,4,1,0.768025,0.925024772,4,1.732050808,0.342255556,0.401953157
"['44213.87239', '44216.55665']",0.55087665,0.26275877,0.417505891,0.519914889,0.858710517,0.473880156,0.003768889,0.000764444,-0.00954,-0.018971111,0.02906,0.009685556,0.553949853,0.264229701,0.419735258,0.522479428,0.863026645,0.476435422,-0.017,-0.00205,-0.0378,0.04105,-0.08165,0.0077,4,1.414213562,0.600927778,0.483257263,4,1,0.285265,0.171575827,4,1,0.474275,0.249189418,4,1.414213562,0.458,0.359730214,4,1.414213562,0.903657895,0.816502571,4,1.414213562,0.431905263,0.403250244
"['44214.77718', '44217.46142']",0.541785309,0.290811914,0.477698868,0.753532077,0.956215422,0.569752719,-0.010611111,-0.002786667,-0.031298889,0.006565556,0.088261111,0.004336667,0.544716041,0.292427699,0.479342866,0.757724814,0.957467468,0.572928039,-0.04955,-0.0185,-0.07445,0.0487,0.03815,0.01675,5,1,0.6811875,0.533125662,4,1,0.28772381,0.170405742,4,1,0.515985,0.312289143,4,2,0.458268421,0.457069171,4,1,0.75637619,0.831383348,4,1,0.371394737,0.580984487
"['44215.68197', '44218.36626']",0.514937628,0.326596442,0.496728386,0.821213957,1.016593229,0.689322118,-0.016748889,-0.018517778,-0.045785556,0.02575,7.33E-05,-0.016007778,0.517548469,0.327897791,0.497384728,0.825408561,1.022288471,0.69299696,-0.0334,-0.00875,-0.03305,0.05395,0.02605,0.0285,4,1,0.652405263,0.500684314,4,1.414213562,0.289127778,0.171518168,4,1,0.514640909,0.361055442,4,2,0.762010526,1.141829397,4,1,0.589115789,0.956831744,4,1,0.479916667,0.755200154
"['44216.5868', '44219.27108']",0.692925139,0.361020919,0.524871051,0.861668692,1.270665965,0.656505941,-0.010408889,-0.023977778,-0.039887778,-0.037351111,-0.053324444,-0.013065556,0.696728481,0.362241854,0.526285187,0.86568155,1.276658934,0.66005312,-0.1081,-0.0208,-0.00445,-0.02475,-0.22445,0.03525,4,1,0.818022727,0.689997533,4,1.414213562,0.328368421,0.264659761,3,0,0.507677273,0.380813636,4,1.732050808,0.67783,1.17811093,4,1.414213562,0.904605263,1.408568989,4,1,0.530194444,0.667138064
"['44217.4916', '44220.17588']",0.673391791,0.411081176,0.469161595,0.750277335,1.243371987,0.584956119,0.00524,-0.010417778,-0.006532222,-0.026975556,-0.157676667,-0.043815556,0.677143822,0.413251404,0.47174424,0.753992786,1.240243167,0.586580715,-0.1049,-0.02645,0.02475,0.0044,-0.2804,0.0067,4,1,0.780636364,0.620670869,4,1.732050808,0.365590476,0.330629832,4,1,0.480357143,0.358061755,4,1.414213562,0.681295,0.739072032,5,1.414213562,1.080894118,1.352796016,4,1,0.429794737,0.633230927
"['44218.39641', '44221.0807']",0.606293383,0.359496032,0.381330764,0.628478149,1.082498434,0.423707022,0.013955556,0.00342,0.005821111,-0.05037,0.050461111,-0.006804444,0.609528476,0.361493671,0.383422405,0.629966008,1.087379534,0.426025802,-0.12165,-0.03165,0.04245,-0.0281,0.0646,0.0065,4,1,0.660768182,0.635746945,4,1,0.367263636,0.321151662,4,1.414213562,0.410336842,0.28858825,4,1,0.444042857,0.572105978,5,1.414213562,1.164382353,1.199804038,4,1.414213562,0.360111111,0.437420547
"['44219.30123', '44221.98551']",0.35508836,0.305707488,0.258344999,0.505910978,0.704855953,0.354589003,0.012848889,0.000626667,0.003982222,0.008163333,0.002123333,-0.020327778,0.356843818,0.307419502,0.259761456,0.508679,0.70880154,0.355989092,-0.0035,-0.00615,0.0091,-0.0142,0.01115,-0.0186,4,1,0.39921,0.308222848,4,1,0.294342857,0.270346157,4,1.414213562,0.257278947,0.219013033,4,1,0.39928,0.483757406,4,1.414213562,0.604211111,0.692588466,5,1.414213562,0.282952941,0.319985478
"['44220.20603', '44222.89034']",0.208601516,0.177146698,0.177030149,0.250570275,0.434658451,0.237011984,0.009886667,-0.009143333,-0.007413333,0.006887778,0.022005556,-0.005618889,0.209534427,0.17790168,0.177865763,0.251878825,0.436533011,0.238272806,0.0068,-0.00105,-0.01185,-0.0038,0.01115,-0.0089,4,1,0.255138095,0.136965432,4,1,0.18291,0.111805385,4,0,0.164075,0.146914457,4,1,0.196847368,0.205452772,5,1.732050808,0.361494444,0.453167645,4,1,0.167371429,0.202443533
"['44221.11085', '44223.79517']",0.188789257,0.159647478,0.138683459,0.28387814,0.369875175,0.244802336,0.004645556,0.000124444,-0.007903333,0.055647778,-0.083791111,-0.009671111,0.189789423,0.160541819,0.139233758,0.279929989,0.362277479,0.24598161,0.0068,0.0127,-0.00165,0.04225,-0.0946,0.00375,4,1,0.200638095,0.154130978,4,1.414213562,0.16398,0.090372339,4,0,0.126328571,0.082962523,5,1.414213562,0.260523529,0.262844796,4,1,0.16317619,0.325494388,4,1,0.158405,0.211747408
"['44222.01567', '44224.69999']",0.178036583,0.147126861,0.137441798,0.331842842,0.377636993,0.230090955,0.013312222,-0.000332222,-0.004206667,-0.052658889,0.016054444,-0.005388889,0.178532812,0.14795073,0.138147034,0.329473604,0.379409296,0.231316523,0.0068,0.01095,-0.00015,-0.0476,-0.01015,0.0167,4,1,0.20545,0.146987405,4,1.414213562,0.149405263,0.094105765,4,1,0.124621053,0.09844472,5,1.414213562,0.156882353,0.322332849,4,2,0.292152632,0.352892442,4,1.414213562,0.16201,0.176630882
"['44222.92049', '44225.60479']",0.15952988,0.134974244,0.147085726,0.32860434,0.361840769,0.215273511,0.002944444,-0.001303333,0.002145556,0.020595556,-0.078245556,0.034223333,0.160396285,0.13572408,0.147894005,0.329795599,0.35525863,0.213726443,0.00165,-0.0063,0.01795,0.03415,-0.06315,0.04645,4,1,0.154790476,0.130392818,4,1,0.1324,0.101009109,4,1.414213562,0.150644444,0.076664749,5,1.732050808,0.209233333,0.318768492,4,2,0.197755556,0.306886839,4,1,0.200590476,0.14272457
"['44223.82532', '44226.50963']",0.159132043,0.113624953,0.13093101,0.288876301,0.327968714,0.192152798,0.006341111,0.002083333,-0.005525556,-0.011315556,-0.043306667,0.031627778,0.159896447,0.114242304,0.131547223,0.290271721,0.326918209,0.190593818,-0.0032,-0.0001,0.01095,0.01245,-0.02915,0.0533,4,1.414213562,0.178805263,0.114123585,4,1,0.11537619,0.099792249,5,1.414213562,0.131335294,0.073039099,5,1.414213562,0.153538889,0.267795431,5,2.645751311,0.20605625,0.275649379,4,1,0.198190476,0.12197894
"['44224.73014', '44227.41443']",0.221684371,0.159078326,0.148633998,0.331141272,0.427072902,0.230872051,0.019273333,0.016203333,-0.007342222,0.03668,-0.047011111,0.015918889,0.222082202,0.159137525,0.149284215,0.330947241,0.426855628,0.231612918,-0.0141,0.00265,-0.0014,0.04405,-0.03775,0.0458,4,1.414213562,0.236015,0.196366747,4,1,0.163228571,0.166883849,4,1,0.141047368,0.0866475,5,1.414213562,0.211923529,0.316360622,4,1.732050808,0.226605556,0.387982149,4,2,0.219326316,0.180841373
"['44225.63495', '44228.31926']",0.263399313,0.162907191,0.162832306,0.425113417,0.448921309,0.271275013,0.032194444,0.028152222,-0.010095556,0.013658889,-0.016408889,0.019173333,0.262888972,0.161355162,0.163429522,0.427274307,0.451134625,0.272112552,-0.01545,0.0242,-0.01505,0.04245,-0.0527,0.02695,4,1.414213562,0.296827778,0.225742669,4,1.414213562,0.181005,0.160716588,4,1,0.140485,0.106202281,5,1.732050808,0.26980625,0.367572513,4,1.414213562,0.261573684,0.404207271,5,2,0.250094118,0.24318721
"['44226.53978', '44229.22407']",0.278914883,0.181703981,0.172315384,0.623497106,0.772464179,0.348328183,0.071275556,0.023323333,-0.005088889,0.106102222,0.028146667,0.081573333,0.27116473,0.181210421,0.173205163,0.617844989,0.776275902,0.340539036,0.07215,0.0369,-0.01505,0.0776,0.0216,0.0685,4,1,0.31343,0.221724597,4,1.414213562,0.212833333,0.157025064,4,1,0.16356,0.110887166,5,2.449489743,0.51725,0.647116137,4,2,0.242433333,0.897131857,5,2,0.342905882,0.310952763
"['44227.44459', '44230.12889']",0.2322611,0.173500084,0.162192044,0.595298621,0.871891311,0.54899196,0.027436667,-0.014701111,-0.004318889,0.118814444,0.212466667,0.215822222,0.231926963,0.173844632,0.163042855,0.586589091,0.85034503,0.507617974,-0.0042,-0.01785,-0.00745,0.0841,0.23195,0.1433,4,1.414213562,0.220910526,0.222403067,5,1.732050808,0.113927778,0.15466651,4,1.414213562,0.149955556,0.105868938,5,2.645751311,0.47554375,0.655085507,5,2.828427125,0.4452375,1.035135188,5,3.16227766,0.476466667,0.456111233
"['44228.34941', '44231.03368']",0.219488782,0.192578832,0.180609214,0.613726027,0.917431006,0.764939692,0.000398889,-0.030861111,-0.00963,0.020121111,0.146696667,0.26698,0.220718056,0.191154913,0.181362682,0.616832521,0.91070029,0.720852313,-0.0236,-0.04255,-0.0171,-0.03305,0.1139,0.3325,4,1.732050808,0.168175,0.221032874,4,1.732050808,0.117161111,0.190366903,5,1.732050808,0.168382353,0.184267609,4,2.236067977,0.368005263,0.66393361,5,2.828427125,0.406107143,1.156474233,6,3.605551275,0.735615385,0.509857132
"['44229.25422', '44231.93851']",0.201865163,0.184392655,0.201477259,0.526568301,0.805419108,0.807326425,-0.044165556,-0.046571111,-0.017184444,-0.102348889,0.093348889,0.201191111,0.198077992,0.179414167,0.201867691,0.519419504,0.804472981,0.786235722,-0.0594,-0.05765,-0.02755,-0.1322,0.10225,0.31455,4,1.732050808,0.11825,0.214345504,4,1.414213562,0.083431818,0.173430701,4,1.732050808,0.183336842,0.241412545,4,1.414213562,0.201925,0.579448787,4,1,0.276066667,0.902366383,6,3.16227766,0.739753846,0.755992439
"['45890.31705', '45893.001']",0.284940089,0.310899182,0.254589626,1.418117352,0.411457066,0.642064226,-0.055741111,0.077917778,0.003626667,-0.225235556,-0.032332222,0.049942222,0.281000229,0.302663103,0.255989933,1.407960191,0.41248274,0.643705059,-0.0674,0.05535,0.0257,-0.08035,-0.0591,-0.17295,4,1,0.24945,0.291205029,4,0,0.31047619,0.299820004,4,1,0.2359,0.189474463,4,1.732050808,0.666052632,0.632173654,4,1.414213562,0.172938889,0.508846274,4,1,0.327909524,0.736758328
"['45891.22175', '45893.9057']",0.261352359,0.221367585,0.209423768,0.873809438,0.309844914,0.438687873,-0.051967778,0.005203333,0.009138889,0.174173333,0.072261111,-0.040186667,0.257568503,0.222546245,0.210396405,0.861071925,0.302988823,0.439290635,-0.04685,0.0082,0.02605,0.16415,0.06365,-0.19365,4,1,0.257921053,0.244862918,4,0,0.193614286,0.18702417,4,1,0.206071429,0.176484654,4,1.414213562,0.853055556,0.804872801,4,1,0.266494737,0.326818226,4,1,0.120705,0.392818331
"['45892.12646', '45894.81041']",0.28394229,0.231587016,0.22553024,0.882736118,0.31325466,0.493907128,-0.035335556,-0.001933333,0.011894444,-0.066703333,0.016597778,-0.055662222,0.283313382,0.232876317,0.226478091,0.885143515,0.314567111,0.493509983,-0.0284,0.00065,0.02605,-0.12495,-0.0316,-0.22105,4,1,0.310431579,0.215040508,4,1,0.211215,0.210055943,4,1.414213562,0.227457143,0.180472127,4,1,0.528984211,0.898086554,4,1,0.199436364,0.345094338,4,1,0.145619048,0.436946849
"['45893.03115', '45895.71511']",0.266714874,0.275229395,0.210702872,0.895292703,0.301780955,0.552646833,-0.044704444,0.004303333,-0.016212222,0.181093333,0.099861111,0.092893333,0.264414773,0.276737476,0.211255152,0.881698314,0.286375163,0.547835799,-0.0363,0.01545,0.0004,0.22045,0.1188,0.0317,4,1,0.263685,0.155593232,4,1,0.273195238,0.188294284,4,1.414213562,0.19231,0.108147399,4,1,0.869105263,0.918825354,4,1,0.281190476,0.314031737,4,1,0.327595,0.531781896
"['45893.93585', '45896.6198']",0.344487491,0.267324385,0.215963067,0.822242454,0.226649743,0.47118929,-0.048488889,0.008407778,-0.014791111,-0.112835556,-0.001186667,-0.05426,0.342968556,0.268689019,0.216663002,0.819026355,0.227916376,0.470676873,-0.04675,0.01485,-0.0013,-0.08855,-0.01845,-0.10015,4,1,0.334385,0.197084605,4,1,0.29491,0.182481679,4,1,0.190257143,0.128881576,4,1.414213562,0.627842105,0.663496504,4,1,0.155747368,0.202335001,3,1,0.194185714,0.490396978
"['45894.84056', '45897.5245']",0.35944952,0.281023479,0.269555259,0.82644346,0.229930815,0.484667424,-0.042995556,0.006424444,-0.059042222,0.015542222,0.004394444,0.077105556,0.35886808,0.282523998,0.264483062,0.830926456,0.231176721,0.481175434,-0.04275,0.0065,-0.07955,-0.0069,0.02535,0.03955,4,1,0.349490476,0.228309715,4,1,0.324225,0.16485813,4,1,0.219080952,0.195299474,4,1.414213562,0.82602,0.539474539,4,1.414213562,0.196988889,0.166284211,4,1.414213562,0.32572381,0.504519363
"['45895.74526', '45898.42919']",0.383940209,0.280900661,0.302072545,0.80077922,0.255832564,0.481466162,-0.039082222,0.027393333,-0.051366667,-0.038628889,-0.046654444,0.055844444,0.384085661,0.281127961,0.299340772,0.804327936,0.252951781,0.48089565,-0.04365,0.0065,-0.07955,-0.09005,-0.04965,0.03425,4,1,0.403677273,0.205066844,4,1,0.365515,0.17570924,4,1,0.280854545,0.223644185,4,1.414213562,0.73906,0.536790383,5,2,0.179716667,0.197764709,4,1,0.279504762,0.5006059
"['45896.64995', '45899.33386']",0.452806691,0.392155942,0.384424605,1.067618782,0.300485967,0.603980967,-0.006201111,0.0707,-0.025968889,0.055611111,-0.009462222,0.027863333,0.455300741,0.387891178,0.385695205,1.072142422,0.302019521,0.606717989,-0.00695,0.04785,-0.0877,-0.06735,-0.0283,0.0462,4,1,0.441295455,0.305185328,4,1,0.510419048,0.304249491,4,1,0.327163636,0.269802165,4,1,1.16756,0.950421591,4,1.732050808,0.262942105,0.285631636,4,1,0.396371429,0.616005306
"['45897.55465', '45900.23855']",0.494446179,0.490004766,0.412590919,1.111524633,0.358163597,0.68153269,-0.018232222,0.093683333,0.002168889,0.104283333,0.068861111,-0.049832222,0.496878062,0.48366031,0.414896638,1.112821496,0.353450692,0.683516355,-0.0051,0.0632,0.02215,-0.0268,0.0823,-0.0879,4,1,0.472195238,0.282543636,4,0,0.629390909,0.400920472,4,1,0.437454545,0.338979579,4,1.414213562,1.151721053,1.073567651,4,2,0.412105,0.297151954,4,1,0.373095238,0.68330855
"['45898.45934', '45901.14327']",0.63073034,0.509422736,0.446865037,1.143926974,0.399692483,0.69920099,-0.020683333,0.107326667,0.001535556,0.036636667,0.095502222,-0.137518889,0.633922748,0.500778338,0.449365849,1.149745458,0.39028953,0.689384615,0.0036,0.10505,-0.0151,-0.0588,0.07245,-0.1247,4,1,0.563019048,0.302362576,3,0,0.642772727,0.396064277,4,1,0.493731818,0.323378163,4,1.414213562,1.294036842,0.951822767,4,1.414213562,0.467695238,0.392402656,4,1,0.433757143,0.679336212
"['45899.36405', '45902.04795']",0.566609756,0.443716864,0.391084746,0.818124429,0.35993046,0.633290535,-0.028757778,0.057168889,-0.007303333,0.055915556,0.070158889,-0.036263333,0.569049716,0.442483715,0.393207133,0.820784038,0.355004193,0.635793484,0.0155,0.05245,-0.01055,0.04175,0.05435,-0.08325,4,1,0.49765,0.240541727,3,0,0.496369565,0.289052464,3,1,0.418921739,0.261697276,4,1,0.848504762,0.589322844,4,1.414213562,0.40282,0.376845012,4,1.414213562,0.365005,0.608468564
"['45900.26873', '45902.95264']",0.51735716,0.355385572,0.338745104,0.713432283,0.317645761,0.563272318,-0.003486667,0.017231111,-0.012054444,0.027153333,-0.006552222,0.016892222,0.520243727,0.356956225,0.340427098,0.71690932,0.31935734,0.566173159,0.0155,0.0207,-0.00375,0.0497,-0.03125,-0.011,4,1,0.493094444,0.254869504,4,0,0.401161905,0.214344528,4,1,0.341109091,0.225569943,4,1,0.748085714,0.524157898,4,1.414213562,0.274357895,0.397399297,4,1.414213562,0.373485,0.533162674
"['45901.17345', '45903.85734']",0.360119901,0.32267604,0.327051788,0.674353604,0.255097948,0.550361184,-0.001146667,-0.004421111,-0.016261111,0.038843333,-0.002076667,0.072213333,0.362135559,0.324453305,0.328477255,0.677005619,0.256518579,0.548659654,-0.0037,5.00E-05,-0.01225,0.0263,-0.0094,-0.01905,4,1.414213562,0.420405,0.217871484,4,1,0.334236364,0.194275081,3,1,0.289343478,0.228272847,4,0,0.655127273,0.54198713,4,1.414213562,0.208889474,0.240278815,4,1,0.395933333,0.606393271
"['45902.07813', '45904.76205']",0.40111853,0.379950252,0.385150279,0.717337409,0.294637201,0.592677234,-0.00175,-0.018256667,-0.0028,0.042318889,-0.008968889,0.060553333,0.403361872,0.381637512,0.387297765,0.720099761,0.296150537,0.592878748,-0.0427,0.01715,-0.01475,-0.0642,-0.00865,-0.0012,4,1.414213562,0.456615,0.238629425,4,1,0.317245455,0.170019446,3,0,0.368830435,0.371332521,4,1,0.758833333,0.612596926,4,1,0.205218182,0.260010312,3,0,0.405491304,0.629787896
"['45902.98283', '45905.66675']",0.500458348,0.365146217,0.490321303,0.858714884,0.350686284,0.603158048,-0.02093,-0.040181111,0.016627778,-0.030586667,-0.003565556,0.081958889,0.50282175,0.364961926,0.492784621,0.862977688,0.352632701,0.600911419,-0.05635,-0.01535,-0.0059,-0.1142,0.0165,-0.05285,3,1,0.523952174,0.313726086,4,1.414213562,0.329375,0.167595311,4,1,0.56258,0.413214444,3,0,0.920918182,0.499381211,4,1,0.292722727,0.275720238,3,1,0.570191304,0.548857862
"['45903.88749', '45906.57145']",0.463686391,0.328926118,0.45414327,0.768046102,0.344874312,0.551646185,-0.017712222,-0.046808889,0.024398889,-0.049328889,-0.053805556,0.105884444,0.465943783,0.327402421,0.456027946,0.770754284,0.342559644,0.544421967,-0.03775,-0.0053,0.0736,-0.091,-0.0517,-0.01435,4,1,0.48445,0.316651496,4,1.414213562,0.248542857,0.16333539,4,1,0.51884,0.416266966,4,0,0.722468182,0.536226371,3,0,0.201891667,0.29276312,4,1.732050808,0.493677273,0.570773337
"['45904.7922', '45907.47616']",0.392533883,0.21060049,0.409537307,0.726977587,0.326614881,0.481678762,-0.012876667,-0.014312222,0.027526667,-0.036,-0.075775556,0.085467778,0.394520527,0.211290721,0.410900326,0.730153416,0.319483099,0.476691217,-0.00605,0.01585,0.0736,-0.0201,-0.08145,-0.0377,4,1,0.378445455,0.274889596,4,1.414213562,0.19215,0.127751868,4,1,0.41302381,0.333754549,3,0,0.704786364,0.423496009,3,0,0.17015,0.272579664,4,1.732050808,0.423690476,0.564081838
"['45905.6969', '45908.38085']",0.40107139,0.282523256,0.358672678,0.705955309,0.28182199,0.457362138,0.000484444,0.018278889,0.057957778,-0.043166667,-0.021312222,0.015987778,0.403318012,0.283510785,0.355941997,0.708581891,0.282589314,0.459643322,0.02815,0.03185,0.073,-0.0239,-0.04235,-0.0377,4,1,0.35682,0.237572029,3,0,0.270391304,0.307141427,3,0,0.338963636,0.321143329,4,1,0.712957143,0.524634932,3,0,0.176216667,0.252187937,4,2,0.278055,0.484258133
"['45906.6016', '45909.28555']",0.401298732,0.295718912,0.416721593,0.796220062,0.278108842,0.422416752,0.014431111,0.003853333,0.103936667,-0.155974444,0.018621111,-0.066562222,0.403285905,0.297350367,0.405812612,0.785167644,0.279039291,0.419476459,0.03665,0.00225,0.09355,-0.119,-0.01075,-0.11155,4,1,0.373842105,0.235468548,3,1,0.285808696,0.29884194,4,0,0.418595455,0.353981515,4,1,0.624295238,0.676804928,4,1,0.244781818,0.235890258,4,1.414213562,0.21357619,0.43197218
"['45907.50631', '45910.19026']",0.463456902,0.369641482,0.492261971,0.961050523,0.337545232,0.404766128,0.014177778,0.015654444,0.082294444,-0.161094444,0.063847778,-0.059366667,0.465835195,0.371378827,0.488053374,0.952760636,0.33330861,0.402631924,0.0246,0.001,0.11275,-0.14895,0.02375,-0.06975,5,1,0.465188889,0.289016445,4,1,0.386031818,0.354223423,4,0,0.505828571,0.3967032,4,1,0.703561905,0.91741787,4,1.414213562,0.343852632,0.222375157,4,1.414213562,0.293205263,0.365238414
"['45908.411', '45911.09495']",0.366772605,0.333618876,0.449989913,0.931671489,0.350516184,0.312173476,0.031914444,-0.009987778,0.019753333,-0.109467778,0.016693333,-0.028217778,0.367428432,0.335337527,0.452074686,0.930401455,0.352079911,0.312637264,0.03215,0.01215,0.0755,-0.15075,-0.02265,-0.07175,4,1,0.392531579,0.302155604,3,1,0.317765217,0.239329455,4,1,0.405919048,0.334153775,3,1,0.689413636,0.853830581,4,1.414213562,0.381578947,0.235435593,4,1.414213562,0.267668421,0.300116437
"['45909.3157', '45911.99964']",0.38939622,0.336271619,0.38158595,0.861518971,0.351356309,0.302082213,0.058594444,-0.00644,-0.005911111,0.041326667,-0.017926667,0.030573333,0.387119144,0.33809349,0.38367766,0.865348108,0.352864524,0.302214749,0.10965,0.0237,0.0626,-0.0202,-0.02845,0.01535,4,1,0.47111,0.275964403,4,1,0.337966667,0.246566864,3,0,0.342517391,0.307576012,3,0,0.809656522,0.693317277,4,1.414213562,0.3314,0.247653835,4,1,0.313252632,0.271962907
"['45910.22041', '45912.90434']",0.365105853,0.312383671,0.257355479,0.665179243,0.28829215,0.329255979,0.099587778,-0.10033,0.028943333,-0.043645556,-0.009728889,0.029293333,0.353229248,0.297490825,0.257155384,0.667464296,0.28974212,0.329787572,0.11705,-0.06175,0.0626,0.0104,-0.0127,-0.0192,4,0,0.483313636,0.240604452,4,1.414213562,0.231815,0.144086715,3,1,0.282752174,0.160447711,3,1,0.514463636,0.490213469,4,1,0.250828571,0.22514441,4,1.414213562,0.318742105,0.296816835
"['45911.1251', '45913.80903']",0.359619863,0.301188423,0.254441628,0.700303607,0.299668539,0.319772227,0.104146667,-0.096125556,-0.012086667,-0.262461111,-0.111905556,0.017484444,0.346137476,0.28703621,0.255578237,0.652897928,0.27954727,0.321082639,0.1107,-0.08195,0.02495,-0.06485,-0.08595,-0.00205,4,1,0.501890476,0.193072867,4,1,0.217414286,0.155646443,4,1,0.2142,0.15974908,4,1,0.337675,0.24940065,4,1.732050808,0.120483333,0.17634935,4,1.414213562,0.286955,0.271773399
"['45912.0298', '45914.71372']",0.341522131,0.323592973,0.291014691,0.808773998,0.445350023,0.337340584,0.111374444,-0.140751111,-0.092824444,-0.43667,-0.250576667,0.011422222,0.324660218,0.293011069,0.277358843,0.684574191,0.370230993,0.339035947,0.0837,-0.17635,-0.0897,-0.36775,-0.2287,0.00865,4,1,0.48731,0.203051969,4,1.414213562,0.184145,0.177144385,4,1,0.160863158,0.180317994,4,1,0.184352632,0.375244226,5,1.414213562,0.007582353,0.287255649,4,1.414213562,0.316236842,0.297594854
"['45912.93449', '45915.61843']",0.264895601,0.294602039,0.321608335,0.876037377,0.580660165,0.267972952,0.093041111,-0.115497778,-0.208496667,-0.588445556,-0.495162222,0.047642222,0.249407675,0.272536076,0.246241306,0.652614434,0.304982115,0.265181196,0.08205,-0.14865,-0.18555,-0.49905,-0.4814,0.04015,4,1.414213562,0.37919,0.181658485,4,1,0.16499,0.18464153,4,1,0.030857895,0.136144614,4,0,0.041047368,0.400139087,5,2,-0.2237,0.229672727,4,1,0.296115,0.223448855
"['45913.83918', '45916.52313']",0.223712572,0.270949305,0.335544657,0.830907769,0.630801824,0.288020961,0.092682222,-0.131747778,-0.228361111,-0.606283333,-0.574684444,0.014832222,0.204751393,0.238087992,0.24722568,0.571362866,0.261550814,0.289250234,0.0857,-0.13455,-0.20755,-0.5974,-0.5623,0.01215,4,1,0.33802,0.144338577,4,1,0.119733333,0.18133524,4,1.414213562,-0.002805,0.158953338,4,1,-0.171305263,0.483388881,5,1.732050808,-0.321064706,0.190021456,5,1.732050808,0.3256125,0.244402861
"['45914.74387', '45917.42782']",0.37051722,0.302144798,0.371164116,0.789325444,0.698636691,0.386682468,0.06868,-0.104456667,-0.238348889,-0.519048889,-0.649352222,0.112464444,0.366136006,0.285102495,0.286115689,0.597993476,0.259193707,0.372038979,0.0876,-0.08595,-0.2338,-0.50525,-0.62335,0.1025,4,0,0.434780952,0.258156835,4,1,0.1907,0.208232645,4,1,0.03459,0.260465506,4,1,0.012584211,0.576040185,4,2,-0.439411765,0.179430791,5,2,0.4587875,0.295745262
"['45915.64859', '45918.33252']",0.415202318,0.32474863,0.389485695,0.689092747,0.598479854,0.413611621,0.041412222,-0.066843333,-0.204417778,-0.25204,-0.458248889,0.027838889,0.415446415,0.319575346,0.333387838,0.644938972,0.387106063,0.414985599,0.0876,-0.0687,-0.21425,-0.2963,-0.48545,0.077,4,1,0.444177273,0.260682209,3,0,0.244416667,0.250451505,4,1,0.131957143,0.294111227,4,1,0.28383,0.626109171,4,1.414213562,-0.259990476,0.337600197,4,1.732050808,0.368864706,0.353113358
"['45916.55328', '45919.23722']",0.420314946,0.306465316,0.373089726,0.562256312,0.503548407,0.491779593,0.006174444,-0.035011111,-0.117465556,0.039668889,-0.265487778,0.099958889,0.422624062,0.306164549,0.356099356,0.563997256,0.430272339,0.48421122,0.0003,-0.0321,-0.1452,0.0507,-0.19905,0.11,4,1,0.452966667,0.274779274,3,0,0.27966087,0.216121316,4,1,0.22385,0.315265081,4,1,0.580285,0.373722656,4,1.414213562,-0.071390476,0.38163785,4,1.732050808,0.350626316,0.472140819
"['45917.45798', '45920.14194']",0.330184293,0.294533158,0.380868564,0.658855034,0.26881114,0.491508793,-0.019426667,-0.014641111,-0.025318889,0.143644444,-0.033958889,0.013055556,0.331458887,0.29581705,0.382155088,0.646607923,0.268151392,0.49408797,-0.0101,-0.0213,-0.05825,0.1566,-0.02275,-0.0313,4,1,0.329209524,0.188906908,3,1,0.271027273,0.230927192,4,1,0.34512381,0.400366022,4,1,0.69964,0.568486786,4,1.414213562,0.141647619,0.261463792,4,1.414213562,0.24733,0.486206075
"['45918.36267', '45921.04664']",0.31704591,0.278276891,0.363303767,0.705787105,0.265209524,0.498117679,-0.017384444,-0.015731111,0.03098,0.055928889,0.007131111,-0.017201111,0.318342444,0.279388386,0.364008396,0.707509207,0.266598876,0.500609527,0.00535,-0.0213,0.06785,0.0752,0.01235,-0.0578,4,1.414213562,0.327889474,0.24184911,3,1,0.273421739,0.213952518,4,1.414213562,0.357185714,0.381809691,4,1.414213562,0.710647368,0.60303605,4,1.414213562,0.202455,0.261017966,4,1,0.232109091,0.469557926
"['45919.26737', '45921.95133']",0.305838417,0.299609602,0.333027382,0.717838888,0.283552378,0.434263123,-0.023917778,0.000705556,0.043082222,0.111204444,0.052393333,-0.012264444,0.306609897,0.301287265,0.332078987,0.713145916,0.280231045,0.436521798,0.0028,0.00315,0.0551,0.15425,0.09075,0.023,4,1,0.283786364,0.232360931,3,0,0.304558333,0.209965666,4,1.414213562,0.366085,0.349095864,4,1.414213562,0.786863158,0.575311489,4,1,0.240278947,0.290251941,4,1.732050808,0.25844,0.403018681
"['45920.17209', '45922.85603']",0.252397833,0.267839751,0.261509966,0.691295081,0.269875336,0.472268808,-0.013921111,0.016357778,0.037677778,0.080146667,0.094992222,-0.038914444,0.253425481,0.268837489,0.260231234,0.690480097,0.254019943,0.47329961,-0.0008,0.02665,0.05065,0.1724,0.11315,-0.0565,4,1,0.242695,0.230665626,4,1.414213562,0.299028571,0.206519723,4,1.414213562,0.27907619,0.221050983,4,1,0.595331579,0.659830785,5,1,0.286444444,0.266325279,4,2.449489743,0.165147368,0.496932604
"['45921.07679', '45923.76072']",0.221162283,0.28311168,0.203915064,0.652483303,0.262768402,0.464846101,-0.021723333,0.053973333,0.044317778,0.111174444,0.099492222,-0.037118889,0.221325849,0.27947622,0.200156004,0.646544169,0.244567212,0.465957607,-0.0073,0.04945,0.02725,0.17765,0.1129,-0.07405,4,1,0.209468182,0.181472226,4,1.732050808,0.312721053,0.192414889,4,0,0.258959091,0.199107281,4,1,0.449961905,0.653545987,5,1.732050808,0.321223529,0.214305624,5,2.236067977,0.126772222,0.496396703
"['45921.98148', '45924.66542']",0.250295767,0.274113817,0.216053317,0.670186711,0.258914719,0.508677313,-0.003387778,0.040343333,0.030068889,0.034735556,0.080534444,-0.086347778,0.251674938,0.272647692,0.215149303,0.67303547,0.24744976,0.504103391,-0.00345,0.0514,0.02035,0.10135,0.0856,-0.1306,4,1,0.251195455,0.187802519,5,1.732050808,0.310611111,0.206231494,4,1,0.256761905,0.203567231,4,1.732050808,0.458661905,0.668940552,5,1.732050808,0.328588235,0.195427067,4,2,0.178668421,0.536888628
"['45922.88618', '45925.57011']",0.443557496,0.422648648,0.266097857,0.734831659,0.306772591,0.486792517,-0.005453333,0.043784444,0.016734444,0.008078889,0.044548889,-0.044007778,0.44600872,0.422729656,0.267058941,0.738903734,0.305221115,0.48751519,-0.00035,0.03225,0.0428,0.01745,0.0621,-0.107,4,1.414213562,0.410445455,0.365657389,4,2,0.463845,0.411850041,4,1,0.277326316,0.211733921,4,1.732050808,0.680852381,0.565961384,5,1.414213562,0.351029412,0.184539514,4,1.414213562,0.3179,0.453316279
"['45923.79087', '45926.47482']",0.436500495,0.388537202,0.265034929,0.712223635,0.310914028,0.492566434,-0.0036,0.009543333,-0.00776,0.009307778,0.001643333,0.062582222,0.438930966,0.390596021,0.266405466,0.716152552,0.31265149,0.491311752,0.01125,0.00165,0.0149,0.0101,0.0265,-0.052,4,1,0.411742857,0.355454981,4,1.732050808,0.34601,0.436411071,4,1,0.253,0.224803546,4,1.732050808,0.69273,0.532499573,4,1,0.248868421,0.244928087,4,0,0.376080952,0.440397595
"['45924.69557', '45927.37949']",0.421043856,0.392246899,0.253697922,0.680164214,0.311067947,0.453472008,-0.01044,-0.000264444,-0.011351111,-0.018002222,-0.009012222,-0.000594444,0.423272486,0.394444288,0.25486372,0.683735074,0.312679329,0.456012096,-0.00605,-0.00845,0.00875,-0.0042,0.00375,-0.10175,4,1,0.3791,0.367332299,4,1,0.332945,0.446563904,4,1.414213562,0.240225,0.195456149,4,1.414213562,0.662216667,0.513210072,4,1,0.23811,0.238323681,4,1,0.275905263,0.445180015
"['45925.60026', '45928.28418']",0.245016238,0.218531363,0.305844749,0.490146947,0.27023311,0.490893641,-0.00701,-0.009243333,-0.041265556,-0.030028889,-0.009363333,-0.04967,0.246288027,0.21955897,0.304745885,0.491967006,0.271583859,0.491110313,-0.0195,-0.0044,-0.02435,-0.0186,-0.03005,-0.16875,4,0,0.26517619,0.150005263,4,1.414213562,0.20721,0.156595472,4,1,0.222185714,0.156018574,4,1.414213562,0.512089474,0.368728107,4,1,0.204190909,0.2391166,4,1,0.194595455,0.514416924
"['45926.50497', '45929.18887']",0.328519165,0.238052064,0.345857385,0.602177014,0.301051698,0.516908121,-0.017987778,0.005536667,-0.01716,0.040225556,0.045511111,-0.051224444,0.32986404,0.239320943,0.347366624,0.604198006,0.299258967,0.517245357,-0.03345,0.0039,-0.0136,0.05435,0.0431,-0.05625,4,1,0.329645455,0.219715911,4,1.414213562,0.2623,0.149727995,4,1.414213562,0.306547368,0.213732703,4,1,0.67872381,0.434985967,4,1,0.279152381,0.239837678,4,1.414213562,0.203365,0.517532486
"['45927.40967', '45930.09358']",0.41430278,0.278530336,0.387947555,0.76047608,0.340511181,0.540639236,-0.011854444,0.021632222,-0.041836667,0.017133333,-0.004096667,0.023594444,0.416453242,0.279244719,0.387845821,0.764542373,0.342394039,0.543150069,-0.0083,0.03775,-0.0416,0.02705,0.0181,0.09475,3,0,0.424233333,0.266439068,3,0,0.303325,0.173897079,4,1.414213562,0.354642105,0.26520824,4,1,0.811861905,0.482772491,4,1,0.265542857,0.275068518,4,1,0.345140909,0.50394683
"['45928.31436', '45930.99827']",0.433806525,0.285326509,0.336764933,0.816739288,0.334053554,0.481415944,-0.023097778,0.024443333,-0.019752222,0.040794444,0.00317,0.046401111,0.435618035,0.28587018,0.338068577,0.820289747,0.335909892,0.481859021,-0.04365,0.03775,-0.0416,0.11835,0.00935,0.06425,3,0,0.449408333,0.270313692,3,0,0.3075375,0.167334946,4,1,0.366742857,0.252233219,4,0,0.894222727,0.502140917,4,1,0.280395238,0.265337974,4,1,0.403219048,0.383152269
"['45929.21902', '45931.90297']",0.469804372,0.295031885,0.366972687,0.838590949,0.362640128,0.501548306,-0.022994444,0.010066667,-0.042818889,-0.032913333,-0.004832222,-0.001656667,0.47187013,0.296511985,0.366507885,0.842639208,0.364639364,0.504355371,-0.0629,0.01515,-0.0447,0.01795,-0.0381,-0.0372,3,0,0.5400375,0.30137979,3,0,0.297686957,0.177157355,4,1,0.38558,0.231733771,4,1,0.846938095,0.514590295,4,1,0.376185714,0.364760324,3,0,0.384152174,0.468677772
"['45930.12373', '45932.80767']",0.488703308,0.362278597,0.416628205,0.898935688,0.368055818,0.508749871,-0.027044444,-0.000421111,-0.01218,-0.048528889,0.032332222,-0.048882222,0.490688085,0.364307939,0.4187832,0.90265357,0.368686922,0.509233025,-0.0436,-0.01035,0.0338,0.01795,0.0078,-0.05605,3,0,0.530641667,0.289637772,3,0,0.370882609,0.284524595,4,0,0.455,0.198004386,3,1,0.795152174,0.639829504,4,1.414213562,0.399705263,0.381603931,3,1,0.350563636,0.460381044
"['45931.02843', '45933.71237']",0.545473811,0.375900223,0.458333204,0.993876381,0.369846574,0.5210072,-0.018126667,-0.011307778,-0.036227778,-0.108027778,0.019982222,-0.070155556,0.548226756,0.377835052,0.459458874,0.993522976,0.371375335,0.519154489,-0.008,-0.02865,0.0358,-0.09135,0.01945,-0.0885,3,0,0.5642625,0.414098319,3,1,0.390686364,0.306028784,4,0,0.39991,0.251747373,3,0,0.923182609,0.719369738,5,1.414213562,0.422905882,0.391231639,4,1,0.367727273,0.507379375
"['45931.93312', '45934.61706']",0.671754604,0.534151412,0.576512555,1.210626985,0.42462227,0.641419496,0.012005556,-0.067515556,-0.011455556,-0.07843,-0.008528889,-0.058505556,0.675410074,0.532835791,0.57962788,1.214851814,0.426914981,0.642324136,0.03325,-0.0487,0.023,-0.0118,0.0414,-0.07985,3,1,0.647259091,0.571154144,4,1,0.451319048,0.378209438,3,0,0.45723913,0.490123391,4,1,1.065722727,0.765994159,5,1.414213562,0.380983333,0.331114344,4,1,0.540431579,0.632135648
"['45932.83782', '45935.52176']",0.630376161,0.479381485,0.535838207,1.102763929,0.406361216,0.651081609,0.009465556,-0.068556667,-0.010318889,-0.00107,-0.010615556,0.029862222,0.63383624,0.477112019,0.538740202,1.108941404,0.408498309,0.654040131,0.0058,-0.02635,0.02855,0.0247,0.0501,-0.04415,4,1,0.640642857,0.582800605,4,1.414213562,0.378605,0.305442279,3,0,0.405325,0.498886144,4,1,1.100442857,0.723885741,4,1.414213562,0.400657895,0.266205439,4,1.414213562,0.609468421,0.697152984
"['45933.74253', '45936.42646']",0.560499123,0.456822955,0.492215063,0.961612526,0.387828741,0.603870988,0.011808889,-0.053908889,0.010461111,0.061784444,0.017571111,0.013242222,0.56351409,0.456172325,0.494860791,0.965001717,0.38960099,0.607108021,0.0052,0.0059,-0.0044,0.1212,0.0474,-0.03575,4,1,0.545009524,0.512850766,4,1.414213562,0.347989474,0.296080756,3,1,0.383054167,0.501826986,4,1,0.925536842,0.704976197,4,1,0.376495238,0.258439276,4,1,0.49518,0.665621061
"['45934.64721', '45937.33117']",0.281503909,0.235650507,0.308535509,0.576967872,0.247441191,0.38017844,-0.002312222,-0.001118889,-0.039463333,0.015413333,0.032195556,0.028873333,0.283071425,0.236968017,0.307715623,0.579993141,0.246712156,0.381204152,0.00615,-0.0192,-0.0004,0.017,0.05095,0.01885,4,1,0.288405,0.185988099,4,1.414213562,0.297705263,0.1354896,4,1,0.210071429,0.16570746,4,1.414213562,0.535438889,0.446161362,4,1,0.245352632,0.166304929,4,1.414213562,0.252116667,0.304953744
"['45935.55191', '45938.23586']",0.260090677,0.231127317,0.263398271,0.554795455,0.2037419,0.251660182,0.02516,-0.046752222,-0.029285556,0.039301111,0.048798889,-0.016663333,0.260321153,0.227617508,0.263231655,0.556501994,0.198919799,0.252514684,0.0321,-0.0489,0.00715,0.08705,0.0424,0.0253,4,1,0.296647619,0.173682727,4,1.732050808,0.194075,0.162337899,4,1,0.217919048,0.126350004,4,1.732050808,0.543852632,0.460227342,4,1,0.197836842,0.129665344,4,1.414213562,0.195626316,0.227607601
"['45936.45662', '45939.14057']",0.410714947,0.257866648,0.254589887,0.543091126,0.227990895,0.242135843,0.056106667,-0.095395556,-0.007876667,0.061882222,0.034152222,0.047773333,0.40914398,0.240914472,0.255893613,0.542576775,0.2266813,0.238706081,0.0436,-0.08635,0.02375,0.06155,0.03165,0.0449,4,1,0.443952381,0.383590074,4,1,0.15413,0.148927174,4,0,0.243357143,0.172665904,4,1.732050808,0.544336842,0.466116092,4,1,0.2052,0.242089075,5,1.414213562,0.294688889,0.217540495
"['45937.36132', '45940.04527']",0.432192858,0.313470725,0.231287528,0.555693509,0.234772186,0.263342746,0.079695556,-0.124395556,0.070411111,0.151654444,0.028476667,0.061214444,0.427161203,0.289343847,0.221543554,0.537594083,0.234344299,0.257564161,0.06235,-0.1197,0.0624,0.11415,0.03165,0.05295,4,1,0.492461905,0.386764315,4,1.732050808,0.155273684,0.223988414,4,0,0.315390476,0.215058199,4,1.414213562,0.634642105,0.441180685,4,1,0.224247619,0.231516936,4,1,0.32838,0.227441223
"['45938.26601', '45940.94997']",0.417691586,0.300860598,0.241566641,0.465179594,0.555005802,0.298038207,0.10315,-0.124778889,0.053818889,0.043728889,-0.025405556,0.090346667,0.407022215,0.275298807,0.236814468,0.465714209,0.557530065,0.28560566,0.1004,-0.1292,0.0789,-0.008,0.03215,0.10725,4,1,0.45267,0.413877578,4,1.732050808,0.160377778,0.215382971,4,0,0.279077273,0.223646077,4,1.414213562,0.467184211,0.405987879,4,1.414213562,0.308941176,0.29212173,4,1.414213562,0.343157895,0.269772693
"['45939.17072', '45941.85467']",0.289980666,0.339787144,0.317062735,1.37759864,1.265062092,0.835040998,0.112055556,-0.042408889,0.025933333,0.305004444,-0.387056667,-0.3161,0.268953663,0.339018926,0.317770704,1.350936118,1.211143164,0.777229908,0.12755,-0.05085,0.0916,0.0182,0.0415,-0.0738,4,1,0.311825,0.273476894,4,1.732050808,0.240541176,0.291240798,4,1,0.246015,0.199848198,4,1.732050808,0.963627778,2.058306008,6,3.464101615,0.1557,0.984477106,5,2.645751311,0.13630625,0.533131995
"['47616.01138', '47618.71028']",0.274007128,0.199411286,0.301138376,0.895248529,0.420985574,0.584763404,-0.055761111,0.027297778,-0.047212222,0.07437,0.036581111,0.12344,0.269776321,0.19864067,0.299080604,0.897152254,0.421742784,0.574788407,-0.0495,0.02285,-0.0263,-0.043,0.0514,0.0574,4,1.732050808,0.128742857,0.265452522,4,1,0.195375,0.202110868,4,2,0.128410526,0.238295985,6,3.464101615,0.463006667,1.04435976,6,2.828427125,0.264015385,0.368464561,5,3.16227766,0.304314286,0.650779997
"['47616.92103', '47619.61501']",0.264016819,0.22362193,0.286860212,0.908294813,0.431469892,0.551120319,-0.059676667,0.036635556,-0.069714444,0.074658889,0.06032,0.126183333,0.258624752,0.221836419,0.279818982,0.910292561,0.429626162,0.539486059,-0.04635,0.02885,-0.03415,0.0206,0.0577,-0.0146,4,1.732050808,0.11975,0.206253629,4,1,0.246219048,0.204633093,4,1.732050808,0.1084,0.19648302,5,3,0.41876,1.085680938,6,3.464101615,0.2756,0.389888296,5,2.828427125,0.2395,0.623296237
"['47617.82573', '47620.52972']",0.171934681,0.212121835,0.20222666,0.578587014,0.388311677,0.339146236,-0.036533333,0.011911111,-0.058688889,0.017642222,0.032653333,-0.18005,0.168949713,0.212973645,0.194607391,0.581557881,0.38910405,0.289016057,-0.04045,0.01625,-0.0264,0.0622,0.0561,-0.15525,4,1.732050808,0.13655,0.077999733,3,1,0.237604348,0.144835523,3,0,0.084104348,0.128971545,5,2,0.269394118,0.460599903,5,2.449489743,0.240841176,0.353899785,4,1.414213562,-0.089973684,0.236878888
"['47618.74043', '47621.43945']",0.176730021,0.226499176,0.203829251,0.503731047,0.398092121,0.441749207,-0.037362222,-0.012151111,-0.084358889,-0.155407778,-0.056891111,-0.013585556,0.173703248,0.227440089,0.18659259,0.481843431,0.396213347,0.444013887,-0.0416,0.0083,-0.0575,-0.0682,-0.10105,-0.0506,4,1,0.115714286,0.115164644,4,1.414213562,0.21338,0.167624193,4,1,0.052786364,0.135294808,4,1,0.111357895,0.34549219,4,1.732050808,0.222694118,0.346632095,5,1.732050808,0.103717647,0.450591136
"['47619.64516', '47622.34915']",0.220902903,0.260576584,0.278582325,0.675183894,0.434979896,0.557009752,-0.038167778,-0.026336667,-0.10621,-0.159797778,-0.090671111,0.022892222,0.218799538,0.260694583,0.258984172,0.659676602,0.427808149,0.559657027,-0.0405,0.0217,-0.09175,-0.16465,-0.1268,0.0072,4,1,0.19114,0.155385346,4,1.732050808,0.210021053,0.165092266,4,1,0.053742857,0.183009985,4,1.414213562,0.183666667,0.501955205,5,2.645751311,0.259973333,0.327593022,6,2.645751311,0.1961,0.622033821
"['47620.55987', '47623.25381']",0.401243114,0.296265975,0.322490492,0.796502036,0.524560459,0.669562202,-0.028121111,-0.013958889,-0.074635556,0.006935556,-0.179515556,0.230641111,0.402498818,0.297594872,0.315492634,0.800933902,0.495648544,0.632105806,-0.03515,0.02955,-0.07635,-0.09485,-0.1908,0.31665,4,1,0.315636842,0.358284392,4,1.414213562,0.289366667,0.282161839,4,1,0.18396,0.268518286,5,2.236067977,0.432947059,0.805033231,6,2.645751311,0.256714286,0.464367505,5,2.645751311,0.62644,0.709433688
"['47621.46963', '47624.15853']",0.407551083,0.288048734,0.333005942,0.819351157,0.547830021,0.58564216,-0.017884444,-0.008868889,-0.047216667,0.100507778,-0.085874444,0.118235556,0.409439502,0.289525133,0.331488284,0.817718844,0.544088745,0.576796055,-0.01735,0.02865,-0.10825,0.1402,-0.10305,0.08115,4,1,0.352715789,0.333898594,4,1.414213562,0.299166667,0.263954994,4,1,0.268795,0.255100464,5,2.449489743,0.589288235,0.800737604,6,2.645751311,0.38795,0.494971828,5,2.236067977,0.4785625,0.664414242
"['47622.3793', '47625.06319']",0.407590683,0.238959673,0.292379621,0.669839746,0.480052624,0.464660361,-0.019178889,0.012616667,-0.015825556,0.181172222,-0.102675556,0.087236667,0.409420118,0.239963224,0.293586606,0.648486328,0.471570918,0.45895474,-0.01805,0.029,-0.0411,0.1939,-0.10305,0.0129,4,1,0.3534,0.351145016,4,1,0.241563158,0.258655791,4,1.414213562,0.333894737,0.217886962,4,1,0.59091,0.642290872,4,2,0.274161111,0.426836062,4,1.732050808,0.332789474,0.564472729
"['47623.28399', '47625.96788']",0.284479236,0.17879279,0.256447689,0.459403732,0.388219382,0.221854837,-0.009272222,-0.008561111,0.013596667,-0.002877778,0.003931111,-0.058831111,0.285920974,0.179588206,0.257521665,0.461968379,0.390374282,0.215110691,-0.00415,-0.01325,0.01015,-0.04935,-0.01565,-0.08065,4,1,0.31344,0.313041136,4,1,0.17682,0.13526771,4,1.414213562,0.283514286,0.198438455,4,1,0.340185714,0.429635511,4,1.732050808,0.26722,0.346248971,4,1.414213562,0.05467,0.217817365
"['47624.18868', '47626.87259']",0.364159787,0.216542636,0.294492217,0.658035837,0.401739667,0.472356467,0.02271,0.02703,-0.0125,0.038364444,-0.068473333,-0.000166667,0.365487124,0.216052644,0.295875153,0.660596767,0.39807902,0.475002713,-0.00115,0.01005,0.02505,0.0542,-0.01135,-0.0991,4,1,0.453578947,0.403217531,4,1,0.198690909,0.180631514,4,1.414213562,0.261665,0.214450618,4,1,0.432213636,0.452881501,4,1.732050808,0.196125,0.335067082,4,1.732050808,0.179161111,0.47963167
"['47625.09335', '47627.77725']",0.368875417,0.230490371,0.304666561,0.758692017,0.515766286,0.54909835,0.030683333,0.041893333,-0.016703333,-0.024803333,-0.070071111,-0.038957778,0.369656454,0.22792095,0.305912598,0.762534607,0.513846926,0.550783059,0.0093,0.0503,0.0314,-0.0364,-0.072,-0.1763,4,1.414213562,0.43038,0.392976822,4,1,0.22662381,0.198519827,4,1,0.229581818,0.195203012,3,1,0.471343478,0.532055605,4,1.732050808,0.238557895,0.489011635,5,2.645751311,0.1328,0.598180425
"['47625.99803', '47628.68193']",0.335447741,0.261101722,0.322000089,0.81548987,0.58871324,0.573222585,0.026395556,0.125032222,-0.063167778,0.206752222,-0.10447,-0.070074444,0.336281074,0.230502498,0.317512276,0.793264852,0.582615536,0.572110555,0.02625,0.1304,0.008,0.31225,-0.11705,-0.1869,4,1,0.331245,0.310915948,3,1,0.295382609,0.197311532,4,1,0.224068182,0.179076202,4,1,0.749922727,0.538649678,5,1.732050808,0.267835294,0.598151681,5,2.828427125,0.1591375,0.628650052
"['47626.90274', '47629.58662']",0.307934582,0.28776931,0.328963678,0.795113601,0.952495048,0.79052627,0.005054444,0.072767778,-0.049658889,-0.022973333,-0.090703333,-0.153027778,0.309618002,0.279976772,0.327015765,0.799234239,0.953478404,0.779918503,0.02275,0.09345,-0.0436,0.0159,-0.1395,-0.24545,4,1,0.326255,0.212780526,4,1,0.288527273,0.193796514,4,0,0.27462381,0.198553222,4,1,0.527538095,0.657039216,5,1.414213562,0.293970588,0.859711826,5,1.732050808,-0.00895,0.74344736
"['47627.8074', '47630.4913']",0.371607672,0.296201726,0.321879938,0.857455726,0.949701459,0.81690696,-0.008936667,0.03732,-0.053071111,0.091006667,-0.093078889,-0.015615556,0.373581449,0.295487432,0.319253231,0.857389098,0.950424071,0.821333406,0.0023,0.0737,-0.0436,0.188,-0.09495,-0.1143,4,1,0.373571429,0.298300656,4,1.414213562,0.2725,0.219506057,4,1,0.293668421,0.186926114,4,0,0.603080952,0.773194586,5,3,0.2948375,0.856588175,5,1.732050808,0.23,0.811575974
"['47628.71208', '47631.396']",0.372561619,0.291584706,0.291071059,0.827370482,0.953387913,0.852597999,-0.016291111,-0.067696667,-0.026084444,-0.147237778,-0.08261,0.036611111,0.374290466,0.285206256,0.291524021,0.818725137,0.9551232,0.856583675,-0.0241,-0.03525,-0.00515,-0.08535,-0.01795,-0.05995,4,1,0.376014286,0.309620686,4,1.414213562,0.190742105,0.198899981,4,1.414213562,0.297421053,0.163930729,3,0,0.328634783,0.734429064,6,3,0.298593333,0.867135229,5,2,0.3013125,0.83722842
"['47629.6168', '47632.30067']",0.350115092,0.286733629,0.265550082,0.811633539,0.624760816,0.541113132,-0.041434444,-0.049221111,-0.021746667,0.049565556,-0.086293333,0.100201111,0.349602323,0.284059874,0.266140825,0.814657184,0.622239147,0.534733834,-0.027,-0.03195,-0.00165,0.0789,-0.1162,0.04905,3,1,0.283227273,0.293455541,4,1.414213562,0.17549,0.18141488,4,1.414213562,0.271105,0.151667606,4,1,0.617468182,0.859472751,5,2,0.275141176,0.567264817,5,1.732050808,0.2910625,0.488176592
"['47630.52145', '47633.20536']",0.328108548,0.28830156,0.356455028,0.993215125,0.694306404,0.500785596,-0.056164444,-0.022142222,-0.016708889,-0.035867778,-0.000663333,0.033565556,0.325076822,0.289060393,0.358057964,0.998127915,0.698195787,0.502458685,-0.05025,0.0091,-0.01325,-0.13155,0.04805,-0.0044,3,1,0.232277273,0.212050573,4,1,0.226665,0.204540284,4,2.236067977,0.336038889,0.296203265,4,1.414213562,0.782415,1.051448759,4,1.414213562,0.461621053,0.609447791,5,2,0.35759375,0.455607326
"['47631.42615', '47634.11008']",0.432163529,0.273569508,0.382234429,1.096703147,0.664481535,0.477603304,-0.041098889,-0.002508889,-0.032421111,-0.042184444,0.021781111,0.086945556,0.432614962,0.275090553,0.382990637,1.102031035,0.667845071,0.47225356,-0.0283,0.04285,-0.05615,0.03015,0.04805,0.0703,4,1,0.385222727,0.366747335,4,1,0.251135,0.168559898,5,2.236067977,0.341135294,0.320867126,4,1.414213562,0.947221053,1.007879179,4,1,0.522068182,0.48521012,5,1.732050808,0.398494444,0.454112933
"['47632.33082', '47635.01474']",0.410753657,0.210102418,0.363155397,1.013798481,0.607342394,0.451938176,-0.021895556,0.000323333,-0.035211111,-0.103226667,0.054474444,0.07184,0.412467549,0.211279222,0.363469267,1.014179501,0.608283259,0.448691502,-0.031,0.0127,-0.0378,-0.1213,0.04805,0.0596,4,1,0.414409524,0.36396466,4,1.414213562,0.231478947,0.170192772,5,2.236067977,0.3208625,0.315667703,4,1.414213562,0.644305,0.947975813,4,1.414213562,0.507485714,0.506613262,5,2,0.37275,0.439578366
"['47633.23551', '47635.91943']",0.369855799,0.18551061,0.271593208,0.700780837,0.53184074,0.374325637,-0.026804444,-0.015227778,-0.041665556,-0.055146667,-0.031311111,0.066708889,0.370949814,0.185920338,0.269881719,0.702521433,0.533892604,0.370397063,-0.0816,-0.0071,-0.04805,0.01835,-0.03895,0.03625,4,1,0.372777273,0.370982455,4,1.414213562,0.177722222,0.094365195,4,1.414213562,0.240027778,0.18834463,4,0,0.415904762,0.551184651,4,1,0.32451,0.518800735,5,1.732050808,0.276805882,0.406183431
"['47634.14023', '47636.82413']",0.338525714,0.188670847,0.283096527,0.654515466,0.59012689,0.309633531,-0.036053333,0.030475556,-0.03622,0.043064444,-0.042025556,-0.002956667,0.338486112,0.187236365,0.282342886,0.656756034,0.59192624,0.311353991,-0.07395,0.03035,-0.04745,0.0364,-0.04075,-0.01855,4,1,0.3016,0.339010373,4,1,0.211989474,0.151977692,5,1.414213562,0.291211765,0.214525121,4,1,0.650889474,0.751357983,4,1,0.373894444,0.592393538,5,1.732050808,0.226382353,0.267306727
"['47635.04489', '47637.72888']",0.346035324,0.200300332,0.298271446,0.671364008,0.619866479,0.335145079,-0.034265556,0.051006667,-0.028423333,0.080828889,-0.064003333,-0.06884,0.346263661,0.194782185,0.298577475,0.670214363,0.620007451,0.329836443,-0.05945,0.05085,-0.00495,0.06925,-0.073,-0.08295,4,1.414213562,0.336157895,0.340003339,4,1,0.256773684,0.158177115,4,1,0.291978947,0.214981492,4,1,0.749757895,0.705107425,5,1.414213562,0.428611111,0.585570984,5,2.449489743,0.17125,0.285380597
"['47635.94958', '47638.63357']",0.355965642,0.210834532,0.307202998,0.747439716,0.539765129,0.359622428,-0.027053333,0.028533333,-0.035061111,-0.077964444,-0.028583333,-0.052284444,0.356924582,0.210065116,0.306905469,0.747526939,0.542027456,0.357794688,-0.012,0.0405,0.01365,-0.1119,-0.06855,-0.08665,4,1.414213562,0.347338889,0.346594517,4,1,0.214004762,0.20610839,4,1.414213562,0.304727778,0.161680767,4,1,0.620545,0.754724156,4,1.414213562,0.463736842,0.432732368,6,2.828427125,0.195421429,0.299458517
"['47636.85428', '47639.5383']",0.295570721,0.24433192,0.274320652,0.655759687,0.439698399,0.401783968,-0.018822222,0.011941111,-0.042971111,0.006396667,0.018026667,0.059832222,0.296623315,0.245407131,0.272451982,0.659402065,0.441789961,0.399529802,0.0144,-0.0193,0.0054,-0.0296,-0.0114,0.0194,4,1.414213562,0.292057895,0.218773956,4,1.414213562,0.237852381,0.2432739,4,1.414213562,0.249905263,0.15697798,4,1,0.54355,0.543891712,4,1,0.368609524,0.40024412,7,3.16227766,0.337225,0.4325192
"['47637.75903', '47640.44302']",0.316614656,0.253487737,0.244576672,0.655010852,0.408241786,0.380838217,0.005386667,0.022754444,-0.012184444,0.013333333,0.002974444,0.02699,0.318342339,0.253878767,0.245641465,0.658543929,0.410517976,0.382008822,0.01695,0.00205,0.0004,-0.00605,-0.03695,-0.08575,4,1.414213562,0.33498,0.240759088,4,1.414213562,0.275985,0.25762304,4,1.414213562,0.243863158,0.149618111,4,1,0.51395,0.55466505,4,1.414213562,0.356921053,0.384488261,6,3,0.25245,0.430207207
"['47638.66375', '47641.34774']",0.3380976,0.292708462,0.252872011,0.612022504,0.383507779,0.391803752,0.037302222,-0.00873,0.015006667,0.025708889,0.014933333,0.048584444,0.337916083,0.294217354,0.253840497,0.614907994,0.385363816,0.390957853,0.04495,-0.02245,0.0124,0.0016,0.0204,-0.03765,4,1,0.402909091,0.242847151,4,1.414213562,0.333984211,0.234176548,4,1,0.25961,0.239255606,4,1,0.550131579,0.565585313,4,1.414213562,0.337715789,0.353318758,4,1.732050808,0.2725,0.406381367
"['47639.56848', '47642.2525']",0.340753863,0.263603079,0.239954333,0.632482324,0.324338196,0.311279065,0.060612222,-0.056927778,0.070294444,-0.122884444,-0.012655556,-0.048636667,0.337198335,0.258824547,0.23071237,0.623905759,0.325906845,0.309178356,0.0348,-0.06845,0.04665,-0.1317,-0.00215,-0.1179,4,1,0.448157143,0.259589302,4,1,0.233265,0.209648574,4,1.414213562,0.302355,0.216392834,4,1,0.436514286,0.588021292,4,1,0.262378947,0.262415425,4,1,0.1159,0.311908466
"['47640.4732', '47643.15724']",0.365813599,0.305582047,0.268565029,0.773777349,0.322811697,0.395781988,0.107723333,-0.185838889,0.080712222,-0.444334444,-0.068066667,0.153437778,0.351551529,0.243937424,0.257584808,0.637030028,0.317321814,0.366872919,0.07045,-0.2251,0.06065,-0.54735,-0.05545,0.1995,4,1,0.530365,0.264918753,4,1,0.081185,0.217634213,4,1,0.321261905,0.229508326,4,1.414213562,0.142247368,0.687068477,4,1,0.18704,0.249747147,3,0,0.264633333,0.336057744
"['47641.37793', '47644.062']",0.319460141,0.30231758,0.21902087,0.794952249,0.363987349,0.520435883,0.126574444,-0.221616667,0.064377778,-0.545883333,-0.19429,0.360754444,0.294958239,0.206777781,0.210518565,0.581130647,0.309520049,0.377214458,0.0736,-0.2435,0.0498,-0.64545,-0.2252,0.37195,4,1,0.441840909,0.261686919,4,1.414213562,-0.015073684,0.169089907,4,1,0.24553,0.16669549,4,1,-0.074163636,0.594281538,4,1.414213562,0.023929412,0.308324628,4,1,0.423125,0.386656313
"['47642.28265', '47644.96673']",0.362824491,0.493412723,0.240099346,0.909819773,0.577955383,0.657191272,0.175458889,-0.250013333,0.010191111,-0.749188889,-0.429268889,0.584692222,0.319357168,0.427764641,0.241226858,0.519116823,0.389157229,0.301739965,0.11855,-0.25195,-0.001,-0.69395,-0.4087,0.5666,4,1,0.51687619,0.369775413,4,1.732050808,0.09205,0.594797017,4,1,0.20284,0.215592692,4,1,-0.314519048,0.37021921,4,2,-0.152294737,0.281533334,5,1,0.749405556,0.371218181
"['47643.1874', '47645.87148']",0.549259766,0.57599763,0.303075295,0.872775163,0.650534267,0.789911638,0.145442222,-0.163726667,-0.006542222,-0.427338889,-0.38165,0.703924444,0.532620789,0.55533183,0.304702194,0.76526133,0.529770248,0.360408158,0.11855,-0.22005,-0.001,-0.5085,-0.4237,0.6661,4,1,0.695625,0.622222664,4,1.732050808,0.286435,0.640986044,4,1.414213562,0.279785,0.347122862,4,1,0.064609091,0.774232598,5,2,-0.01395,0.642449051,4,1.414213562,0.968478947,0.373300568
"['47644.09215', '47646.77625']",0.582760302,0.576071262,0.359720387,0.932810105,0.771352852,0.824891659,0.135,-0.082486667,0.018566667,-0.175827778,-0.337112222,0.44015,0.570083882,0.573329173,0.361253486,0.921221317,0.697673915,0.7015575,0.14705,-0.09935,0.02105,-0.2506,-0.44595,0.5049,4,1,0.7365,0.593346016,4,1,0.411547619,0.603116657,4,1.414213562,0.387305,0.360846189,4,1,0.552265,0.907766522,4,1.732050808,0.147915,0.815080698,4,1.414213562,0.72358,0.783168705
"['47644.99691', '47647.68099']",0.530969824,0.417168954,0.3481374,0.755673559,0.691804777,0.771117944,0.071061111,-0.030904444,0.038445556,0.148263333,-0.002297778,0.271521111,0.529141073,0.418353335,0.347946511,0.745137391,0.695676627,0.725776804,0.10575,-0.03035,0.01725,0.05545,0.0527,0.31675,4,0,0.551422727,0.587550504,3,0,0.282786957,0.343423201,4,1.414213562,0.432810526,0.34330384,4,1.414213562,0.743009091,0.731140226,4,1.732050808,0.31619,0.710756898,4,2.236067977,0.601744444,0.814153254
"['47645.90165', '47648.58576']",0.280265335,0.237252296,0.305324294,0.734668829,0.695612961,0.65664173,0.05702,-0.036186667,0.047043333,0.035673333,-0.00963,0.031027778,0.275940963,0.235789992,0.303368476,0.737913191,0.699442948,0.65958284,0.08045,-0.05,0.0219,0.0219,0.0279,0.0121,4,1,0.309014286,0.224424064,4,1,0.2094,0.233457001,4,1.414213562,0.32549,0.273834812,4,1.414213562,0.602909524,0.676271673,5,2.645751311,0.376829412,0.766513269,5,2.828427125,0.31159375,0.756580072
"['47646.80641', '47649.49053']",0.272377223,0.224860384,0.287155452,0.612330169,0.623272509,0.52569809,0.07797,-0.0343,0.050204444,-0.003711111,0.035123333,0.080652222,0.262441064,0.223473931,0.284316628,0.615749308,0.625768269,0.52238469,0.07915,-0.04315,0.0157,0.0548,0.04145,0.04405,4,1,0.331842857,0.254273094,4,0,0.197322727,0.143244087,4,1.414213562,0.302178947,0.261583179,4,1,0.433277273,0.426997475,6,2.449489743,0.473693333,0.554767961,5,2.449489743,0.38726,0.492431424
"['47647.71114', '47650.39527']",0.272861042,0.243238368,0.296374023,0.75048756,0.643172137,0.536677918,0.08164,0.023612222,0.037534444,0.019248889,-0.073006667,-0.010864444,0.261820019,0.243445838,0.295634633,0.754443729,0.642595144,0.539573944,0.08565,0.00765,0.0321,0.1371,-0.0589,0.0097,4,1,0.36266,0.242413026,4,1,0.242372727,0.173066085,4,1.414213562,0.25595,0.246803475,4,1,0.54897619,0.635721761,5,2,0.3361125,0.571797533,4,2.236067977,0.194266667,0.54152776
"['47648.61591', '47651.30001']",0.257155784,0.246028524,0.273384191,0.726959385,0.602033001,0.502488831,0.075804444,0.073952222,0.022491111,0.077505556,-0.057304444,-0.063407778,0.24710573,0.235965607,0.273983841,0.726865328,0.602656983,0.501264728,0.0815,0.09315,0.02035,0.17775,-0.02645,-0.0387,4,1.414213562,0.326857143,0.24341474,4,1,0.277815,0.146609191,4,1,0.22902381,0.242395724,4,0,0.53515,0.625180469,5,2,0.377652941,0.488970017,4,1.414213562,0.12448,0.487588991
"['47649.52069', '47652.20473']",0.21544869,0.206648857,0.288049378,0.697395302,0.552856286,0.494336217,0.049014444,0.079038889,0.008653333,0.071628889,-0.044771111,-0.059425556,0.210974598,0.192005804,0.289532377,0.697593422,0.554127574,0.493500691,0.0383,0.09315,0.0136,0.1741,-0.00475,-0.0757,4,2,0.282342105,0.162100464,4,1,0.224384211,0.165657955,4,1,0.24916,0.24708948,4,1,0.540425,0.65444438,5,2,0.418011111,0.43011628,4,1.414213562,0.09481,0.482737246
"['47650.42542', '47653.10946']",0.247611971,0.189378204,0.288737488,0.621534706,0.535151364,0.438161676,0.074432222,0.069028889,0.036743333,0.06972,-0.101242222,-0.0748,0.237483008,0.177337376,0.287994495,0.621071981,0.528431318,0.434148467,0.0466,0.10455,0.04275,0.1278,-0.0838,-0.103,4,2,0.34818,0.222100116,4,0,0.211575,0.131853515,4,1,0.325875,0.2396723,4,1,0.519959091,0.548105957,5,1.732050808,0.453594118,0.290215371,4,1.414213562,0.085144444,0.430359721
"['47651.33017', '47654.01421']",0.326962722,0.207520295,0.353962679,0.608030371,0.524604538,0.438881364,0.091588889,0.048208889,0.033481111,0.054776667,-0.059464444,-0.028137778,0.315631144,0.20297373,0.354349751,0.608950473,0.524143508,0.440432124,0.0396,0.0826,0.03825,0.0581,-0.08535,0.05235,4,1,0.4565,0.335888901,4,1.414213562,0.240627778,0.125289302,4,1,0.379704762,0.258862134,4,2.236067977,0.621661111,0.489943139,5,1,0.468535294,0.464366602,5,1.732050808,0.1707,0.486833271
"['47652.23488', '47654.91896']",0.309818449,0.210948662,0.313172759,0.64926672,0.540734567,0.43431157,0.100093333,0.058301111,0.040348889,0.113238889,-0.018794444,-0.074491111,0.294846973,0.203867898,0.312302486,0.642897064,0.543435365,0.430272781,0.0967,0.07525,0.01425,0.1111,-0.0778,-0.0292,4,1,0.42028,0.339244432,4,1.414213562,0.234344444,0.138637993,3,1,0.345934783,0.230425179,4,2.449489743,0.715677778,0.495831984,5,1.732050808,0.457817647,0.471645171,4,2,0.1953,0.441428447
"['47653.13965', '47655.82366']",0.310642182,0.215350569,0.320430945,0.679065905,0.589200989,0.46391786,0.083974444,0.043116667,0.038185556,-0.010977778,0.029254444,0.027493333,0.300752188,0.212172123,0.319929888,0.682780989,0.591771084,0.465696902,0.0737,0.0558,0.01455,0.05365,0.03425,0.1221,4,1.414213562,0.433266667,0.336241118,4,1,0.234515789,0.14886335,3,1,0.3189,0.251413913,4,2.645751311,0.64825,0.433195102,4,2,0.46555,0.594654426,4,2.645751311,0.339477778,0.375773672
"['47654.04439', '47656.72838']",0.398369797,0.24452835,0.358517744,0.758431382,0.58254145,0.431213681,0.080824444,0.049267778,0.064881111,0.003837778,0.028978889,0.012167778,0.392269848,0.240855498,0.354573447,0.762670566,0.58507974,0.433456794,0.08295,0.0356,0.01795,0.0489,0.0665,0.0462,4,1.414213562,0.477626316,0.544966617,4,1,0.262542857,0.211330387,4,1,0.415395,0.320115288,4,1.732050808,0.782704762,0.714005158,4,2.236067977,0.469011765,0.534831896,5,2.645751311,0.351605882,0.330455321
"['47654.94911', '47657.63312']",0.480513856,0.246174485,0.39327689,0.748133051,0.614375778,0.396132032,0.098164444,0.055944444,0.072386667,-0.021881111,-0.004825556,0.056385556,0.473015163,0.24107644,0.388723341,0.752002458,0.617798629,0.394295176,0.08495,0.05615,0.0509,-0.0383,0.0624,0.05365,4,1,0.525335,0.541476524,3,1,0.26036087,0.195903403,4,1,0.441659091,0.306324036,3,1,0.729472727,0.754014982,4,1.732050808,0.482073684,0.52396685,4,1.414213562,0.358294444,0.320003096
"['47655.85384', '47658.53784']",0.496045163,0.227339884,0.379743813,0.716088456,0.502619633,0.306968228,0.1051,0.048871111,0.061863333,0.009368889,0.037216667,0.039297778,0.487499138,0.223268704,0.376769924,0.720038552,0.504047967,0.306147977,0.0883,0.04605,0.0884,-0.07,0.0665,0.04455,4,1,0.613445455,0.628229951,4,1.414213562,0.224945455,0.192204538,4,1,0.422990909,0.300445347,4,1,0.767104762,0.79504977,4,1,0.462089474,0.400004557,4,1.414213562,0.324961111,0.284150354
"['47656.75856', '47659.44258']",0.431617317,0.273129303,0.307963007,0.725510239,0.550899849,0.415199278,0.097231111,0.126732222,0.021061111,0.137008889,-0.035475556,0.021221111,0.42287892,0.24330289,0.308963251,0.716447465,0.552836319,0.416979635,0.06135,0.1166,0.0463,0.1386,-0.02635,0.07745,3,0,0.553578261,0.471269099,4,1.732050808,0.297405,0.23221431,4,1,0.330766667,0.194444474,3,0,0.773282609,0.667337411,4,0,0.399435,0.392251661,4,1.414213562,0.324733333,0.397681361
"['47657.66327', '47660.34727']",0.473762846,0.293922835,0.275035052,0.93724899,0.607707537,0.627320014,0.098613333,0.13096,0.010766667,-0.055656667,-0.106667778,-0.172225556,0.465982085,0.264609316,0.276363876,0.94083647,0.601624572,0.606594733,0.06865,0.1149,0.03095,0.0574,-0.03365,-0.0153,4,1,0.61087619,0.44289956,4,1.414213562,0.343557143,0.241124861,4,0,0.289209091,0.199359226,3,0,0.772025,0.629286557,4,0,0.230290909,0.457340375,4,1.414213562,0.25327,0.60189563
"['47658.56799', '47661.252']",0.4909986,0.328408781,0.304273271,0.939724714,0.663114257,0.729218612,0.116157778,0.075197778,-0.007207778,-0.150151111,-0.152173333,-0.022065556,0.479733419,0.321474586,0.305892035,0.932848401,0.649033348,0.732968113,0.0746,0.0607,-0.004,-0.05,-0.0663,0.0696,4,1,0.646654545,0.404758578,4,1.414213562,0.345080952,0.282496231,4,0,0.311304545,0.219565065,3,0,0.65646087,0.639443107,4,1.414213562,0.282663158,0.517108524,4,1.414213562,0.36571,0.666637589
"['47659.47273', '47662.15674']",0.506456062,0.279996696,0.36559681,0.884711223,0.640057812,0.696414133,0.10576,-0.01597,0.021996667,-0.177194444,-0.101845556,0.07214,0.498065143,0.281106957,0.366978946,0.871640884,0.635443167,0.696548166,0.1041,-0.0285,0.04325,-0.0543,-0.06245,0.11725,4,1,0.631535,0.348850819,4,1,0.249842105,0.231280422,3,0,0.351143478,0.241101321,4,1,0.58242,0.651271448,4,1.414213562,0.405138889,0.475146467,4,1,0.483175,0.521753569
"['47660.37742', '47663.06146']",0.450296428,0.288591132,0.415499295,0.91769014,0.647344539,0.579730149,0.068771111,-0.040965556,0.034807778,-0.050865556,0.00345,0.240112222,0.447507035,0.2872692,0.416358309,0.921412631,0.650961902,0.530623812,0.06825,-0.0456,0.07675,0.0011,0.032,0.17165,3,0,0.569817391,0.347513769,4,1,0.27015,0.210259432,4,1,0.432495238,0.223590397,4,1.414213562,0.9015,0.797777367,5,1.414213562,0.532735294,0.357487739,4,1.732050808,0.515142105,0.507495334
"['47661.28215', '47663.96618']",0.767510362,0.431600196,0.447045163,1.068190937,0.78965056,0.535619823,0.093348889,0.004636667,0.094101111,0.097536667,0.011877778,0.08208,0.766080296,0.433993097,0.439477374,1.069687884,0.79398457,0.532258619,0.04355,0.0265,0.1761,0.2535,0.1015,0.07145,4,1.414213562,0.737745,0.82882756,4,1.414213562,0.412965,0.415804571,4,1,0.504215789,0.19505229,4,1.414213562,1.19015,0.785732615,4,1,0.602695,0.36361792,5,1.732050808,0.487738889,0.537673575
"['47662.18689', '47664.87087']",0.735585096,0.411297694,0.394630238,1.045616536,0.770792119,0.484932585,0.091147778,-0.028112222,0.128924444,0.014862222,-0.011861111,0.004143333,0.7340053,0.412634652,0.375066079,1.051368155,0.775018539,0.487631515,0.0293,-0.0539,0.1602,-0.0143,0.1176,0.02595,4,1.732050808,0.66338,0.829672735,4,1,0.29985,0.440889362,4,1,0.461628571,0.179751607,4,1,0.920336364,0.880445694,4,1.414213562,0.562677778,0.384342301,5,1.732050808,0.4126,0.445616521
"['47663.09161', '47665.77563']",0.704645335,0.384488313,0.353242557,0.790139869,0.668318557,0.386947701,0.127514444,-0.021272222,0.138934444,0.047432222,-0.053971111,-0.024973333,0.696894075,0.386050121,0.326592506,0.793133507,0.669867613,0.388304251,0.0586,-0.008,0.159,0.0132,0.069,-0.03075,4,1.732050808,0.610031579,0.839189605,4,1,0.252538095,0.450108094,4,0,0.439236364,0.203170099,4,1,0.606409524,0.723300615,4,1,0.435931579,0.33384539,4,1.732050808,0.247283333,0.404244284
"['47663.99633', '47666.68034']",0.253418079,0.176647418,0.278129884,0.448037433,0.378869723,0.234790961,0.07248,0.000243333,0.098216667,0.038507778,-0.025935556,-0.001041111,0.244192398,0.177636879,0.261668688,0.448880284,0.380098527,0.236104006,0.0552,0.0109,0.107,0.0132,0.0168,0.01915,4,1.732050808,0.341836842,0.155445061,3,0,0.161447826,0.13806962,4,1,0.37415,0.179953776,4,1,0.394055,0.408588788,4,1,0.294368421,0.227420113,4,1.414213562,0.150915789,0.18908009
"['47664.90105', '47667.58506']",0.268491263,0.238390948,0.251384031,0.736118412,0.306214349,0.273418596,0.093564444,0.057662222,0.063442222,0.088088889,-0.006991111,0.040078889,0.253070865,0.23260803,0.244609558,0.734923062,0.307849586,0.271980399,0.092,0.04445,0.08425,0.019,0.0084,0.05145,4,1.732050808,0.388019048,0.168591564,3,0,0.23055,0.214005538,4,1,0.309290476,0.158740678,4,1,0.68284,1.176738594,4,1,0.259505263,0.212110313,4,1.414213562,0.234405,0.323742182
"['47665.80578', '47668.48976']",0.275059628,0.258523926,0.244290428,0.747836788,0.225441024,0.316285077,0.127776667,0.095895556,0.075645556,0.080875556,-0.008762222,-0.020767778,0.244943998,0.241425533,0.233584686,0.747615765,0.226532709,0.317370613,0.1452,0.0886,0.0924,-0.0086,-0.01695,-0.0032,4,1.414213562,0.422928571,0.159210678,4,0,0.288440909,0.223790256,4,1,0.288033333,0.140589041,4,1,0.656990909,1.146850977,4,1,0.183715,0.19839261,4,1,0.181978947,0.377731257
"['47666.71049', '47669.3945']",0.337117314,0.255421912,0.291728044,0.844455734,0.291391509,0.375239973,0.215566667,0.03727,0.147941111,-0.178304444,0.050076667,0.043167778,0.260641357,0.254103779,0.25284185,0.830041092,0.288664506,0.374836926,0.18455,0.04205,0.15185,-0.23755,0.00405,0.02935,3,1,0.486417391,0.178381697,4,1,0.2148,0.254489375,4,1,0.361385714,0.183586359,3,1,0.354191304,1.264255085,4,1,0.1811,0.248706813,4,1,0.248180952,0.392966115