12.667,3.1411,0.67362,4.8303,3.4537
11.167,3.3714,0.83449,5.5094,3.832
11.714,6.7753,0.92575,5.7983,3.9637
9.125,7.1801,0.59005,6.1264,4.2478
7.4444,2.9202,0.77075,5.7065,4.0901
8.4,4.1952,0.67493,5.5892,4.14
9.1111,4.4284,0.73086,5.5114,3.9907
8.5556,3.9721,0.65186,5.8419,4.1948
9.3333,4,0.641,5.7869,4.2385
8.5556,3.8115,4.9839,8.3141,6.1964
10,4.6904,5.9571,7.6529,5.8494
10.857,4.2201,6.9051,7.3272,5.6926
9.2857,4.1115,2.4007,3.6944,3.2837
9.125,3.7583,7.4854,7.3148,5.549
11,4.4347,8.0443,7.1078,5.2262
12,5.1769,9.1948,6.3432,4.8779
9.75,4.1318,0.20014,1.4623,1.0839
9.375,4.7189,0.20507,1.4071,1.049
9.1429,5.0474,0.24435,1.3838,0.9928
10.667,7.4744,0.12334,1.2569,0.87961
11.667,6.2183,0.19746,1.1423,0.79483
10.5,2.3452,0.43056,1.3804,0.98364
10.429,3.3594,0.40186,1.477,1.0865
10.286,3.0938,0.35866,1.4919,1.1098
10.143,3.132,0.27691,1.3326,0.92907
10.167,3.4303,0.24485,1.1727,0.77195
12.667,2.5166,0.32983,1.1746,0.62996
54,0,0.43869,1.0507,0.98338
13,9.0554,3.2002,5.6592,3.382
9,4.0497,1.4893,6.4373,4.161
9.5714,3.994,1.6246,6.7411,4.8103
12.833,7.7567,5.4255,9.3063,5.464
13.8,8.5849,6.9634,8.6215,4.9445
10.857,4.1404,6.8889,5.9798,4.4425
10.833,3.656,9.0273,6.6714,5.0981
10.429,4.5408,8.6005,5.9473,5.0775
8.4,4.0056,7.5013,4.7083,5.0683
7.0909,2.5477,0.17134,1.5136,1.1068
7.5,3.6286,0.2233,1.5225,1.0853
8.125,3.6425,0.34242,1.6321,1.3319
9.7143,3.2514,0.53253,1.99,1.6505
10.125,3.0909,0.7357,2.0297,1.7169
8.625,2.8754,0.7427,1.8366,1.5627
10.625,6.093,0.83496,1.9213,1.7017
18.5,5.9161,0.60535,2.2384,1.7252
16,7.5829,0.65322,2.1086,1.728
8.8,4.4385,0.32081,1.6253,1.9404
10.286,8.1591,5.5106,5.0913,4.3687
12.833,8.1343,5.0371,6.7499,4.7468
10.375,3.1595,3.9971,7.0437,5.2727
10.571,3.994,6.9583,9.4663,6.2853
11.571,5.1594,7.6942,8.5982,6.0164
9.25,5.203,9.6532,10.363,7.3337
9,4.2762,8.0033,6.3568,5.0608
9.5,4.7809,8.0442,6.2922,5.0353
9.2857,3.9461,0.3728,1.6314,1.2411
9.875,4.6733,0.33662,1.6347,1.1966
9,4.504,2.0311,2.9563,2.595
9.4286,2.6367,1.8159,3.9532,3.1366
11.571,2.6367,0.92247,4.95,3.591
11.857,2.0354,6.3243,7.1053,4.8126
12,3.0984,7.4144,8.5421,5.4861
11.667,2.9439,7.9803,7.7136,5.2273
14.8,5.0695,5.0975,4.1772,4.0146
13.6,5.7706,2.339,3.8006,3.0867
11.8,2.6833,2.4194,5.245,3.891
11.833,2.6394,7.1722,9.5081,6.2247
9.625,3.42,7.4941,6.824,5.6686
8.4444,3.283,7.4305,5.4124,5.1178
8.2,3.4577,0.49697,1.784,1.4006
9.75,3.7702,0.33368,1.5961,1.2557
9,3.5051,0.19642,1.4297,1.0519
10.286,3.4017,0.19984,1.4405,0.95514
12.25,2.5,0.37771,1.2787,0.77259
11,2.8284,0.45757,1.1393,0.50997
0,0,0,0,0.26965
0,0,0,0.74953,0.31488
0,0,0,0.74953,0.33042
0,0,0,0,0.49013
11,0,3.0919,20.334,4.984
9,2.8284,9.7631,7.8618,5.016
8.625,3.2043,8.3169,5.7969,5.0455
8.1111,3.4801,0.31942,1.5503,1.1217
7.3,2.8304,0.28687,1.5779,1.1583
8.7778,2.8626,0.29877,1.6447,1.1953
11.143,3.7161,0.21481,1.686,1.2483
10.429,4.0356,0.34564,1.9193,1.3621
10.286,4.2706,0.31562,1.9048,1.417
9.75,4.0267,0.557,1.9527,1.4046
8.75,3.6547,0.53705,1.7578,1.3049
7.8889,3.6553,0.24425,1.6336,1.3431
9.25,4.432,0.29615,1.8491,1.4443
9.5714,3.5523,0.48505,2.0451,1.7552
15.4,10.479,2.085,3.2826,2.5728
18.75,10.243,2.4401,5.2049,3.7675
10.6,4.3359,1.2323,5.9962,4.1747
10.429,3.3594,0.99844,5.3766,4.2957
9.625,3.8522,0.5819,5.0645,3.7765
9.2222,3.0322,0.5033,5.2346,3.8634
9.625,3.42,0.4944,5.2655,3.8907
8.5556,3.0459,0.488,5.3305,4.0352
7.3,2.7101,0.70972,4.9774,3.9408
7.3,2.5841,0.73967,4.9251,3.8775
7.1,2.3781,0.69384,4.8921,3.7903
9,3.0706,0.4862,5.0063,3.7823
10,3.0237,0.45318,5.189,3.861
9,3.0237,0.54682,5.0048,3.8815
9.375,4.3732,5.3944,7.903,5.7748
10,5.2372,6.2213,6.7936,5.3737
10.5,5.4248,6.5916,6.3999,5.242
8,3.7417,2.5978,4.1451,3.6134
8,4.0311,2.0952,5.3929,4.3004
9.1111,3.8873,0.61773,6.3483,4.6585
9.2222,3.7676,1.1859,5.7103,4.2372
10.125,2.997,1.3426,5.3997,3.9462
10.375,3.0208,1.0219,4.7951,3.5258
10.571,3.1015,0.58916,4.6613,3.4072
10.5,3.3381,0.67457,4.9855,3.5211
7.7778,3.383,1.1587,4.9042,3.6759
7.8182,3.7368,1.087,4.9844,3.8698
8.5556,3.7454,1.1508,5.1451,4.027
8.8889,3.4801,0.7511,5.3593,4.2792
9.5,3.3381,0.77253,5.5301,4.3186
9,3.0237,0.63723,5.4417,4.343
8.4,2.7568,0.64264,5.4203,4.2294
10.25,3.2404,2.758,6.9069,5.1822
7.6667,3.8079,5.2542,9.0437,6.1985
8.4444,4.1265,6.5286,7.5923,5.7458
8.3,4.1379,6.0418,6.3125,5.1436
9.5,2.4495,2.9804,4.0451,3.7842
9.875,3.0443,2.5208,5.1268,4.3095
10.5,3.1623,1.8963,4.8964,3.8243
9.625,3.42,1.1456,4.951,3.7666
9.4444,3.678,1.1819,5.2521,3.9276
10,3.5051,1.1695,5.4535,4.0869
7.9091,4.5925,0.62404,5.5639,4.2563
7,4.2947,0.62722,5.2605,4.0543
7.8182,4.7711,0.62795,5.203,3.975
11,3.6515,0.70329,5.277,3.7919
10.125,3.2266,0.874,5.2544,3.6622
10.25,2.9641,1.0498,5.0159,3.5675
8.3333,3.5,0.90757,4.9034,3.4419
8.7778,3.7006,0.69504,4.8426,3.4391
10,3.559,0.46903,4.6995,3.3119
11.429,1.2724,0.32627,4.5299,3.2469
12.167,1.8348,0.59596,4.7443,3.3471
10.125,2.8504,0.53298,5.0663,3.6215
9.375,3.5026,0.69205,5.0061,3.61
9.625,3.4615,0.59146,4.7785,3.6539
9.75,3.9188,3.768,6.2702,4.876
9.5714,4.2762,4.6879,5.4261,4.7533
10.857,4.4132,4.8465,6.1678,5.0258
11.143,4.1805,2.9021,3.1877,3.1133
10.75,5.7756,3.0559,3.4316,3.4398
10.375,5.4756,2.2329,2.962,3.2126
12.333,5.0859,1.7464,4.8059,3.7647
8.3333,2.5981,0.69438,5.0337,3.9629
7.1818,3.4005,0.67062,4.9614,3.7798
6.6667,3.3121,0.64263,4.8362,3.7507
7.7273,4.0519,0.77872,5.0562,3.9119
8.75,3.9911,0.82832,5.1145,3.8292
12.143,2.9681,0.68088,5.5015,3.9003
10,3.9581,0.6083,5.3223,3.6673
7.8889,3.9826,0.78711,4.954,3.6755
7.8889,3.8224,0.72039,4.8425,3.5447
10.125,3.6815,0.67654,4.7717,3.5486
8.7778,3.6324,0.85583,5.2137,3.718
8.2,3.7059,0.82213,5.1161,3.8112
7.6364,3.9566,0.84565,5.0367,3.8055
7.8,3.2249,0.7746,4.9824,3.7396
8.6667,3.2016,0.78371,5.4251,3.9513
8.6667,3.2404,0.81476,5.4311,4.1485
10.25,3.0119,0.65419,5.6367,4.1892
10,3.295,0.6134,5.4427,4.0559
10.143,3.7607,0.56476,5.203,3.9679
9.4444,3.2059,0.61044,5.1064,4.0324
8.8889,2.7588,0.80198,5.355,4.2185
8.1111,2.5712,0.67418,5.9504,4.6114
7.8,2.7809,0.78247,5.926,4.6601
6.8182,2.3587,0.85424,5.8009,4.5444
7.8,2.5298,0.8061,5.6234,4.2468
7.8,2.4404,0.7471,5.4192,4.1306
7.8182,2.3587,0.92543,5.2527,4.0788
7.9,2.0248,1.6217,6.0152,4.5414
7.8,2.0976,1.6984,5.8472,4.4131
9.3333,3.0414,1.5299,6.2494,4.531
11.143,2.6726,0.76029,5.4195,3.8352
10.5,3.2514,0.81987,5.3272,3.8427
9.625,3.7393,0.63527,5.0733,3.7334
7.875,2.8504,6.1328,7.5526,5.8618
8.1,3.2472,6.4129,5.6389,5.5136
9.25,4.0267,7.3615,5.1332,5.0344
9.625,5.0692,2.5986,2.8744,2.852
10.125,4.734,2.4583,4.7114,3.6508
9.1429,2.7343,0.96297,6.1911,4.3013
10.5,3.295,0.73923,5.497,3.9693
11.429,2.1492,0.74305,5.3908,3.8112
11.286,2.2887,0.66177,5.2847,3.7485
11.5,2.881,0.62043,5.5389,3.9108
11.667,3.3267,0.65818,5.8427,3.9238
8.6667,3.9051,0.8455,5.3357,3.927
6.8182,3.2193,0.71906,5.2556,3.9788
6.9167,3.6296,0.44031,5.0931,3.9838
8.5,3.3747,0.42855,5.1729,3.9746
8.4444,2.6034,0.64676,4.9462,3.7567
6.5833,2.1088,0.78633,4.9909,3.9496
7.0909,3.0481,0.83974,5.1326,4.0278
7.5455,3.0778,0.71946,5.3668,4.1974
8.3333,2.8284,0.78799,5.0587,3.9158
7.7273,2.4532,0.66648,5.0362,3.973
6.8182,2.5226,0.66506,5.0387,3.9843
7.0909,2.468,0.79236,5.7069,4.418
7.3636,2.4196,0.99213,5.7841,4.4349
7.8889,2.9345,1.0006,5.9053,4.554
7.4545,3.6705,0.96985,5.3863,4.2115
7.4545,3.6705,5.6589,6.911,5.7084
7.0909,3.3303,5.9202,6.7979,5.6885
10.125,2.2321,7.3928,6.4217,5.2828
11.429,3.5989,3.6184,4.8372,4.0645
11.429,3.8668,2.9299,4.5639,3.7605
10.857,2.7343,1.8802,5.7157,4.2178
10.714,2.6277,0.83742,4.9162,3.6683
9.3333,3.8406,0.75802,4.8953,3.6383
7,3.8586,0.68392,4.8871,3.6332
7.8,4.158,0.48519,4.857,3.5852
7.6364,3.9312,1.0008,4.9908,3.7156
6.5455,3.1421,0.96627,5.0749,3.8305
7.5455,3.5879,1.1685,5.4458,4.0871
7.1818,3.8683,0.8968,5.1875,3.9307
9.25,4.9208,1.329,5.6065,4.7702
10.625,3.5026,7.1424,7.2848,6.0013
10.25,4.5277,7.5068,6.8622,5.8714
9.7778,4.3525,7.0444,6.7423,5.6905
10.571,4.1975,2.1236,4.8325,3.6241
13.5,4.6797,6.9892,8.6018,5.6004
12,5.8992,7.9113,8.6952,5.8333
11,4.899,8.2023,6.9527,5.4437
8.8889,3.2575,3.7887,3.0678,3.1544
7.1818,3.0925,0.76306,2.1823,1.5419
7.4,2.8363,0.77624,2.2458,1.5711
7.8,3.7357,0.81393,2.5761,1.7569
7.9,3.7845,0.74171,2.1299,1.5335
7.2727,3.7971,0.73415,2.0425,1.4829
8.1,3.9847,0.7655,2.0207,1.5552
7.5556,2.4552,0.77309,2.0558,2.7285
9.3333,3.1225,3.8933,3.9552,3.6058
10.429,3.3094,4.1449,4.9882,4.0401
11.167,3.5449,6.2208,8.5824,5.7547
11.429,4.1173,6.6372,7.1258,5.073
10,3.9279,6.9012,5.2315,4.7028
8,2.7386,0.40466,1.9148,1.447
8.6667,3.2787,0.29957,1.8236,1.3326
12.5,4.0866,3.8272,3.3463,3.3214
14,4.1833,3.9715,4.7897,3.8936
11.857,5.1455,2.8751,5.7278,4.4581
8.6667,2.5,0.49241,5.2776,3.9059
7.5455,2.77,0.52418,5.0363,3.9008
7.5455,3.1738,0.75429,4.8898,3.8192
7.7,3.4657,0.80399,4.8854,3.7794
8.3333,3.1225,0.73725,5.0823,3.7812
7.9,3.3483,0.4277,5.0528,3.8332
6.2727,1.9022,0.57849,5.0025,3.84
6.4167,2.1088,4.9757,6.3555,5.3539
7.2,2.5734,6.4797,7.0339,5.8473
8.1,2.6013,6.7836,6.8219,5.9059
8.2,2.6998,4.2318,5.48,4.9097
7.2727,3.003,1.5621,5.1933,4.1457
6.8333,2.9491,0.58567,5.0621,4.0443
8,3.5355,0.635,4.8246,3.8264
9.625,2.9731,2.7288,5.5067,4.1235
10.25,3.37,2.9983,6.6393,4.8814
9.25,3.5355,3.0001,6.5658,4.8888
8,2.2111,1.6261,5.9615,4.6266
9,3.2071,0.46785,5.0987,3.8937
8.7,3.4657,1.1839,4.7624,3.7691
8.2,3.4577,1.4455,4.7335,3.8249
7.6,2.7968,1.6655,4.9561,4.0223
9.1111,3.2956,1.2894,5.4754,4.1763
8.8889,3.1798,0.97106,5.5933,4.1692
8.3333,2.8284,0.98213,5.1642,3.9749
8.2,2.4404,0.91074,5.2672,4.031
7.8,2.6583,0.95638,5.0286,3.8803
7.9,3.2472,0.74645,5.1273,3.9433
6.0769,2.5318,0.72486,4.9199,3.9006
6.5833,2.4664,0.70183,5.1621,4.0115
6.3077,2.175,0.79784,5.0979,4.0648
7,2.2608,0.86451,5.1732,4.0407
8.5,3.8658,0.91639,5.2171,3.9902
9.875,3.3568,0.99138,5.074,3.798
8.5,3.2059,0.75789,4.9007,3.7369
7,2.4863,0.55339,4.795,3.7799
6.6364,2.3779,0.61478,5.0965,3.9641
7.25,2.0505,0.60034,5.0918,3.9667
7.0909,2.2563,0.62943,5.2363,4.0975
7.0909,2.2563,0.69585,5.1279,4.0188
7.0909,2.1192,0.70252,5.2436,4.0659
7.7778,1.9861,0.68563,5.1701,3.858
7.4545,2.6968,0.7275,5.1138,3.9219
7.4545,3.4746,1.1189,4.8574,3.7772
7.0909,3.3602,1.1842,4.8475,3.7794
6.9167,3.2039,1.1617,5.0731,3.8318
7.2727,2.2843,0.78286,5.16,3.7613
7.3636,2.6934,0.82334,4.9764,3.7736
7.5,2.3214,0.7287,4.6246,3.6928
8.5556,2.0069,0.9924,5.045,3.8165
8.7778,2.048,0.91273,5.1454,3.8602
7.5556,3.0459,0.54225,4.8988,3.796
8.2,3.4254,0.40596,4.6983,3.5843
9.6667,3.5355,0.48564,4.7389,3.4466
9.7143,3.4983,0.85157,4.6287,3.3258
8.8889,3.2956,3.4662,5.586,4.0408
8.875,3.9799,3.6021,5.9391,4.2309
9,3.0414,3.3216,6.0212,4.2752
8.3333,1.9365,0.75896,5.083,3.6891
7.7,2.4518,0.91161,5.2852,3.8312
7.4545,2.2962,0.90874,5.1723,3.877
7.1818,2.0405,1.0122,5.044,3.9705
6.9167,1.7816,0.89028,4.7731,3.72
7.4545,1.6949,0.79768,4.8527,3.6711
7.7273,1.2721,0.77294,4.6444,3.5681
7.6364,1.5667,0.52256,4.5682,3.6077
8.2,2.201,7.7855,8.4667,6.9861
9.375,2.9246,8.7932,8.8789,6.8427
9.375,3.1595,8.7196,9.2377,7.0091
9,3.266,2.7344,5.102,3.9149
9.5,5.6061,6.9108,9.1883,6.4068
11.429,5.7404,7.6933,9.1828,6.2403
9.375,3.5026,7.4492,8.2437,6.1109
10.429,3.645,2.003,5.0787,3.6314
11.286,1.3801,0.86783,5.1223,3.6061
10.143,3.579,1.0703,4.6968,3.4702
8.8889,3.2189,1.0068,4.5857,3.4891
7.7778,2.9907,0.85177,4.5448,3.3791
8.4,2.7568,0.77611,4.8053,3.4706
7.9,2.079,0.88839,4.8638,3.5253
8.5,2.3214,0.82838,4.6643,3.4792
8.3,2.9833,0.82609,4.5093,3.4395
7,2.5298,0.54771,4.4668,3.4713
6.1667,1.6967,0.62606,4.5592,3.6301
6.3077,1.8879,0.59817,4.6788,3.7064
6.3333,1.9695,0.58854,4.7713,3.7267
6.3077,2.4962,0.57402,4.6842,3.7078
6,2.3805,0.47028,4.707,3.8224
6.4167,2.9375,0.55736,4.7121,3.7195
7.0909,2.7732,0.65139,4.7963,3.6969
7.2727,2.7601,0.64135,4.5956,3.4843
6.8333,2.5525,0.76694,4.7716,3.6456
7.1818,3.3412,0.73826,4.7597,3.6297
7.0833,3.7769,0.76045,4.8207,3.7741
6.75,3.9341,0.80641,4.7417,3.8396
6.5385,3.4306,0.81297,4.9157,3.9979
6.25,2.8324,0.8103,4.9042,3.9923
6.75,3.4145,0.61914,4.878,3.8158
7.6364,3.5291,0.73194,4.8093,3.7598
8.4444,2.7437,0.88874,5.1719,3.9893
9,3.1225,0.89633,5.3374,4.1045
9.1111,3.1002,0.68476,5.3082,4.0582
9,3.4641,0.60825,4.8776,3.6462
10.25,3.196,0.43819,4.7371,3.4599
11.286,2.6904,0.99182,4.837,3.4286
9.75,2.6592,0.92409,5.0152,3.6189
8.2,2.974,0.88675,5.2306,3.8301
7.7273,2.8316,0.52729,5.2094,3.8589
7.4545,3.3276,0.71822,4.9775,3.8528
7.2727,3.2277,0.58192,4.7404,3.7489
7.0909,3.2079,0.82425,4.5547,3.7861
6.9167,3.1176,0.75125,4.7036,3.8237
6.1667,2.6227,0.75998,4.7641,3.8703
5.9231,2.5968,0.68233,4.615,3.7833
6.2308,2.4547,5.6966,6.3577,5.7178
6.4545,2.5045,6.5874,5.7172,5.2663
8.8889,3.3333,7.54,5.2548,4.9259
10,3.1623,2.0146,2.7864,2.3813
10.125,3.4821,1.7399,3.9214,3.0229
8,2.9439,1.259,4.8439,3.6381
6.3077,2.5293,0.93571,4.6217,3.6279
6.0769,2.5968,1.1944,5.0304,4.0948
5.5333,2.4456,1.1517,5.1483,4.1592
7.3636,3.3248,1.0752,5.6064,4.2153
7.1667,2.9491,0.72565,5.1916,4.0212
7.4545,2.8058,0.8769,5.4652,4.1608
6.6364,2.7667,1.075,5.744,4.2731
7.5455,2.5045,1.1415,5.6821,4.2262
6.9167,2.5746,1.2663,5.4268,4.1524
6.1667,1.9462,1.1126,5.0183,3.9589
6,2.1985,1.0372,4.9193,3.9325
7.0909,3.4483,0.564,4.7497,3.9078
7.1818,3.2193,0.73967,5.2298,4.2118
6.5,1.8829,0.87652,5.7087,4.4957
7.1818,2.892,0.88689,5.69,4.399
7.0909,2.948,0.86018,5.0492,4.1369
6.9167,3.1176,0.9535,5.2474,3.9856
5.7692,2.1274,1.0752,4.9682,3.7659
7,3.9543,1.0679,5.1194,3.7496
7.7273,4.2448,0.72176,4.6443,3.4605
10.125,4.051,0.63134,4.84,3.6261
9.1111,4.1966,0.86106,5.2567,3.9523
8.625,3.5431,0.84,5.3821,3.9698
7.7273,2.9695,0.84771,5.3699,4.0888
7.5,2.3214,0.74694,4.8441,3.8571
7.3,2.4967,0.66534,4.8175,3.8254
7.1818,2.7863,0.35089,4.8021,3.7408
7.7778,3.7006,0.37965,4.9291,3.7008
8.8889,3.7896,0.40321,5.0049,3.8053
8.6667,3.5355,1.0128,5.2931,4.0543
6.7273,3.1013,1.0297,5.5252,4.4275
6.4615,2.4019,0.98281,5.6196,4.5484
7.2727,2.5334,0.72791,5.5558,4.3836
7.8,2.201,0.6717,5.5408,4.2351
7,2.7568,5.9525,8.1666,5.9591
8,2.9059,6.6247,8.4471,6.1295
6.8,2.7406,7.3095,7.4207,5.7025
10.429,6.8765,4.0178,4.6271,4.159
10.25,6.9437,2.5796,4.4127,3.8317
10.286,4.0297,1.929,5.6817,4.3008
9.2222,4.2065,1.0586,4.8279,3.6149
10.125,3.7201,1.0579,5.0906,3.7999
8.1111,3.5158,0.76529,5.0757,3.7198
8.3,2.7101,0.67936,5.2718,3.8816
7.2727,2.149,0.80479,4.9035,3.7651
7,2.7303,0.95672,5.0025,3.9538
7.7778,3.6667,0.97423,5.0215,3.8498
8.6667,3.7081,0.80265,4.991,3.8287
7.0909,3.5342,0.53196,4.7651,3.875
6.4545,3.1738,0.699,5.0257,4.0593
7.2727,3.5239,0.71358,4.9705,4.1155
8.625,3.42,0.73969,5.3535,4.1881
9.125,4.2908,0.72346,5.5103,4.1814
7.5455,3.2974,0.71664,5.4096,4.1828
7.3636,3.1392,0.70195,5.2827,4.1292
7.0833,2.9683,0.69713,5.3235,4.1673
7,2.6247,0.70743,5.3454,4.086
8,2.4495,0.59178,5.3844,4.1509
7.3,2.6268,0.50519,5.0626,4.0465
8.4444,3.3953,0.79348,5.4489,4.3318
7.1818,3.6556,1.3784,5.732,4.451
7.1,3.6347,1.3781,6.0311,4.5932
6.9167,2.9987,1.2071,5.7523,4.4119
7.8889,3.1402,0.81182,5.5133,4.2553
7.4545,2.8762,0.97071,5.7047,4.3715
6.1667,2.0817,1.015,5.6783,4.4329
6.2308,2.0878,1.0547,5.5139,4.3803
6.1667,2.0817,0.93018,5.4726,4.3133
6.6667,2.64,0.9282,5.5379,4.3621
8.1,3.7253,0.69614,5.7252,4.3743
8.3333,3.5355,0.75742,5.1682,4.0373
7.9,2.7669,0.64296,4.8426,3.7953
8.875,3.3991,0.59122,4.734,3.6336
8.5,3.5668,0.46419,4.8302,3.6939
7.7778,3.1136,0.61769,5.1273,3.7616
6.8182,2.6765,1.2994,5.5612,4.1566
6.8,2.7406,1.2246,5.7738,4.2694
7.3,3.2335,1.2848,5.6452,4.1383
9.2222,3.5277,0.65579,5.0343,3.7079
9.8571,3.0237,0.51261,4.6298,3.4361
9.3333,3.6401,0.63822,4.6675,3.5429
9.375,3.9978,0.62984,4.7765,3.5097
8.4,3.3731,0.55457,4.8529,3.6424
8.7778,2.7285,0.3951,4.8632,3.6646
7.1667,2.2088,0.60247,4.853,3.7711
7.5,2.7988,0.82107,5.0427,3.8967
7.4,3.2042,6.0285,7.6824,5.7127
9.7143,4.4987,7.5186,7.8954,5.6803
10,4.5356,7.1399,7.6771,5.6952
10.5,3.2514,2.2269,4.6722,3.7385
10.143,3.4365,0.88166,5.2,3.7728
10.25,3.0119,0.89422,5.1529,3.5987
10.143,3.2367,0.70494,5.2165,3.6198
8.1,3.5103,0.5484,5.1333,3.9021
7.1,3.5418,0.58728,5.2485,3.9979
7,3.0451,0.5461,5.183,4.0546
8.3333,2.8723,0.62092,5.3196,3.9327
8.1,2.0248,0.59754,5.0995,3.8696
6.5833,2.1515,0.62102,5.0678,3.911
6.3077,2.4962,0.7363,5.2363,4.0898
7.6364,3.443,0.74666,5.6007,4.1078
10.5,4.2762,0.80663,5.6715,3.9887
11.429,3.3594,0.77765,5.2386,3.7106
9.25,4.3012,1.1848,4.9668,3.7218
8.8889,2.8038,1.1035,5.0938,3.8745
7.7778,3.4921,0.8671,5.2925,4.1067
8,3.4278,0.96428,5.3532,4.256
8.3333,3.2404,0.87796,5.5141,4.2424
8.1,2.7669,0.79253,5.4582,4.1255
6.8333,2.7579,0.67583,5.1955,4.1132
6.8182,2.7502,0.67886,5.3034,4.1717
7.1818,2.6765,0.67861,5.4786,4.2056
7.7778,2.8186,0.59812,5.471,4.0553
8.4,3.3066,0.62209,5.2485,3.9242
8.2,3.3599,0.78889,5.1757,3.9256
7.7778,3.1929,0.84261,5.2931,3.9025
8.8889,3.444,0.7881,5.356,3.9613
8.875,3.4821,0.59037,5.0188,3.7346
9.3333,3.6401,0.3945,4.8668,3.7653
8.7778,3.898,0.5236,4.8707,3.7361
7.5455,3.2362,5.3021,7.0415,5.8248
8.1,3.4785,6.0752,6.3519,5.4149
8.3,3.3682,6.2253,6.3755,5.6787
9.3333,3.2787,2.394,4.4159,3.8693
9.4286,3.1547,0.82643,6.0119,4.4316
8.4,2.9889,0.65295,5.4909,4.1534
7.2727,2.7601,0.58743,5.0502,3.9694
6,2.0412,0.54071,5.0094,3.9606
6.5385,2.4703,1.1908,5.3491,4.2149
7.3,3.0203,1.1873,5.7986,4.4208
8.4,2.8363,1.1615,5.8918,4.4592
9.375,3.2923,0.93729,5.9148,4.3714
8.1,2.846,1.0148,5.6037,4.1753
7.1818,2.562,1.2862,5.2826,4.1031
6.5833,2.0652,0.87502,4.8653,3.9544
7.2727,2.6867,1.0554,5.2644,4.169
7.7273,2.5726,0.69672,5.5538,4.3002
7.2727,2.6867,0.44925,5.7176,4.4284
6.4167,2.5746,0.43394,5.523,4.349
6.6667,2.3868,0.49769,5.5483,4.4183
7.6,3.2042,0.61509,5.6084,4.494
8.1,2.8067,6.4389,8.9141,7.4368
8,4.1833,7.3453,10.115,7.7584
8.6667,4.3589,8.2683,8.9756,7.443
10.125,3.8707,4.9663,5.5555,4.6909
8,2.6247,2.0796,5.0215,4.0213
8.2,3.0111,0.76339,5.8951,4.4846
7.8889,2.8038,0.75448,5.5829,4.2363
8.5,3.8944,0.5195,5.4081,4.1139
8.4444,3.7454,0.56,5.3428,4.0567
8.8889,2.9345,0.74201,5.3572,4.2446
7.7778,2.6822,0.73694,5.1282,4.2125
8.4,3.4059,0.6995,5.0958,4.2316
8.2222,3.5629,0.72814,5.3634,4.2128
7.7273,2.0538,0.66741,5.4152,4.2028
7.8,1.6193,0.72753,5.6902,4.3782
7.5,2.0138,0.73046,5.4636,4.2077
7.7,1.8288,1.309,5.945,4.5021
7.4,1.8379,4.7684,5.939,5.4875
7.4545,2.7336,4.5928,6.4114,5.8903
8.4444,3.7786,4.9551,6.4311,5.7559
9.625,3.42,1.1711,6.3109,4.5704
9.625,3.2923,0.73008,5.6961,4.1413
7.8889,2.0883,0.70326,5.2719,3.9572
7.7273,2.1019,0.65518,5.2534,4.0971
7,2.4037,0.7108,4.9629,3.9682
7.5455,3.2051,0.72794,5.313,4.1631
8.7778,3.8333,0.77522,5.3531,4.0711
8.8889,2.9345,0.64731,5.4655,4.1039
10,2.9277,5.8066,7.3799,5.3281
10.857,3.7161,6.6343,8.0002,5.7114
11.286,3.1997,6.8316,7.8963,5.732
10.143,3.671,3.2499,5.6286,4.5601
7.7273,3.1334,1.41,5.3967,4.3136
7,2.3664,0.71861,5.7037,4.355
6.5833,2.4664,0.98819,5.6355,4.5068
6.7,2.2632,1.7515,4.967,4.0777
8,1.9365,3.1059,5.7465,4.3691
8,2.708,1.6269,4.1241,3.0417
8,3.2998,1.4576,4.5479,3.6506
7.3,2.7101,1.1957,5.2784,4.2581
7.8,3.1198,0.69092,6.266,4.9242
8.5556,3.0867,0.8786,7.0328,5.4593
9.4444,2.555,0.71928,7.3516,5.7019
8.8889,2.3154,1.4622,7.239,5.7028
7.6,2.5906,1.2788,6.6779,5.3315
7.8182,3.1247,1.1359,6.3549,5.0729
7.9,3.4464,0.58047,6.357,5.0523
7.8,3.0478,0.83776,6.6498,5.1573
7.8,2.7809,0.9331,6.6258,5.1534
8.6667,2.7839,0.93979,6.8213,5.3268
9.5714,2.82,0.95101,7.1095,5.2789
9.875,3.3568,0.91496,7.036,5.149
8.6667,3.2787,1.0901,6.5596,4.9774
7.4,2.319,1.2516,6.442,5.0121
6.6364,2.0136,1.4732,5.9968,4.8783
7.0909,3.145,1.3216,5.9557,4.7825
6.8333,3.2983,1.1084,5.8286,4.6922
7.25,3.0189,1.325,6.3158,5.1479
7.8182,3.3412,1.3789,6.4805,5.3569
9.25,3.0119,1.1683,6.7991,5.2369
9.375,2.3867,0.95387,6.3388,4.9782
10.5,2.0702,0.95056,6.2986,4.8721
10,2.0702,0.88172,6.2839,4.8531
9.625,2.9246,0.83696,6.4911,4.9531
9.125,3.182,0.78364,6.5078,5.0076
11.286,2.8702,0.63705,6.9144,5.2132
11,2.3664,0.78225,6.9139,5.0595
11.143,1.9518,0.86622,6.5892,4.7942
10.125,3.4821,0.63173,6.1544,4.588
6.8182,3.1565,1.1386,6.1543,4.7322
6.4167,3.1467,1.1648,6.2515,5.0196
7.0833,3.1176,1.3621,6.5614,5.3318
8.4,2.7162,1.1216,6.8682,5.5229
8.6,2.1187,1.1327,6.8168,5.4472
8.7778,2.3863,1.0716,6.5097,5.2042
8.3333,2.2913,0.86368,6.3615,5.1758
8.8889,2.9345,0.85729,6.1366,5.0324
7.9,2.4244,0.69091,5.8961,4.7947
8.3333,2.4495,0.44642,5.6601,4.6203
8.6667,3,0.88044,5.9384,4.8361
8.7,2.9458,0.80187,6.3873,5.1586
7.8,2.6583,0.87017,6.5925,5.2726
8.7778,3.4561,0.73009,6.9196,5.3545
8.6667,3.6401,0.92241,6.801,5.3683
8.1111,2.8916,0.84517,6.7763,5.408
8.5556,3.1269,0.86428,6.6543,5.5071
8.5556,3.0867,1.1675,7.3579,5.8739
8.6667,2.958,1.214,8.1524,6.2382
9,2.6458,1.0656,8.3972,6.4271
10.125,2.1671,0.63222,8.6433,6.4488
8.4444,3.0867,0.91806,7.99,6.3186
7.3,1.9465,1.1379,7.8561,6.3748
7.1,1.4491,1.1039,7.6796,6.2455
7.6,2.5033,1.1806,7.8798,6.4777
8.6667,2.5495,1.1115,8.3685,6.6461
9.2222,2.9059,1.0803,8.9778,6.9468
8.3,3.0203,1.1721,8.797,7.1124
8.2,2.8206,1.2472,9.0971,7.1872
7.4545,2.4643,1.2572,8.8596,7.2444
7.4545,2.5045,1.2064,9.1427,7.2476
6.8333,2.1249,1.2672,8.9761,7.3253
7.5,2.7988,1.2557,9.1869,7.3255
7.6,2.9889,1.405,9.2132,7.355
9.4444,3.0459,1.6871,8.5771,6.796
9.1111,3.444,1.6657,7.8703,6.0638
8.7778,3.2318,1.473,6.038,4.946
7.5,3.2745,1.6172,5.1594,4.3956
9.5,3.5355,1.3164,1.7891,0.7558
10,4.9666,0.98249,1.5953,0.88384
7.9,4.0401,0.66116,1.4405,1.0411
7.8,3.7357,0.83128,1.5561,1.085
8.1111,3.444,1.8145,2.2499,1.6172
11.571,7.1846,2.0048,2.4451,1.5778
11.429,6.9488,1.9905,2.0096,1.4092
9,3.3166,2.4961,2.0942,1.8234
9.75,3.7749,3.1654,2.5921,1.7837
26.333,26.633,3.4983,4.1103,2.1935
16,9.8995,2.6744,3.9234,1.6345
16,9.8995,2.6744,3.9234,1.6298
36.5,28.991,0.69625,4.3479,1.2939
9,5.244,1.2621,2.46,1.0701
12.833,10.496,1.2088,2.3218,1.11
12.5,13.178,0.2736,1.3162,0.7739
15,10.536,0.36672,0.95455,0.50806
16.6,8.2644,0.20219,0.85968,0.52212
9.5714,7.0441,0.67496,1.2202,0.66648
8.4286,4.504,0.64799,1.265,0.67213
20,21.848,0.77168,1.4197,0.65026
26,23.896,1.1221,1.8451,0.74764
14,8.1854,1.1094,1.8593,0.7862
17.333,13.051,1.1873,1.7801,0.77633
24,9.8995,0.22056,0.8826,0.50492
18.5,7.9373,0.16756,0.86156,0.47925
10.4,5.0299,0.81568,1.4128,0.70663
11.5,5.5408,0.69711,1.4759,0.773
11,6.364,0.69165,1.6311,0.72904
21.333,14.64,0.21954,1.3176,0.51487
45,0,0.12946,1.0795,0.4374
19.25,18.099,0.11922,0.99109,0.49376
10.2,5.02,0.16638,0.84735,0.48855
15,5.0498,0.17035,0.83572,0.50961
18.5,6.5574,1.3688,1.3726,0.76338
15.2,8.7006,1.1856,1.4212,0.79763
13.25,8.2209,1.3136,1.4947,0.7734
13.4,8.5615,0.34527,1.0507,0.56344
16.333,7.0238,0.37546,1.0937,0.51296
19.25,8.0156,0.33253,1.0516,0.54609
15.333,7.7675,0.027288,0.77069,0.50939
12.25,3.594,0.39128,1.0468,0.58455
13,7.5277,0.30605,1.2382,0.5692
24,21.656,0.14695,1.221,0.54529
16.2,17.283,0.19694,1.1102,0.60458
8,2.3094,0.18194,1.0726,0.61228
7.5,2.0736,0.1953,1.0797,0.59462
19,17.645,0.1752,0.863,0.49311
9.6,2.881,0.21946,0.93402,0.51229
10.143,4.5251,0.27798,1.0458,0.57664
18.25,16.112,0.2157,1.1634,0.5789
14.75,17.633,0.40272,1.4632,0.68073
13.5,8.4261,0.48362,1.348,0.67365
16.2,11.563,0.50031,1.3653,0.70802
16.25,10.813,0.39435,1.0904,0.56776
12,4.899,0.34007,1.0147,0.54953
13.333,4.0415,0.10264,0.90473,0.45803
22.667,15.822,2.4626,2.1294,1.2548
13.5,6.1914,2.9284,3.1538,1.9842
9.8333,4.916,2.5901,2.5781,2.0032
10.857,5.2418,2.0604,1.771,1.6355
11.429,5.9121,0.33334,1.1024,0.63244
9.1667,5.2694,0.28814,1.1596,0.66294
10.571,6.3994,0.27001,1.1603,0.64913
11,6.0553,0.15491,1.0757,0.61392
9.1667,3.3116,0.19544,1.0133,0.58128
10.429,4.0356,0.2228,1.0418,0.59626
10.5,5.4467,0.25232,1.0326,0.50961
26.333,18.339,0.24765,1.222,0.53084
12.333,7.5056,0.32427,1.0081,0.47931
14,6.9761,0.31853,0.94089,0.48516
18,17.224,0.24335,0.8478,0.46626
7.8,4.0249,0.19087,1.0644,0.56239
8.7143,5.438,0.27303,1.1769,0.62134
10.4,6.9857,0.31129,1.1922,0.57707
17.25,14.361,0.39386,1.1341,0.48979
25.5,21.92,0.17815,0.95605,0.42885
17,16.99,0.18158,1.1254,0.51265
12,10.368,0.18516,1.1686,0.55235
15.4,10.691,0.18814,1.1666,0.54862
15.25,9.6738,0.24144,1.0562,0.53408
19.667,9.2916,0.17159,0.89078,0.49865
17,11.69,0.19891,0.97431,0.54018
15.75,10.275,0.30882,1.199,0.60828
11.333,5.3541,0.3233,1.1895,0.63548
9,2.7775,0.33661,1.1351,0.70586
7.5,2.9907,0.2895,1.0638,0.68402
8.4286,5.3497,0.28514,1.0551,0.62319
14.5,10.247,0.28955,0.96278,0.50858
29.5,4.9497,0.076121,0.79432,0.37807
28.5,6.364,0.23328,0.94852,0.42309
24.333,14.503,0.23701,0.86732,0.48435
14.667,5.6862,0.28427,0.99045,0.61508
13,7.4833,1.5494,2.0434,1.0682
15,8.5245,2.2762,3.4522,1.796
12.167,8.085,2.0608,2.9253,1.8136
11.286,5.8797,1.93,2.161,1.6407
7.3636,4.2017,0.28677,1.311,0.83581
6.8182,2.9939,0.30617,1.2675,0.79507
6.625,3.1595,0.23979,1.1962,0.70623
17,10.033,0.37364,1.0856,0.61179
11.8,9.6799,0.65832,1.3407,0.6507
10.143,8.1941,0.69946,1.4593,0.8188
8,6.0415,0.61149,1.4308,0.87912
8.1111,4.6756,0.50563,1.1431,0.79141
8.6667,4.6637,0.17395,0.96327,0.62064
8.7778,4.9188,0.16747,0.95186,0.59906
8.6667,4.3012,0.34503,1.1291,0.68283
7,4.1231,0.32524,1.3343,0.80208
8.2,4.7796,0.3495,1.4168,0.83939
7.8,4.9171,0.30769,1.3666,0.8535
9.25,5.5997,0.47378,1.3097,0.82469
11,9.1287,0.45889,1.2028,0.76045
13.833,8.3766,0.50135,1.2729,0.78765
11.6,7.5697,2.6841,2.8056,1.6921
9.625,6.6103,2.2312,2.3819,1.7221
10.286,7.8042,2.2894,2.5929,1.7206
10.625,6.6748,0.64597,1.5309,0.89222
9.25,6.4087,1.0301,1.9898,1.1291
8,5.0709,1.0941,1.9002,1.0929
11.571,11.148,2.0083,2.9294,1.7651
15,12.021,2.584,4.3818,2.4896
8.7143,3.1997,2.6133,3.6071,2.529
10.6,5.4129,2.7735,3.3879,2.3916
12.833,8.7958,1.7038,2.5552,1.5814
10.125,8.0256,1.5327,2.376,1.5853
6.9091,3.5342,0.49093,1.5666,1.1945
7,3.4641,0.3185,1.369,0.89453
7.7273,3.1013,0.35374,1.2595,0.82912
7.7778,3.6667,0.42131,1.3044,0.81898
10.125,6.5343,1.3356,1.7161,1.3184
19.75,5.909,1.9827,3.0963,1.6012
11.857,9.1548,1.8168,2.3002,1.5918
6.8889,2.5712,1.3143,1.7065,1.2525
8.3333,6.4807,0.27579,1.2829,0.77812
17.75,12.148,0.32264,1.1714,0.67402
16.5,10.408,0.55471,1.5739,0.75129
12.75,4.4253,0.55406,1.5745,0.859
13,4.98,0.40479,1.6402,1.0714
12.5,6.3166,0.49021,1.6576,1.1131
6.8889,4.7813,0.50213,2.1025,1.2814
7,4.714,0.65349,1.9412,1.1594
8.1111,5.2068,0.68607,1.8073,1.057
10.714,4.1918,0.29734,1.2134,0.84946
10.714,4.1519,0.39274,1.3859,0.85354
7.625,4.3074,0.4034,1.185,0.81181
9.3333,10.309,0.45004,1.2321,0.79958
15.8,11.009,0.4997,1.1286,0.68479
11.667,7.6594,0.54153,1.35,0.75919
9.8571,7.0576,0.5785,1.4505,0.78256
11.5,9.2033,0.58505,1.6381,0.84511
15.25,9.215,0.67534,1.5987,0.77238
15.5,8.3865,0.46805,1.1595,0.64599
11.667,7.1461,0.22244,1.1019,0.60719
9.8571,6.1218,0.23142,1.0634,0.6079
9.3333,4.9244,0.40874,1.2657,0.74409
9,4.7434,0.43226,1.3213,0.76919
7.625,3.6621,0.30403,1.482,0.79267
10.167,4.7081,0.33891,1.2364,0.61696
16,10.368,0.23685,1.0435,0.51004
18.5,9.9833,0.15996,1.0568,0.56293
11.286,7.2276,0.34773,1.193,0.7127
9.4286,6.4771,0.37463,1.2447,0.75488
7.2,3.3928,0.34395,1.1431,0.71518
9,2.6926,0.47974,1.2149,0.73723
9.3333,1.9664,0.55737,1.2197,0.70104
10.375,7.3667,0.53714,1.1604,0.69567
9.2857,8.4205,0.31973,1.0496,0.57165
9.625,8.0345,0.27234,1.0792,0.61211
12.833,9.6003,0.271,1.1294,0.64667
13,6.603,0.27635,1.1626,0.70382
10.125,6.7705,0.3098,1.3184,0.75879
8.4286,5.2236,0.29055,1.3583,0.71482
11.286,6.1837,0.45776,1.2779,0.76042
12.4,4.5056,0.54187,1.2176,0.69529
12,4.0497,0.46926,1.4179,0.80989
14,4.858,0.34392,1.3099,0.76444
13.4,6.1074,0.35468,1.242,0.72544
11.714,6.3434,0.55198,1.2255,0.7087
7.9,5.1951,0.64991,1.4125,0.89471
5.6,2.7162,0.62477,1.4461,0.90551
8.8889,9.1712,0.54921,1.3989,0.84306
16.4,11.632,0.26678,1.1053,0.6173
8.375,7.3473,0.404,1.3124,0.82971
7.4545,6.9766,0.85293,1.7131,1.1399
6.5,3.873,0.81668,1.7025,1.1701
6.3333,2.8723,0.92081,1.7368,1.0612
8.4444,4.8762,0.26358,1.2077,0.73653
8.25,5.1755,0.39922,1.3064,0.739
8,6.5027,1.3288,1.6832,1.0306
12.333,7.7374,1.4958,1.8787,1.0015
13.5,6.3482,1.513,1.7261,0.96279
11.6,6.229,0.34904,1.1974,0.6108
10.875,5.7678,0.17443,1.1103,0.62226
10.875,4.6733,0.34124,1.1544,0.63834
8.6,5.1251,0.33244,1.1579,0.67752
6.3,3.4657,0.72927,1.4357,0.87822
6.7273,4.9212,0.69608,1.3227,0.86066
8.4444,5.3877,0.72727,1.3902,0.83348
7.5556,5.2467,0.19528,1.0683,0.60549
8.8889,4.7813,0.26462,1.03,0.60978
8.4,4.5509,0.2494,1.0291,0.58852
9.375,3.2923,0.22591,1.126,0.65686
8.3333,3.2787,0.37405,1.3681,0.78561
9.1429,4.7409,0.42269,1.4048,0.75831
13,8.438,0.43859,1.447,0.72168
16,7.1647,0.28001,1.13,0.56505
15.6,5.0794,0.2619,1.1233,0.62747
10.833,7.4944,0.21288,1.0667,0.59029
13,11.189,0.20224,1.0484,0.588
14.667,14.224,0.24728,1.0918,0.50306
21.333,23.094,0.094511,0.91043,0.47501
16,9.8489,0.22184,0.96084,0.44032
11.429,7.2768,0.37834,1.1802,0.63808
8,2.1602,0.44566,1.272,0.58009
18.25,22.515,0.3487,1.3704,0.59502
11.667,2.0817,0.82629,1.3838,0.5774
13.2,5.2631,0.69329,1.2124,0.61913
12.75,6.2383,2.4086,2.3285,1.4515
11.8,8.6718,2.6076,2.9609,1.8629
12.167,8.1343,2.4396,2.7489,1.8797
8.6667,4.3589,1.5553,1.9089,1.469
10.125,8.4758,0.57001,1.4748,0.75844
11,10.794,0.64737,1.6466,0.68681
21.333,28.308,0.80143,1.3117,0.5252
9.6667,5.5076,0.2269,1.0387,0.5027
8.8571,3.579,0.30931,1.1285,0.66093
8.875,3.6425,0.29448,1.2158,0.7468
10.25,4.7871,0.39844,1.2718,0.6523
24,16.523,0.31681,1.1535,0.54892
23,0,0.090807,0.98705,0.4351
53,0,0.64482,1.5072,0.55748
18,0,0.75805,1.4272,0.52662
18,0,0.75805,1.4272,0.51493
39.5,24.749,0.1823,0.99261,0.47599
12.5,7.1414,1.2324,1.5628,0.87043
14.5,10.847,1.4504,2.1143,1.1595
12,9.3381,1.3101,1.7837,1.1582
9.8333,3.4303,1.1995,1.6958,1.0787
7.625,3.4615,0.74293,1.2752,0.81249
11.286,8.5774,0.77448,1.3791,0.85593
9.7143,9.2864,0.18251,1.1822,0.67349
7.25,4.9917,0.089908,1.2913,0.61296
17,21.71,0.21454,1.0966,0.54311
16.667,14.572,0.083869,0.92578,0.48513
18,11.944,0.093672,0.94172,0.5505
13,5.831,0.094277,0.92598,0.52201
17.25,5.1881,0.093914,0.91798,0.49702
13.5,5.5767,0.41507,1.0351,0.56315
11.667,3.9833,0.40678,1.0579,0.79043
9.5,3.8341,0.97388,1.458,0.82564
14.6,8.1425,1.0564,1.349,0.75251
14.8,7.4632,0.2111,0.96096,0.6533
13.4,5.5498,0.1725,0.98046,0.51582
13.8,5.6745,0.17304,0.97814,0.52713
18.75,1.893,2.5967,2.8142,1.9138
12.333,7.3121,2.1858,2.9451,2.0309
8.4,6.168,1.9602,2.2419,2.0525
6.75,4.2239,0.96314,1.4705,1.0021
6.5556,3.6439,0.46949,1.1682,0.70151
12.6,12.116,0.54586,1.3027,0.64774
21,14.468,0.23388,1.1774,0.56766
12.333,10.289,0.50797,1.3929,0.74546
8.875,3.3139,0.52094,1.2444,0.75086
10,4.4078,0.52373,1.2755,0.78612
10.571,5.2554,0.27894,1.146,0.72225
10.333,5.1251,0.19824,1.2589,0.72202
15.2,9.3113,1.2809,1.6727,0.95868
13,9.252,1.9011,2.2196,1.4096
9.375,4.1382,1.702,2.0217,1.433
7.5455,3.1421,1.3102,1.5336,1.2544
8.2222,5.069,1.6496,1.663,1.3774
10.333,6.6232,2.3319,2.4212,1.7676
10.8,8.167,2.3842,2.746,1.7726
12.667,6.6833,1.6031,1.7148,1.2907
11,5.3984,0.26543,1.1209,0.63439
8.8889,5.0854,0.38093,1.3386,0.84323
9.75,7.6111,0.69954,1.7447,1.0559
8.5556,6.7103,0.6703,1.7474,1.1456
7,3.3912,0.8925,1.7552,0.95802
14.2,12.337,0.34204,1.2133,0.80446
13,4.9666,0.1877,1.3368,0.80381
10.25,4.5591,1.2133,1.7628,1.3171
10.429,5.7113,1.2894,2.102,1.6591
11.833,7.5211,1.443,2.0961,1.5942
13.5,6.442,0.83513,1.2778,1.222
8.8571,2.7343,0.12723,0.89667,0.65209
10.429,5.7404,0.16133,0.99085,0.6614
11.6,6.7305,0.13016,1.0739,0.7099
10.8,11.967,0.18891,1.1239,0.74243
13.5,10.986,0.20438,1.2444,0.85629
13.333,10.652,0.22924,1.2202,0.85659
15.6,10.738,0.1852,1.2259,0.89524
9.4,4.827,0.17212,1.1935,0.81254
11.714,5.5891,0.18309,1.3198,0.89064
14.6,8.0187,0.23398,1.293,0.86329
10.5,7.8166,0.21786,1.2866,0.96713
10.4,5.5045,0.50417,1.3664,0.89949
9.5714,6.0238,0.51543,1.7838,1.1172
8.5,5.0427,1.2675,2.456,1.8248
6.3077,3.0107,4.1956,4.6794,4.1756
5.9286,2.9211,3.7342,5.6784,4.6402
4.6667,1.4552,3.3332,5.4363,4.6518
4.2632,1.1945,1.6753,4.7788,3.7809
4.4444,1.2472,2.5088,5.6873,4.5069
4.3889,1.3779,2.3868,6.6538,5.068
5.1875,2.136,2.512,6.1577,4.9942
5,2.3094,2.3253,5.3844,4.3162
6.2308,2.5869,1.9362,4.7415,3.5149
6.75,2.2208,1.9618,4.176,2.9641
7.7,1.6364,1.5955,4.0982,2.8259
6.5,1.9306,1.731,3.8783,2.7983
6.4615,2.1839,1.6525,3.8586,2.85
6.0769,2.1394,1.3437,3.397,2.6516
6.7273,4.2683,0.88795,3.2693,2.4349
7.9,4.8408,0.84615,3.3424,2.4308
6.7,4.2177,1.6401,3.6406,2.6324
6.0769,3.4511,1.3905,4.3254,2.978
5.6,2.6132,1.3529,4.974,3.7007
5.7857,2.7784,0.88206,5.2184,3.7756
5.1333,1.8465,0.82866,5.2081,3.953
5.25,2.2361,0.85166,4.7238,3.6542
5.8571,2.445,0.8634,4.4938,3.4411
6.1429,2.5376,0.65134,4.402,3.2709
6.1538,1.9081,0.63995,4.2943,3.2129
5.5333,2.1996,0.6636,4.4006,3.3972
5.8571,2.3812,0.81697,4.3854,3.3595
6.1429,2.5975,0.69155,4.66,3.4768
6,2.0381,0.69531,4.6022,3.4492
5.4286,1.5046,0.60711,4.5451,3.4682
5,1.1547,0.57156,4.4158,3.3875
5.0625,1.2366,0.50192,4.4901,3.3741
5.0588,1.5195,0.63761,4.1702,3.2067
5.1875,1.905,0.76003,4.1203,3.2354
4.8824,1.7987,0.68361,3.9159,3.1463
5.125,1.4549,0.68802,4.2391,3.3493
4.8824,0.85749,0.7376,4.292,3.4521
5.125,0.80623,0.69262,4.411,3.5355
5.0625,1.2894,0.68761,4.4308,3.5215
5.25,1.291,0.67317,4.4245,3.4515
5.0625,1.7308,0.59427,4.4263,3.4073
5.1765,2.0687,0.56107,4.3197,3.3241
5.25,2.1448,0.4677,4.2653,3.2152
5.4667,2.1336,0.61756,4.2265,3.3058
6.3077,1.7974,0.57378,4.4886,3.3444
6.3846,1.6602,0.61174,4.4754,3.392
5.7143,2.0913,0.5184,4.4165,3.302
4.9412,1.9516,1.565,5.3056,4.0078
5.4667,2.5875,1.5483,5.714,4.2019
5.3333,2.2573,1.4325,5.8528,4.2701
5.6667,2.1931,2.0819,5.6896,4.3208
4.6111,1.7868,2.4823,6.8411,5.2754
4.25,1.6182,2.3128,6.8445,5.44
4.1,1.4832,2.1333,6.0028,5.0824
4.4,1.1425,0.94846,4.7044,3.8478
4.8824,1.5765,1.0469,4.6784,3.8862
5.375,1.5,0.99425,4.8552,3.9458
5.1176,1.6156,0.92342,4.9357,3.9657
5,1.8708,0.75834,4.7902,3.8652
5.25,1.9833,0.94013,4.8155,3.8149
5.9286,2.0555,0.90557,5.088,3.9175
5.4375,1.4127,0.94184,4.8512,3.7655
5.0625,1.1815,0.81177,4.7747,3.6837
4.7647,1.3933,0.89651,4.4464,3.5963
4.6111,1.3779,0.88488,4.416,3.5748
4.5,1.4246,0.82384,4.3611,3.6136
4.9412,1.5601,0.90203,4.5922,3.7331
5.0625,1.652,0.97004,4.6539,3.7545
5.9286,2.6155,1.0246,4.9019,3.8475
5.7857,2.6654,0.90967,4.911,3.8333
6.3077,2.7503,0.82972,5.22,4.0316
5.6,1.6818,0.92827,4.928,3.8775
5,0.96077,0.95444,4.4795,3.6211
5.6429,2.0609,0.84548,4.3363,3.4789
5.4,2.2928,1.0027,4.5678,3.5904
5.4,1.9198,1.0746,4.7111,3.7821
5.0625,1.7689,1.1201,4.62,3.7003
4.7647,1.1472,1.0054,4.3504,3.5396
5,1.6202,0.89805,4.3014,3.4613
5.5333,1.6417,0.83111,4.4917,3.5187
5.5,1.9115,0.78533,4.6286,3.6147
5.2667,1.4376,0.74806,4.6566,3.6685
5.8,2.0071,0.53391,4.6115,3.6141
5.6,2.1314,0.62725,4.5538,3.6168
5.5714,2.311,0.56152,4.4842,3.4354
5.6667,2.2254,0.72912,4.3987,3.4849
5.2,2.1778,0.75939,4.0958,3.3786
5.2,1.9712,0.95825,4.3948,3.5275
5.0625,1.9822,1.0183,4.4918,3.4643
5.375,1.7842,0.95719,4.5448,3.5016
5.0625,1.5262,0.9028,4.5663,3.546
5.375,1.7842,1.011,4.727,3.6701
5.3333,1.6762,1.0179,4.7279,3.6624
4.7647,1.5624,0.88261,4.2838,3.4652
5.125,1.7078,0.9543,4.3076,3.5515
5.8571,2.5376,1.6465,3.6149,3.0523
5.9231,2.2532,1.7183,3.5986,3.1535
5.3571,1.6458,1.4891,3.592,2.8603
5.6667,1.633,0.74044,4.5681,3.6116
5.9286,1.7305,0.70617,4.7252,3.6613
5.7333,1.5796,0.90532,4.5331,3.6676
5.375,1.5438,0.87476,4.1648,3.3471
4.7647,1.1472,0.95117,3.9974,3.311
4.9412,1.3449,0.91081,4.0143,3.2202
4.4706,1.2805,0.88582,4.1449,3.3384
5,1.7889,0.68076,4.3135,3.4693
4.8824,1.9648,0.59119,4.3401,3.451
5.1875,1.6419,0.63231,4.292,3.419
4.9375,1.3401,0.65379,4.243,3.3636
5.0625,1.1815,0.70958,4.3837,3.4367
5.375,1.4083,0.67028,4.3574,3.391
5,1.8708,0.61928,4.2003,3.3025
5.5333,2.0999,0.60676,4.151,3.2243
5.8,1.9712,0.74156,4.3797,3.3836
5.7857,1.5777,0.86586,4.5513,3.5098
5.6,1.4041,0.88801,4.507,3.5148
5.0625,1.1815,0.97494,4.5536,3.6252
5.0588,1.2485,0.914,4.5269,3.5832
4.8235,1.38,0.9216,4.415,3.461
4.9412,1.2485,0.83371,4.1083,3.2726
6,2,0.9618,4.1441,3.4151
5.7692,2.2418,1.0321,4.6045,3.7948
5.5,1.6984,0.86563,4.6771,3.7908
5.6667,1.7593,0.81185,4.5644,3.6628
5.5333,1.4573,0.71235,4.4898,3.4524
5.6,1.8439,0.73033,4.3298,3.3453
5.7143,1.7728,0.87168,4.374,3.4007
6.5,2.7183,1.357,4.4798,3.2363
9.2222,5.1424,2.1622,3.6195,2.8078
10.125,5.1944,2.594,4.0534,3.1641
8.1,2.846,1.8495,4.2583,3.4265
6.25,2.0057,1.0425,5.0617,4.0238
5.7333,2.1536,0.6824,4.8384,3.7929
4.9412,1.9834,0.83822,4.6166,3.7457
4.4444,1.2935,0.69767,4.5089,3.6396
5.2667,1.9074,0.83205,4.6157,3.6609
6.3846,1.9381,0.70211,4.8425,3.6711
6.3077,2.4285,0.65047,4.9155,3.6143
6.3846,2.785,0.6229,4.8072,3.5626
6.1538,2.6092,0.59396,4.6813,3.5715
6.1538,2.1543,0.75862,4.9128,3.6277
6.6667,2.1462,1.2916,4.7477,3.4889
7.6,3.2387,1.6725,4.8867,3.5911
9.3333,3.2016,1.6872,4.8626,3.5412
6.6667,2.9949,1.1736,4.701,3.5696
5.8571,2.9051,0.82655,4.3863,3.4676
4.9412,1.3449,0.72056,4.2966,3.4129
5.2,1.2649,0.88251,4.6754,3.6196
4.9412,1.5996,0.9176,4.5859,3.6505
4.8235,1.8109,1.1328,4.6834,3.7163
4.6667,1.8787,0.98442,4.3636,3.537
5.1875,1.905,1.0499,4.5452,3.521
5.6,1.8048,0.78581,4.4889,3.5029
5.7143,2.0913,0.7557,4.4812,3.5471
5.2667,2.0166,0.74442,4.5357,3.5637
5.6429,1.8232,0.75157,4.4969,3.4897
5.1875,1.4705,0.58121,4.6055,3.5578
6.0714,2.6447,0.75143,4.6656,3.5489
6.4615,2.9893,1.13,5.0793,3.8247
5.5333,2.8752,1.1476,5.0896,3.8978
5,2.1292,1.0755,4.8798,3.8682
5,1.6956,0.86152,4.6674,3.695
4.7059,1.6869,0.82485,4.6521,3.6152
4.7222,1.7083,0.8594,4.6392,3.6693
4.7778,1.5551,0.78883,4.5647,3.5951
5.3333,1.3452,0.75467,4.4876,3.5356
6.2308,2.1274,0.77419,4.5168,3.4419
6.1429,2.2138,0.62223,4.426,3.4264
5.9286,2.269,0.681,4.4189,3.4196
5.3571,1.2774,0.62696,4.549,3.5178
5.7857,1.4239,0.63422,4.5775,3.476
6.1538,1.4632,0.62755,4.4416,3.4571
5.7857,1.6723,0.54433,4.3491,3.3451
5.8571,1.8337,0.60393,4.5337,3.4043
6.4615,2.4019,0.61229,4.7524,3.4685
6.4615,2.4364,0.68766,4.9554,3.6206
6.8333,2.2896,0.84036,5.0299,3.7325
6.4615,1.9839,0.80808,4.8296,3.7131
6.3077,1.3156,0.75268,4.7062,3.6618
6.1429,0.94926,0.53564,4.5061,3.5785
6,1.6172,0.88671,4.4705,3.561
5.4667,1.5976,1.1453,4.426,3.5289
5.375,1.3601,1.1447,4.4913,3.6064
5.0588,1.3449,1.035,4.3627,3.6017
5.1176,1.4951,0.88208,4.3981,3.5442
4.7647,1.6019,0.84914,4.162,3.3203
4.9412,1.5195,0.93958,4.3862,3.4279
5.6,1.8822,0.83653,4.4664,3.4947
5.4667,1.8465,0.76502,4.6584,3.608
5.1875,1.682,0.75519,4.4734,3.528
4.8333,1.2485,0.71573,4.3533,3.4517
5.375,1.5438,0.71083,4.3259,3.385
5.375,1.6279,0.68942,4.4804,3.4455
5.4667,1.6847,0.88083,4.5642,3.4371
5.25,1.5275,0.92073,4.4501,3.4276
5.6,1.5946,0.91473,4.4947,3.5364
5.7143,1.8157,0.89019,4.7457,3.6595
5.25,1.6931,0.79098,4.7462,3.6352
5.125,1.5,0.76584,4.6736,3.5022
5,1.4606,0.74092,4.4505,3.3821
5.0588,1.676,0.78568,4.3295,3.4113
4.875,1.7078,0.77085,4.2312,3.3795
5.2857,1.8985,0.61738,4.2905,3.4421
6.3846,1.8947,0.71716,4.6682,3.5295
6,1.7097,0.92161,4.5654,3.5779
5.2,1.5675,0.97209,4.4987,3.5967
5.1176,1.5363,0.99883,4.0621,3.3536
4.8235,1.38,0.94544,3.9375,3.2835
4.8333,1.2485,0.9403,3.8664,3.2078
5.1176,1.1114,0.94629,4.1803,3.4339
5.125,1.3601,0.8488,4.4625,3.5953
5.6,1.7238,0.78222,4.5969,3.6239
5.1176,1.6156,0.93608,4.2767,3.5001
5.0625,1.652,0.90798,4.0322,3.3067
5.125,1.5438,0.79256,3.9583,3.3011
5.4667,1.6847,0.6797,4.0743,3.2695
5.0588,1.3449,0.70101,4.1486,3.3356
5,1.4142,0.77867,4.3749,3.4892
5.125,1.3102,0.78564,4.664,3.6142
5.0588,1.9193,0.75495,4.6405,3.6522
4.8333,1.6539,0.69128,4.4564,3.4957
4.7647,1.6405,0.64052,4.0869,3.2716
5.4667,1.4075,0.68841,4.232,3.3425
5.3333,1.633,0.66503,4.1316,3.3341
5.6,1.5024,0.64508,4.5572,3.5361
5.25,1.6931,0.60636,4.511,3.5008
5.3571,1.3363,0.74527,4.5245,3.578
4.8824,1.269,0.74604,4.338,3.4445
4.8333,1.3394,0.88457,4.3601,3.565
4.875,1.9958,0.91082,4.321,3.426
5.5333,2.5317,0.80864,4.4346,3.3861
6.0714,2.4326,0.69533,4.306,3.2051
5.7692,2.2418,0.60305,4.3527,3.27
6.0714,2.7306,0.9202,4.3933,3.431
5.6667,2.6637,0.98057,4.287,3.4613
5,1.8708,0.93142,4.3007,3.5388
4.6471,1.7657,0.77491,4.2763,3.4784
4.6667,1.7489,0.65174,4.3072,3.4259
4.9412,1.8531,0.60833,4.2815,3.387
5,1.633,0.61928,4.3125,3.3608
5.3571,1.3927,0.81961,4.435,3.3563
6.5833,2.3143,0.83008,4.541,3.3498
6.75,2.701,1.0656,4.4443,3.3366
5.6154,2.1031,0.96476,4.3545,3.4552
5.0667,1.5337,0.94719,4.3662,3.5323
5.4667,2.1996,0.66567,4.4438,3.4285
5.4375,2.1282,0.53144,4.3103,3.3175
5,1.6583,0.62863,4.2077,3.284
5.0625,1.4818,0.63168,4.2979,3.3875
5.0625,1.6112,0.68514,4.4538,3.4729
5.1176,1.409,0.63351,4.4902,3.4923
4.7647,1.1472,0.74359,4.5395,3.6088
5,1.7889,0.89758,4.7631,3.6999
5.3125,1.6621,0.84662,4.9604,3.8405
5.125,1.8574,0.9472,4.7524,3.7406
5.1875,1.682,1.0278,4.5461,3.5785
5.2667,1.7099,1.0103,4.288,3.4759
5.125,1.7078,0.88217,4.3871,3.5048
5.1176,1.5363,0.61232,4.3853,3.5094
4.7647,1.5624,0.37273,4.4376,3.5063
4.8235,1.2862,0.40138,4.3356,3.4906
5.25,2.49,0.40463,4.2045,3.3493
5.4375,2.3085,0.61853,4.3406,3.4536
6.0714,3.0246,0.7842,4.4902,3.5247
5.9286,2.1291,0.81686,4.6766,3.6412
6.3077,2.5293,0.83779,4.3691,3.4186
5.8,1.8974,0.72665,4.1601,3.2476
5.6429,2.0979,0.53934,4.1199,3.1971
5.6,1.9567,0.62621,4.352,3.3436
6,1.9215,0.74165,4.4944,3.4178
5.9286,2.0178,0.86113,4.5744,3.4758
5.7143,1.8576,0.83229,4.3043,3.2823
6.3846,1.6093,0.94114,4.5625,3.4584
5.5333,1.9952,0.93134,4.5217,3.4899
4.7778,1.6647,1.1865,4.7778,3.7516
4.4737,1.7117,1.1014,4.7577,3.7597
4.8333,1.6539,1.0378,4.8396,3.8067
5.6429,2.0609,1.112,4.836,3.693
6.7273,2.1019,1.1647,4.5823,3.2564
12,8.8769,1.9349,4.2415,2.5055
11.833,9.5795,1.3452,2.4128,1.6522
8.5714,3.5989,0.39377,1.7859,1.1838
9.875,3.5229,0.9116,6.5579,4.5633
10.5,3.3317,0.77442,6.4082,4.5031
11.429,3.3594,0.62753,6.3895,4.4596
12.5,1.0488,0.57255,6.3756,4.4262
11.143,3.7161,0.59542,6.1991,4.3566
9.875,4.3895,0.38366,5.8175,4.159
9.875,4.5806,0.53028,5.679,4.0414
9.5714,4.8599,0.48612,5.6128,4.0404
9,4.7697,0.46414,5.5751,4.0967
8.8889,4.4845,0.51612,5.7458,4.1819
8.3333,4.1231,0.51994,5.8034,4.174
9.75,4.7132,0.57988,5.8389,4.1863
8.7778,4.5216,0.50185,5.7683,4.1969
9.75,4.1318,0.62944,5.8139,4.2334
11.286,3.6839,0.65536,5.5295,3.9895
10.25,4.7434,0.69566,5.461,3.9704
7.5556,4.0654,0.62604,5.2352,3.8816
8.5,4.3425,0.56283,5.4115,3.9062
9.5,4.0708,0.71191,5.2598,3.9097
9.625,3.6228,0.66331,5.6026,4.0276
9.2222,4.4096,0.67511,5.6356,4.118
7.8,4.4171,0.49579,5.996,4.3111
7.3636,4.5885,0.75983,5.6288,4.2025
7.4545,4.2276,0.75718,5.6511,4.2054
9.375,3.6621,0.78162,5.532,4.0827
11.143,3.5322,0.47893,6.0187,4.2466
13.167,1.7224,0.3167,6.1494,4.309
10.667,3.6697,0.59295,5.8597,4.3034
9.625,4.0686,0.5511,5.7789,4.2755
9,4.4441,0.59693,5.5502,4.0825
9.75,4.432,0.60229,5.4736,3.9586
8.375,4.3404,0.49211,5.3162,3.8133
9.75,4.3342,0.48822,5.495,3.935
8.8889,4.3141,0.61266,5.9076,4.1636
8.5556,4.6934,0.46966,6.2946,4.3683
8.2,4.4422,0.57016,6.2439,4.3507
9.625,4.2067,0.66508,6.1906,4.3055
11,3.6332,0.68805,5.9028,4.253
11.571,4.1975,0.71341,5.7116,4.1694
10.5,3.8914,1.03,5.7141,4.2456
8.125,4.4219,1.2747,6.0367,4.3801
9.5714,5.3497,1.2587,6.2383,4.5831
9.875,5.5146,1.1734,6.2102,4.5769
10,3.8914,1.0978,5.9038,4.3935
9.8571,3.9761,1.036,5.674,4.2849
9.875,4.4541,0.71441,5.7028,4.2061
9,4.6637,0.69868,5.6522,4.2029
8.2,4.492,0.72822,5.5064,4.1328
8.375,4.4701,0.89439,5.2459,4.0281
8.8889,4.4566,0.73495,5.2095,3.9932
8.6667,4.3301,0.82378,5.35,4.103
9.7143,4.957,0.74918,5.4808,4.0944
11.286,4.2314,0.6484,5.784,4.1267
11.143,3.579,0.65148,5.7654,4.1236
10,3.1623,0.8737,5.8062,4.2113
9.5714,3.7796,0.74586,5.9562,4.3497
9.875,3.6031,0.75619,5.8106,4.2622
11.286,4.0297,0.61027,5.9398,4.2731
11.667,4.5461,0.86957,5.2971,3.9932
9.875,4.5493,0.83202,5.2603,3.9852
8,4.3716,0.77191,4.9517,3.9186
7.6364,3.6131,0.75205,5.1649,4.0237
8.5556,3.3208,0.74046,5.2587,3.926
9.1429,3.9761,0.59122,5.4511,3.9833
11,4.3359,0.74927,5.5204,3.9323
13.667,2.582,0.57474,5.6041,4.0277
13.8,2.5884,0.48608,5.4811,3.9955
11.667,3.4448,0.8161,5.5478,4.0149
10.125,2.8504,0.93976,5.4137,4.0079
8.8889,2.6194,0.93969,5.3472,4.0679
9.2222,4.1164,0.78307,5.3177,4.0583
10.375,3.8891,0.83367,5.3778,4.0629
8.75,3.5757,0.93011,5.3637,4.107
10.25,3.5355,0.89088,5.522,4.1642
10.125,3.3139,0.75362,5.4471,4.1047
11.833,3.656,0.55608,5.5495,3.9972
11.667,3.4448,0.562,5.5465,3.9314
11.714,3.3022,0.53238,5.537,3.9274
11.714,3.0938,0.58999,5.5835,4.0051
10.857,3.3877,0.77339,5.443,3.9826
10.429,4.0766,0.81665,5.524,3.8421
10.286,3.5923,0.7544,5.3973,3.7282
9.7143,2.8702,0.72076,5.3994,3.7346
11.5,3.1464,0.55624,5.4371,3.7821
12.143,3.4847,0.54414,5.387,3.8496
10.625,3.42,0.52189,5.351,3.9438
9,3.6253,0.49304,5.1474,3.9027
11.8,4.1473,4.9148,6.5456,4.6013
14,5.4406,5.0126,5.6185,4.4609
13.167,5.2694,4.9348,6.0242,4.6632
11.167,3.656,2.59,4.36,3.2364
8.5,2.7775,1.9224,5.3942,3.9277
9.3333,3.2404,2.6728,6.6523,4.6815
8.7,3.5917,2.0644,7.008,5.0941
8.5,3.504,1.9027,7.3431,5.2984
7.3,2.9458,1.3398,6.6236,4.9859
8.5556,2.9202,1.2467,6.8329,4.9186
7.7,2.6268,1.4177,6.0826,4.5655
7,2.4495,1.4934,6.0644,4.9429
6.7778,2.5874,1.5858,6.1754,4.5812
9.7778,4.8677,3.1454,4.7374,4.123
10.625,5.5275,2.3687,2.5794,2.5337
10.125,4.6733,1.4145,2.0353,1.6314
8.375,3.7773,2.6684,3.884,3.2288
9,3.4226,2.6542,6.0567,4.8807
9.375,2.2638,1.2728,7.6289,5.6655
9.625,3.0677,1.0295,8.1015,6.0252
8,3.266,1.5067,7.0781,5.4517
7.7,2.9833,1.3695,6.9023,5.201
8.7778,3.2318,1.3836,6.5364,4.9796
8.8889,2.7588,1.2431,6.8059,5.1675
8.2222,1.9861,1.2471,6.532,5.1723
9.25,2.252,1.191,6.705,5.2495
11,2,1.2587,7.6187,5.5427
10.75,2.3146,1.8243,7.8671,5.7825
10.125,2.4749,1.9157,7.5382,5.5225
9.5,2.3299,1.9041,6.9891,5.3229
10.5,2.2039,1.3732,6.9784,5.271
10,3.9641,1.5047,7.4437,5.5893
7.6667,3.6056,1.8193,7.6804,5.7712
8.3333,4.2426,1.8877,7.6302,5.6861
8.5556,3.5395,1.9983,7.1587,5.4764
9.5,2.4495,1.4229,6.5656,4.9941
9.875,2.8504,1.2543,6.6211,5.0883
10.714,1.496,1.2273,7.0876,5.2288
9.375,2.2638,1.4732,7.1241,5.3523
9.2222,2.048,1.3762,6.7008,5.2655
9.1111,2.3154,1.2257,6.4958,5.1214
8.1111,2.4721,1.5115,5.9004,4.9929
7.9,2.1833,1.6326,6.0269,4.8251
8,2.1082,1.5143,6.3497,4.7521
7.8,2.3476,1.4999,6.5364,5.129
7.5,2.0138,1.698,6.6013,5.4028
8.5,2.7183,1.8267,6.5493,5.3733
9.2222,2.5874,1.8258,6.8412,5.3795
9.375,2.56,1.7041,7.2288,5.6741
11.571,2.3705,2.7868,7.5625,5.8343
10,3.4641,3.9976,5.0207,4.9437
9.625,3.378,4.6351,4.2893,4.4759
8.7143,2.7516,4.3745,4.8955,4.4506
11.143,2.1931,3.718,7.4023,5.473
9.875,2.5319,1.3153,7.4622,5.5553
8.5,2.6726,1.545,6.9318,5.416
8.7,2.4967,0.87717,6.5196,5.3387
9.3333,2.7839,0.95439,6.5566,5.2126
9.8571,3.0783,0.90281,6.8369,5.0333
10,2.7775,1.052,6.2598,4.7809
8.5556,2.1279,1.2195,5.9234,4.5561
7.6,1.4298,1.3394,5.6548,4.5472
8.7778,2.4889,1.353,5.6986,4.4219
9.25,2.4928,1.1212,5.8558,4.4521
9.625,2.56,1.2452,6.0534,4.5032
7.9,2.6854,1.5289,5.9867,4.6297
8.5556,2.555,1.4038,6.2529,4.5434
7,2.3741,1.4006,5.5817,4.6282
6.7,2.7101,1.201,5.6228,4.8648
7.7,3.2335,1.2209,6.0816,4.9029
9.1111,2.5712,0.93163,6.5209,5.1083
9.375,2.2638,0.44352,6.3402,4.9812
8.8889,2.3688,0.82703,5.9638,4.8554
8.8889,2.2048,1.0939,5.9106,4.8753
9.2222,1.8559,1.2053,5.9798,4.8696
8.4444,2.1279,1.0101,6.5359,5.0328
8.7778,2.7285,1.0994,6.3647,4.7342
9,2.6458,1.0613,6.1861,4.6214
7.1,2.6854,1.3416,5.8441,4.8059
8,3.3993,1.7232,6.48,5.106
8.4444,3.7118,1.6339,7.0229,5.1724
11.143,2.9114,1.4581,7.3919,5.2124
9.4286,3.1015,1.4189,6.5186,5.2939
10.375,3.3354,2.6712,4.9863,4.5043
9.75,4.4641,4.1823,5.3617,4.2746
9.5,5.0427,4.1017,5.608,4.2276
8.3333,4.6904,3.0658,6.7602,4.7798
8.5,3.504,1.189,6.106,4.7607
8.2,2.3476,1.3868,5.8638,4.5729
7.5455,2.1149,1.3865,5.6992,4.5451
7.9,2.5144,1.3653,5.7566,4.5606
9.2222,2.6822,1.1894,5.8257,4.5523
9.5,2.5635,1.3553,6.1595,4.6801
9.3333,2.8723,1.5018,5.7467,4.6353
9.4444,2.6977,1.3256,5.5862,4.4354
8.6667,2.7386,0.94154,5.7134,4.5276
8.8889,3.8224,1.073,5.7173,4.5253
7.8,3.2592,1.7158,6.0955,4.7591
7.3,1.767,1.844,5.7613,4.4712
7.2727,1.4894,1.6598,5.9919,4.672
8.4,2.2706,1.5862,6.2031,5.0803
9.1111,2.5221,1.69,6.5098,5.1451
8.8889,2.4721,1.8855,6.4382,5.2135
7.7,1.4944,1.7689,6.0133,4.7696
8.5556,2.1858,1.5633,6.156,4.8119
9,3.0414,1.5507,5.8769,4.5419
8.5556,2.8333,1.3921,5.5369,4.2649
7.6667,2.3979,1.4781,5.3231,4.2646
8.8889,2.8916,1.2193,5.5078,4.2885
11.143,1.8645,0.52728,5.8751,4.1983
11.143,1.8645,0.5336,5.9996,4.4332
9.2222,3.2318,2.3414,5.2787,4.2201
8.5556,3.0867,2.6943,3.9997,3.5247
8.4,2.8752,1.641,2.4447,2.4792
8.7778,3.3458,2.8225,2.8821,2.453
7.8,3.6454,3.15,4.387,3.6852
8,3.4319,2.6294,5.372,4.2534
8.1,2.331,1.5444,5.6632,4.5517
8.4444,2.7889,1.1865,5.8622,4.381
7.9,2.4244,1.3831,5.7174,4.4721
8,2.3094,1.3894,5.6053,4.3624
7.7,1.8886,1.426,6.0029,4.5672
7.5,2.0138,1.749,5.6826,4.5381
7.2727,1.7939,1.654,5.5451,4.496
7.7,1.8288,1.3374,5.2826,4.1801
7.5556,1.8105,1.2873,5.4193,4.2751
8.8889,2.7588,1.1262,5.7832,4.3662
9.5,2.5635,0.84921,5.9296,4.4481
9.7143,2.9277,0.85061,5.9151,4.5702
9,3,0.7457,5.7542,4.6582
9.5,2.6186,0.57802,5.951,4.5467
8.6667,2.8284,1.1659,5.5515,4.4161
8,2.357,1.2896,5.4008,4.224
7.6364,1.7477,1.3508,5.2604,4.2097
7.4,1.6465,1.4193,5.1752,4.2568
6.75,1.4222,1.3247,5.2778,4.3111
6.9167,1.4434,1.467,5.3975,4.3158
6.9167,1.3114,1.4984,5.5169,4.3404
8,2.2111,1.6477,5.9524,4.5225
8.7,2.9833,2.9752,6.7033,4.8175
8.6,3.2387,3.5666,5.8869,4.4524
7.8,2.8597,3.8468,4.5119,3.8907
8.6667,2.8284,3.057,4.2469,4.1773
10.125,3.0909,2.8573,5.3351,4.636
9.7143,3.0394,1.492,6.129,5.007
8.2,2.8206,1.3373,5.4414,4.3217
8,2.9814,1.4518,5.4954,4.2745
8,2.569,1.628,5.6136,4.3832
8.6667,2.3979,1.6353,5.6457,4.2211
8.1,2.331,1.6687,5.4573,4.1778
9.375,2.8253,1.4764,5.5164,4.1626
9.2222,2.5874,1.3501,5.7036,4.1946
8,2.2111,1.3655,5.7444,4.3791
8.2,2.4855,1.3247,5.5794,4.5613
9.1111,4.0139,1.3041,5.7707,4.5441
9.8571,4.2984,1.3213,5.854,4.3989
8.7143,2.9277,1.4637,5.5527,4.1802
10.857,3.7161,1.2959,5.9235,4.0705
10.857,3.7161,1.6528,5.6495,4.1536
8.2222,2.9486,1.4446,5.684,4.1956
7.7,2.0575,1.5256,5.4291,4.1139
8.2222,2.8186,1.403,5.2117,3.9642
8.2222,2.5874,1.6348,5.1254,3.9212
7.6,1.5055,1.852,5.3808,4.062
7.1,1.6633,1.9771,5.5237,4.4171
8.1,2.5144,1.7362,5.7835,4.4798
8.4444,2.651,1.428,5.9072,4.4083
8.8889,3.1002,1.5651,5.6204,4.3397
8,2.5,1.5287,5.2119,4.4034
7.2727,2.195,1.3815,5.4335,4.3737
7.4545,2.3394,1.5233,5.478,4.4047
7.3636,2.2482,1.437,5.503,4.4178
8.6667,2.5,1.4123,5.796,4.4074
8.3333,2.5495,1.5098,5.44,4.3046
9.1111,3.6553,1.4883,5.3838,4.4332
9.5,3.4641,1.4333,5.5749,4.3274
8.5,3.8914,1.2722,5.4837,4.2003
9.3333,3.6742,2.0346,5.5591,4.1096
8.6667,3.1623,3.069,5.8542,4.4419
9.7143,2.2147,3.3251,6.8115,4.8462
10.125,2.5877,2.836,6.3271,4.7334
8.7778,2.5386,1.5449,5.7269,4.3471
7.5556,1.8105,1.4659,5.2572,4.1991
7.8182,3.1565,2.2682,5.7385,4.8081
8.75,3.4122,2.9684,5.2523,4.2356
8.3,3.3015,3.4059,5.4817,4.8319
9.25,3.1053,3.0177,5.0749,4.3128
8.3333,2.8284,1.8409,6.1892,4.7562
9.25,2.1213,1.1198,5.2031,4.0577
8,2,1.271,5.1052,3.9759
7.7,1.4181,1.5974,5.3846,4.0933
8.2222,2.2791,1.8324,5.6049,4.2453
8.1,2.5582,1.6732,5.7213,4.4
7.8,2.201,1.5905,5.5638,4.3101
7.9,2.331,1.4285,5.5769,4.3211
7.4545,2.6968,1.4504,5.5977,4.3197
7.6,2.7568,1.547,5.9371,4.2814
7.6667,3.1623,1.6287,5.9537,4.2148
9.5,2.4495,1.3379,5.5531,4.244
8.5556,2.0683,1.1818,5.4573,4.167
7.5,1.1785,1.3443,5.0185,4.2079
8.1,1.912,1.3634,5.2094,4.2126
8.5556,1.8105,1.3783,5.5377,4.2112
8.375,2.0659,1.4327,5.6223,4.3207
9.1111,2.848,2.5541,6.1719,4.8292
10.125,2.7999,3.3623,5.194,4.251
9.5714,3.2587,5.0732,5.5051,4.9611
10.429,3.3594,4.702,4.2323,4.1089
12.143,3.7161,5.0285,5.2599,4.4085
9.5,4.0356,3.1201,4.5169,3.9756
10.143,4.2201,2.5115,5.7393,4.16
8.7778,2.4381,1.3301,5.4707,4.3324
8.1111,2.7588,1.2948,4.9111,3.872
6.6667,1.9228,1.2053,4.7379,3.8608
7.8,2.9364,0.98099,4.9642,3.8975
8,2.8723,0.84854,4.9982,3.9686
8.8889,2.6194,0.96753,5.4292,4.3084
8.6667,2.3979,1.1288,5.7255,4.5432
7.4,2.2706,1.6473,5.3576,4.5668
7.4545,2.1616,1.5869,5.3726,4.5122
7.6364,2.4606,1.5654,5.2716,4.4495
7.7,2.406,1.6124,5.6809,4.8456
8.6667,3.1623,1.8442,6.0738,5.2528
9.2222,2.4889,1.9365,6.28,5.2795
10,3.2146,1.5883,6.5957,5.1171
10.429,3.5051,0.86507,5.964,4.7025
10.857,2.3401,0.60127,5.9007,4.4634
11,3.266,1.0503,5.494,4.2704
8.625,2.9246,1.2463,5.4606,4.313
7.9,1.2867,1.2266,5.7785,4.5419
7.4545,1.8635,1.1347,5.6744,4.7085
7.5,1.8409,1.2133,5.5687,5.0285
8.3333,1.5811,2.3433,5.0372,4.3365
9.6667,2.6926,2.8527,3.675,3.6496
9.125,3.0443,3.4096,3.8696,3.7498
9.875,3.3139,3.0866,5.2364,4.3628
9.1111,2.4721,2.0605,6.1508,4.999
7.8889,1.8333,1.0112,5.2075,4.6659
8.2,2.7406,0.98091,5.3059,4.5289
9,3.6253,1.5682,6.1671,4.7699
10.125,5.2763,2.8743,4.7053,4.129
8.375,4.6885,2.9394,3.4088,3.2002
7.9,3.2813,3.6484,3.4742,3.3692
8.6667,3.3166,3.4953,5.0519,4.1559
7.8,1.9889,3.0825,5.5022,4.8476
8.5556,2.1279,0.8769,5.2451,4.1488
8,2,1.2727,4.9518,3.9934
8.4444,2.2423,1.6766,5.3308,3.9642
8.4444,2.2973,1.4708,5.5725,4.0534
9.875,2.5877,1.4134,5.5964,4.042
9.1111,1.9003,1.3695,5.4615,4.0935
8.3,1.9465,1.551,5.1717,4.0077
7.9,2.1833,1.7701,5.4329,4.2136
8.8889,3.0185,1.5251,5.4236,4.1464
9.375,2.8253,1.3607,5.7263,4.3133
10,2.9277,1.0401,5.7056,4.3232
9.375,2.3867,0.77194,5.9854,4.3494
7.8,2.044,1.3019,5.5681,4.4534
8,2.4037,1.2808,5.5624,4.5596
9,2.8284,2.2507,5.8054,4.7974
9.5714,3.5523,2.9822,5.0292,4.1956
9,3.6253,2.9954,3.2911,3.2848
10.25,3.4949,0.22702,1.8989,1.389
8.1111,2.6194,0.23621,1.9449,1.4625
9.2857,2.9277,3.2477,3.5422,3.6519
9.4444,2.7889,2.7819,4.547,4.2333
8.8889,2.0883,1.9133,5.786,4.7618
7.5556,1.424,1.055,5.0298,4.1134
8,2.708,1.2118,5.3417,4.1042
8.5556,4.3044,2.1838,4.3069,3.4764
7.6667,4.0311,2.187,2.7575,2.613
8,2.6926,0.17259,1.4748,1.2275
9.5,2.8284,3.6155,3.6897,3.2108
8.875,2.6424,3.0348,5.5356,4.2585
9,3.0822,1.967,6.341,4.8842
8.3,2.9833,1.1427,5.4466,4.5685
8.2222,2.2236,1.3576,5.3119,4.4036
9.1111,3.5512,2.0355,4.2634,3.73
8.8889,3.9511,2.6571,4.9895,4.2195
9.4444,3.9405,2.5528,5.1231,4.2425
8.7778,2.9059,1.6104,6.1377,4.7925
9.75,2.1876,1.2078,5.6145,4.3009
8.5556,3.3208,1.2431,5.6649,4.2284
8.5556,3.3953,1.2196,5.8024,4.3017
10,2.9277,1.2207,5.9447,4.4496
10.75,1.8323,1.1217,6.0564,4.4793
10.5,3.0237,2.2167,6.3513,4.7004
11.571,4.7909,2.9249,6.1629,4.4803
9.8571,5.2099,2.9254,6.1889,4.6298
8.7778,4.8161,1.8978,5.3495,4.2494
8,3.0551,1.1289,5.4118,4.5093
9.375,4.8088,1.8205,5.0305,4.0997
10.125,4.2908,3.3961,4.778,4.0609
10.125,3.8707,3.5456,5.1757,4.4069
9.1429,2.6095,3.0623,5.788,4.5226
11.429,2.7603,0.84766,5.9361,4.6829
9.875,3.0909,1.0012,5.5342,4.3523
9.8571,3.0237,1.0983,5.6242,4.3123
10.375,3.2486,1.0776,5.7699,4.3692
9.875,3.182,1.0637,5.6185,4.1929
9.75,2.6049,0.97376,5.6548,4.0735
8.625,2.4458,1.1399,5.2432,4.0047
8.625,2.6693,1.3586,5.265,3.9244
8.8889,2.6194,1.4902,5.4858,4.1262
8.1111,2.2048,1.6986,5.4983,4.3204
9.4444,2.7437,1.4118,5.8413,4.528
9.5556,2.7437,1.2357,5.7085,4.4518
8.3333,2.5495,0.99638,5.6838,4.3472
9,3.2404,0.8454,5.4868,4.346
10.25,2.9641,0.62078,5.616,4.462
9.75,3.4122,0.54498,5.7303,4.486
8.7778,3.2702,0.86307,5.3051,4.3207
7.5,2.2236,1.0078,5.2385,4.2033
7.6667,1.7321,1.204,4.9762,4.0563
8.2,2.201,1.1285,5.1547,4.0496
8.4444,2.1858,1.1465,5.5129,4.0225
7.4545,1.6348,1.2662,5.2492,4.2081
7.9,2.1833,1.4469,5.6646,4.4617
8.1,2.331,1.5797,5.821,4.5256
9.875,3.182,1.4416,6.1835,4.6077
9.5556,3.0459,1.2942,6.1745,4.6342
9,2.7255,1.0815,6.0193,4.5933
9.875,3.0909,1.0098,6.0838,4.6892
10.857,2.1931,1.0548,5.9715,4.586
9.75,2.252,1.1288,5.7444,4.2867
9.875,2.7484,1.0978,5.7104,4.0857
8.2222,4.1466,0.95506,5.3749,4.0602
8.3333,3.9686,0.81463,5.9354,4.4051
9.2222,4.6308,0.85969,6.0439,4.6478
9.4286,3.6904,2.5874,6.1491,4.5979
9.875,3.9074,3.0045,4.5997,3.7396
8.7778,3.6324,2.6821,3.0825,2.7346
10.714,5.8513,3.8232,4.1287,3.5189
10.625,5.7306,3.7661,5.4541,4.4814
9.8571,3.3381,2.4871,7.3765,5.1947
9.8571,3.3381,1.775,6.1471,4.8952
10.5,2.7775,1.0593,5.5592,4.6184
10.5,2.9761,0.79439,5.4813,4.5259
8.375,2.8754,0.76481,5.6284,4.5631
8.4,3.0258,1.13,5.7786,4.6093
8.4,3.134,1.1848,5.8708,4.6342
9.25,2.6592,1.0979,5.6748,4.5416
10.375,2.7223,1.255,5.9702,4.4209
8.1,3.4464,1.1544,5.6818,4.3009
6.8,2.1499,1.3342,5.4827,4.2761
6.8333,1.9924,1.4864,5.5949,4.3217
7.4545,1.5076,1.7455,5.5196,4.2795
7.7,1.6364,1.8444,5.3564,4.2469
7.6,1.7127,1.5194,5.2439,4.0124
8.375,3.1595,1.4325,5.2095,4.0688
10.857,3.3381,1.1584,5.4143,4.1258
11.333,2.6583,0.38447,5.8536,4.1877
8.6667,3.4278,1.1227,5.1345,4.1156
7.3636,2.5406,1.0885,4.9242,4.1301
6.9091,1.7581,1.2564,5.09,4.0939
8.8889,2.3154,1.2362,5.5257,4.2634
10.429,2.2254,1.3875,6.178,4.3535
11.143,1.7728,0.93864,6.448,4.2686
10.125,2.4165,1.3609,5.9686,4.2285
9.7143,2.2887,0.88838,5.4537,4.0214
8.7778,2.3333,1.2822,5.4252,4.0228
8.1,2.4698,1.4048,5.2779,4.0352
7.6,1.7764,1.4189,5.2668,4.267
7.9,2.079,1.0418,5.4143,4.265
7.4,2.2706,1.1629,5.2684,4.3673
7.2727,1.7939,1.2423,5.1212,4.2657
7.8,1.7512,1.2193,5.2642,4.2727
8.3333,2.8723,1.3174,5.1459,4.1445
8.1,3.0714,1.2653,5.101,4.086
7.7,2.406,1.2829,5.0689,4.0738
8.1111,2.8038,1.3787,5.2371,4.0868
7.4545,2.7336,1.2513,5.2631,4.1231
7.0909,1.9725,1.3646,5.2388,4.0048
6.8333,1.9462,1.3433,4.9566,3.8694
8,2.357,1.3738,5.0689,3.8787
8.4,2.319,1.08,4.9496,3.8335
8.5556,2.2973,1.0523,5.0463,3.8362
9,2.5981,1.0704,5.0288,3.9119
10.5,3.4226,1.0389,5.4044,4.0327
9.625,3.5832,0.7855,5.5055,4.2147
7.5556,1.8105,0.93996,4.9566,4.0714
8.4,2.5473,0.94772,5.0184,3.9409
8.4444,2.2973,1.1551,5.0898,3.8342
9,2.7386,1.4081,5.4582,4.1941
9.5556,2.2423,1.4421,5.3249,4.1689
9.3333,2.5,1.4707,5.282,4.0893
9,3.4278,1.3779,5.2474,3.8004
8.4444,3.0459,1.3571,5.386,3.7633
8.5556,3.0867,1.1695,5.5581,3.9554
9,2.8284,1.2054,5.2743,3.9285
8.5,2.4608,1.2548,5.0431,3.8791
7.7,1.7029,1.2467,5.0205,3.7588
8.8889,2.7131,1.0735,5.2468,3.821
9.4444,2.4552,1.0071,5.2304,3.8138
8.3,2.3118,1.1005,5.0381,3.8583
7.3636,1.4334,1.1923,4.8877,3.8314
8.4444,2.0683,1.1602,4.9233,3.858
9.625,2.1998,1.0082,5.5227,3.989
8.8889,2.9345,0.64235,5.525,4.1187
8,2.2678,2.3215,6.3062,4.6984
10.375,4.8385,3.0861,5.2851,4.1435
10.25,4.8033,3.8223,4.6816,3.7601
9.25,4.097,2.8558,4.0845,3.8518
9.625,2.56,2.6347,5.316,4.5707
10.375,2.6152,1.0608,5.8947,4.9381
8.625,2.7742,0.9569,5.3426,4.4292
8.4,2.6331,1.4229,5.2325,4.2826
7.1818,1.834,1.4332,5.2127,4.276
7.4545,2.2523,1.5117,5.225,4.282
7.2727,2.3277,1.0902,5.3744,4.346
6.25,1.9598,1.1456,5.1277,4.2697
7.4545,3.1421,0.92694,5.2302,4.2467
7.7,3.2335,1.0481,5.295,4.0771
10,3.0551,1.0033,5.5892,4.0287
10.25,2.3755,1.0408,5.5434,3.9708
11,1.633,0.75083,5.8919,4.0192
9.3333,2.6926,1.4338,5.5921,4.1034
8.2,2.4404,1.5991,5.6104,4.1841
8.2,2.6162,1.5997,5.6609,4.273
9.875,2.9001,1.1853,5.8969,4.2211
11.714,2.0587,0.5472,6.0116,4.1658
9.8571,2.1157,0.81367,5.6519,4.1115
9.875,2.1671,0.72626,5.6548,4.1959
9.2222,2.8186,1.0247,5.4208,4.1689
8.2222,2.5874,1.0267,5.2983,4.133
8.2,3.1552,1.0406,5.3379,4.0929
8.375,3.2043,0.83455,5.4449,4.2163
11.333,3.1411,0.69273,5.7392,4.3831
11.143,3.6253,0.6406,5.72,4.4772
9.5,3.7796,0.89359,5.6656,4.5837
8.75,3.2404,0.91352,5.7233,4.6171
7.4545,2.8413,1.075,5.532,4.6184
7.7273,2.7601,1.1571,5.2605,4.3881
6.9167,1.6765,1.0948,5.1269,4.2143
8.3,1.8886,1.0983,5.4129,4.4678
8.1,3.2472,0.7846,5.7791,4.6304
7.6667,3.5,0.97411,5.7404,4.7284
7.4,3.5653,1.2279,5.5034,4.4256
7.8,2.6583,1.8239,6.2575,4.793
8.1,2.7264,2.6271,4.8666,4.175
7.9,3.5103,3.2788,4.9109,4.6284
7.9,3.5103,2.7762,4.5397,4.4993
10.5,3.8173,2.475,5.776,5.1272
9.75,4.8033,2.4721,4.3597,4.112
8,3.4641,2.5101,4.1584,3.9166
8.2,3.7947,2.2295,4.5329,3.8768
7.1818,2.6765,1.3549,5.9062,4.6481
9.1111,3.6893,2.1416,4.9755,3.8752
9.5,3.295,4.0378,6.4073,4.8636
8,2.2361,3.9186,5.3974,4.5657
7.1818,1.4013,3.2463,5.7139,4.9198
7.0909,1.6404,1.1041,4.8138,3.8849
7.6667,1.2247,1.3095,4.9466,3.994
8.2,2.2509,1.1729,5.2466,4.2221
8.5,2.1731,1.2616,5.3343,4.2782
8.6,1.9551,1.3337,5.3646,4.3116
8.3,2.1628,1.5144,5.4589,4.359
8.625,2.3261,1.4693,5.5964,4.3907
9.75,2.6049,1.2407,6.0083,4.3148
10.857,2.7343,1.647,6.4336,4.4393
9.7143,3.0938,1.5783,6.1047,4.3078
9.2222,2.9486,1.6451,5.7344,4.3526
10.125,3.0909,1.0003,5.7557,4.2653
8.5,2.2039,1.418,5.4745,4.2918
8.7778,1.9861,1.462,5.6318,4.205
7.6,1.4298,1.5379,5.056,3.9834
7.4545,1.6348,1.4567,5.0801,3.9676
6.9167,2.0652,1.4934,4.7715,3.8778
7.0833,2.0207,1.4106,4.7436,3.9083
7,3.1042,1.2284,4.807,3.8901
8.6,3.5963,0.87716,5.2292,3.9025
8.5556,3.9087,1.3122,5.6832,4.1078
9.1111,2.9768,1.4268,5.4998,4.1139
8.2222,2.4381,1.6122,5.3315,4.3406
7.8,1.2293,1.3932,5.4198,4.1651
9.2222,2.5386,1.3453,5.7391,4.2191
10.571,2.5071,1.2483,5.9806,4.5184
11.857,2.5448,2.074,4.6805,3.9574
10,3.7796,1.8916,3.4484,3.4421
8.1,2.4244,0.94535,2.8641,2.25
7.9,2.9981,1.0536,2.7373,2.2113
8.6667,3.4278,1.0577,2.6069,2.3433
9.125,3.7583,2.6669,3.7747,3.516
8.8889,3.1402,2.1853,4.9119,4.2304
9.125,3.9799,1.3482,5.8944,4.5451
10.375,4.0333,1.3918,6.0687,4.3943
9,3.4226,1.4602,6.2044,4.4415
7.5455,2.8762,1.8054,5.5825,4.3962
7.5455,2.6968,1.5044,5.2642,4.2848
9,3.2514,1.5133,5.2178,4.1291
11.143,1.5736,0.82627,5.9822,4.2328
11.667,1.2111,0.68,5.674,4.0503
11.714,1.7995,0.60226,5.8288,4.1405
8.7778,3.5978,1.1219,5.3378,4.1507
7.6364,3.1392,1.4165,5.0537,4.1264
7.4545,3.1101,1.4929,5.108,4.1504
8.8889,3.1402,1.4873,5.6461,4.3389
9.625,2.56,1.0825,5.8904,4.3931
8.2,3.2249,1.264,5.4258,4.3084
8.5,3.3747,1.0502,5.1993,4.0815
8.5556,3.5395,1.0004,5.3801,3.9522
10.25,3.196,0.81116,5.314,3.9581
8.5556,2.4552,1.1423,5.0999,3.9119
8.5556,2.4552,1.2706,5.2461,4.0506
10.25,3.196,1.2132,5.4479,3.9834
10.857,2.4103,1.1373,6.3155,4.3235
9.75,2.3755,1.2438,6.056,4.3195
7.5,2.7183,1.5216,5.6572,4.3971
6.8182,1.94,1.2832,5.0661,4.1234
7.0909,1.8684,1.1988,5.2382,4.0744
8.375,2.3261,1.1786,5.3818,4.048
10.25,2.9641,0.69337,5.6808,4.0171
11.286,2.5635,0.43249,5.8438,4.0474
9.8571,3.0783,0.9876,5.6058,4.068
9.1111,3.0185,1.313,5.8588,4.5179
8.3,2.7101,2.5999,5.2157,4.1754
7.2727,1.8488,3.0416,5.1058,4.5455
7.8182,2.1363,2.9724,4.9657,4.4665
7.7778,1.8559,2.1042,5.5029,4.3978
8.2857,3.6839,1.9277,4.3224,3.4965
12.333,7.0048,1.7467,3.0908,2.438
13,5.4772,2.7231,3.8711,3.2084
10.125,3.182,2.1623,4.9854,3.9148
8.1111,1.6915,1.2994,5.0588,4.3461
7.6,1.5055,1.1582,4.7788,4.0765
7.1818,1.834,0.97855,5.1164,4.1538
7.5,2.5495,1.0735,5.2178,4.1939
7.0909,2.5477,0.96763,5.135,4.172
6.5833,1.7816,1.0259,4.9994,4.0523
6.5385,1.6132,1.0739,4.6962,3.9333
7.5455,1.2136,1.1195,4.5362,3.8473
7.7273,1.1037,1.7379,4.8634,4.224
9.2222,3.5978,2.1126,4.6626,3.8296
10,4.3205,2.93,4.7247,4.1586
11.167,4.3551,2.5753,4.5566,3.9628
10.5,4.6599,1.7964,5.4539,4.4739
9.5,4.5981,1.1284,5.5185,4.1987
9.3333,2.8284,1.3826,5.599,4.1805
9.625,3.1139,1.4935,5.6992,4.146
8.8889,2.848,1.3605,5.4905,4.2881
10,3.1623,1.0552,5.4393,4.0624
10.375,4.5962,0.82257,5.2209,4
11.571,4.3534,0.34178,5.3551,3.892
10.125,4.1897,0.67958,5.0364,3.7844
9,2.7255,1.038,5.0892,3.9673
8.8889,2.2048,2.6447,5.1754,4.0757
10,2.4495,3.2429,5.091,4.1107
10.571,2.9921,3.5286,5.067,4.1008
11.429,2.6367,2.2297,5.2145,4.002
10.143,2.1931,0.98751,5.7482,4.3257
10,2.2039,0.7778,5.7238,4.2078
8.7778,2.4889,1.4192,5.1714,4.0956
8.75,3.151,1.528,5.3592,3.9514
10,2.9761,0.99392,5.2934,3.7644
10,3.1091,1.1925,5.3029,3.7621
10.375,3.0677,1.0933,5.2768,3.8296
10.857,2.7946,1.196,5.535,4.0469
9.4444,3.1269,1.2023,5.3448,4.0571
8,2.958,1.1568,5.2055,3.991
8.3,3.2335,1.0918,4.9644,3.9373
8.3,3.335,1.0133,5.0884,3.8818
8.5,3.5051,2.1864,4.9546,4.0152
8,3.0185,2.4221,3.4016,3.7165
7.4,3.8064,3.5837,4.5278,4.3841
7.0909,3.0151,3.0066,4.9671,4.307
7.3636,3.1709,1.7268,5.154,4.4877
7.0909,2.4271,1.4678,4.7983,3.9642
7.7273,1.7939,1.3161,4.7747,3.9424
7.8182,1.7787,1.4238,4.8256,4.025
7.7,1.8288,1.388,4.7184,3.9016
7.8,1.5492,1.5482,4.7581,3.8324
8.7778,2.5874,1.2883,5.1136,3.8641
8.5556,2.7889,1.3252,4.832,3.8797
8.75,2.252,1.0259,5.0968,3.905
9.5,2.8785,1.0351,5.0948,4.0966
8.8889,3.4075,0.88882,5.1585,3.9783
7.8,2.8597,1.3746,4.7542,3.9433
6.5,2.0226,1.2066,4.4907,3.7152
6.7273,2.3277,1.2932,5.0101,3.8958
7.5455,2.5442,1.3498,4.8879,3.8062
8.3,3.164,1.41,5.3042,3.8256
9.75,3.2842,1.3035,5.2565,3.7222
10,3.3381,0.7734,5.4461,3.8471
9.375,2.8754,1.7714,5.3944,4.1066
9.25,1.9086,2.5204,4.0995,3.5284
9,3.5355,3.845,4.4497,4.0862
8.1111,3.7565,3.4205,4.6826,4.074
8,2.708,2.8663,5.4233,4.6523
8.2222,2.4889,0.97214,5.3069,4.3213
10,2.2039,0.78961,5.4237,4.1977
5,0,2.0413,6.0956,1.9619
5,0,2.0413,6.0956,2.2129
12.75,17.519,2.2412,6.4314,3.4082
10.4,6.5803,2.1225,7.4386,4.1385
10.714,5.4072,1.7984,7.5078,5.0431
8.6,3.8355,3.1325,9.2405,6.999
6.5,2.8445,3.3714,9.1551,7.146
6.1667,2.6572,3.2065,9.5946,7.4674
8.6667,3,1.738,8.0965,6.2483
9.875,2.5319,1.6303,8.1863,5.9324
9.5714,2.2991,1.6999,7.5245,5.8124
8.8889,2.8916,1.8047,7.5533,5.7777
7.7,2.6268,1.8793,7.6535,5.832
8.1111,3.0185,1.6775,8.0957,5.9492
8,2.6667,2.0142,7.8881,5.8279
8.6667,2.7386,1.8874,7.8973,5.611
8.2,2.201,1.8599,7.0719,5.3912
7.8,3.4577,2.2542,7.4798,5.8351
7.25,2.8959,2.1032,7.7059,6.2122
8.2,3.2592,2.0491,8.3646,6.2366
8.6667,2.4495,1.6301,8.0607,5.7716
8.3333,3.0414,2.1294,8.1531,5.9044
8.4,3.6576,2.232,7.7642,6.0606
7.1818,3.6829,2.2069,7.7358,6.0344
7.6,3.5024,2.1541,7.9467,5.8375
7.8,3.2249,2.1618,7.5925,5.6103
7.9,3.178,2.2512,7.4069,5.5331
7.5,2.5495,1.9568,7.1103,5.2142
7.9,2.331,2.1002,7.2813,5.4423
8.3333,2.2361,1.8784,7.3215,5.485
7.9,2.331,1.9786,7.02,5.3
7.8,2.8597,1.77,6.8016,5.0475
8.2,2.7809,1.6925,6.6827,5.067
8.2222,2.6822,1.5875,7.2158,5.5407
8.6667,2.958,1.6339,7.3179,5.6674
8.4444,2.9202,2.1342,7.8764,5.6789
9.875,2.4749,2.3006,7.7908,5.5559
10.571,1.8127,1.7678,8.3075,5.6534
10.25,2.1213,1.6499,7.0633,5.3084
9.875,2.7484,1.7066,7.1399,5.3365
9.5,2.0702,1.7383,7.1655,5.4431
10.25,2.252,1.5907,7.4422,5.574
9.75,2.6049,1.3784,7.2977,5.6091
9.25,2.6049,1.4058,7.1201,5.4349
9.2222,3.4197,1.5514,6.974,5.4538
9.1111,3.5158,1.9308,7.0798,5.2595
7.8,3.0478,2.0658,6.854,5.3045
7.8889,3.5862,1.8034,7.0715,5.1837
7.4545,3.1738,1.5038,6.6929,5.2855
7.6667,3.0414,1.5539,6.4113,4.9954
8,3.1623,1.711,6.4033,4.9268
7.4444,3.3582,1.8349,6.1992,4.7842
8,3.5277,1.7388,6.2045,4.7439
7,2.6833,1.6584,6.2619,4.8509
6.7273,2.3277,1.5106,5.883,4.7694
7.2727,3.003,1.3097,6.1476,4.7484
8.6667,3.3166,1.2482,6.4132,4.5788
7.9,3.3483,1.0163,6.5939,4.8298
6.0909,1.5783,1.3038,6.2706,4.9629
6.75,2.6671,1.2086,6.2347,4.9351
8.6,2.7968,1.6386,6.3844,4.7796
9.5714,2.2991,1.5146,6.6924,4.8148
9.375,2.3261,1.3826,7.1996,4.8926
8.5556,2.651,1.6019,7.0748,5.0349
7.1818,2.9939,2.3211,7.1883,5.3874
7.4,3.2042,2.1909,7.3705,5.3615
8.6667,3.9051,2.0213,7.6543,5.253
10.857,1.4639,0.62525,7.6997,4.8952
9.875,2.6959,1.3348,6.9248,4.7088
9.6667,2.5495,1.3613,7.0275,4.8042
9,3,1.6626,6.6458,4.7648
8.7778,3.0322,1.753,7.023,5.0483
8.2222,2.1667,1.723,7.035,5.1643
9.375,2.3261,1.367,7.4656,5.1562
11.143,1.215,1.0846,7.3352,4.9483
9.5,2.1381,1.2135,6.6545,4.7493
9,2.6458,1.082,6.2849,4.6498
9,2.6926,1.0043,6.3451,4.5402
8.5556,2.4552,0.82982,6.1936,4.5062
7.5556,2.7437,1.0345,5.9576,4.5605
7.2727,2.8667,1.1777,5.771,4.5157
7.7,3.3682,1.2737,5.9691,4.4752
8,2.958,1.2496,5.901,4.6406
8.7778,3.2702,1.2842,6.6381,5.0463
9.625,2.6693,1.3803,7.3767,5.236
9.875,3.182,1.4398,7.2407,5.2469
10.625,2.3261,1.1723,6.8491,5.1967
10.571,2.3705,0.73291,6.9889,4.8909
9.875,2.9001,0.92977,6.7839,4.7702
8.5556,3.0046,0.81065,6.3717,4.6559
7.7273,2.8667,1.2739,5.9478,4.5908
8,3.1269,1.2711,5.8994,4.6241
8.2,2.6162,1.3229,5.7173,4.6064
9,3.1623,0.91695,5.742,4.4369
