4,50.5,41.719,0.44022,1.2345,0.63589,0,0,0,0,0.09742,0.037163,1.3184,-14.405,5.942,5.2013
4,26.5,7.7782,0.70311,1.4484,0.78097,0,0,0,0,0.12502,0.094476,3.8924,-14.205,5.8709,5.518
4,24.5,14.387,3.3038,3.3582,2.0354,0,0,0,1.6689,0.36911,0.2094,5.6646,-13.601,4.9256,5.8907
4,18.857,12.707,3.1247,4.388,2.7149,0,0,0,1.6689,0.51489,1.2267,32.406,-6.3771,3.5072,5.8568
4,13.5,10.902,2.4724,4.8076,2.9446,0,0,0,1.6689,0.58903,2.1026,51.923,-12.863,2.3263,6.15
4,11,4.5,2.5116,4.5112,2.9496,0,0,0,1.6689,0.5979,2.6033,57.713,-3.4988,2.3409,6.1561
4,10.6,4.4272,2.5503,4.237,2.9175,0,0,0,1.6689,0.59575,2.5746,60.282,3.7968,2.6594,6.228
4,13.667,11.336,2.3751,3.2608,2.2892,0,0,0,0,0.48943,1.6908,33.724,0.41379,3.6631,6.3402
4,16.111,11.285,1.2618,2.6243,1.8967,0,0,0,0,0.36699,0.83512,13.882,4.3342,3.8673,6.2859
4,18.286,12.148,1.1941,2.2528,1.6929,0,0,0,0,0.28115,0.42089,16.985,8.105,3.8491,6.1932
4,15,6.1644,1.3371,2.4926,1.6773,0,0,0,0,0.26604,0.52636,19.917,0.95211,3.9933,6.1214
4,16.25,7.8513,1.1213,2.3635,1.7737,0,0,0,0,0.27852,0.5596,20.948,-5.7448,3.1428,6.2154
4,16,7.5166,1.0632,3.092,2.2768,0,0,0,0,0.38411,0.64497,22.279,0.14301,1.8753,6.4089
4,13.667,7.2284,0.97155,2.9453,2.3983,0,0,0,0,0.41091,0.94026,32.198,0.91955,1.599,6.446
4,11.778,3.3458,1.3197,3.4046,2.6951,0,0,0,0,0.45041,1.322,50.348,-1.9507,1.334,6.5676
4,12.091,3.4483,1.5977,4.1152,3.3585,0,0,0,0,0.51946,1.6041,61.342,3.6681,0.34379,6.6389
4,11.818,3.2808,1.371,4.4029,3.5263,0,0,0,0,0.566,2.0739,89.453,-1.4793,0.057459,6.7101
4,11.167,4.8586,1.4983,4.1043,3.4204,0,0,0,0,0.54232,2.0259,84.347,-0.079883,0.11485,6.6239
4,10.583,4.7378,1.5446,4.1302,3.3799,0,0,0,0,0.55386,1.9344,70.195,-0.31262,0.28665,6.5967
4,10.455,4.7405,1.5845,4.1705,3.0554,0,0,0,1.9498,0.55515,1.9607,67.232,3.5807,1.3473,6.5776
4,13.2,8.4037,1.3504,3.7862,2.5042,0,0,0,1.9498,0.52645,1.4771,37.15,-0.043805,1.5144,6.4782
4,11.364,8.1765,2.143,4.2579,2.6173,53,0,0.58805,1.534,0.53258,1.4764,38.783,3.5716,2.1213,6.4979
4,11.5,9.1104,2.5964,3.4518,2.3588,53,0,0.58805,1.534,0.49063,1.2766,32.402,0.78163,3.3029,6.2553
4,11.167,9.0637,2.5409,2.7838,2.0019,53,0,0.58805,1.534,0.43398,0.87642,24.493,-0.4368,4.2413,6.0133
4,9.5455,7.4614,2.641,2.7146,1.9382,0,0,0,1.1181,0.34596,0.83374,24.146,-4.7722,4.5177,5.9264
4,10.538,10.501,2.3659,2.3666,1.7667,0,0,0,0,0.31271,0.38277,5.8234,0.09309,4.922,5.9912
4,9.4667,9.2572,0.72627,1.5655,1.055,0,0,0,0,0.1853,0.19574,6.2728,-0.83712,5.1236,5.862
4,10.846,9.9066,0.91648,1.9426,1.1974,0,0,0,0,0.19556,0.23457,7.3126,-1.7022,4.916,5.8944
4,7.6667,5.0943,0.94502,2.1879,1.4368,0,0,0,0,0.24884,0.27812,8.3001,1.7484,4.3016,6.1095
4,7.4706,4.745,1.4629,2.6835,2.2146,0,0,0,1.6924,0.4947,0.64001,17.623,4.9017,3.1843,6.2758
4,7,4.397,1.6012,2.7867,2.1484,0,0,0,1.6924,0.48485,1.566,29.966,2.6678,3.8592,6.2997
4,10.769,10.787,1.6374,3.6269,2.5887,28.5,26.163,0.27549,1.7908,0.6888,1.8417,31.8,6.3281,3.105,5.9649
4,10.615,10.603,1.6639,4.1298,3.0216,28.5,26.163,0.27549,1.7908,0.76516,3.5601,47.899,4.1099,2.2865,5.9081
4,13.778,11.53,1.0647,5.1571,3.1476,28.5,26.163,0.27549,1.7908,0.77174,4.0653,68.972,-5.2478,2.3421,5.861
4,13.5,9.4264,1.6695,4.4995,2.6846,10,0,0.37048,1.84,0.64727,3.0168,55.259,-6.6607,3.042,6.1444
4,12.545,8.311,1.8739,3.8436,2.7227,10,0,0.37048,1.84,0.65786,2.6603,50.858,-7.9385,2.426,6.2124
4,11.545,8.4542,1.752,3.1946,2.349,0,0,0,1.8359,0.51853,1.438,39.478,-7.8518,2.7087,6.4799
4,13.7,9.5225,1.3463,2.4151,1.6917,0,0,0,1.8359,0.39156,0.70466,11.858,-4.0886,3.5145,6.3092
4,13.5,9.0339,0.72545,2.0428,1.2517,0,0,0,1.8359,0.34427,0.67436,10.137,5.954,3.5968,6.0825
4,14.5,10.014,0.78613,2.1224,1.2266,0,0,0,1.8359,0.3531,0.67681,10.503,7.3392,3.9381,6.1455
4,15.5,10.596,0.84129,1.9291,1.1236,0,0,0,1.8359,0.34697,0.35793,7.309,9.8018,4.4779,6.1207
4,19.167,11.805,0.42516,1.4446,0.94299,0,0,0,0,0.2219,0.27973,5.6133,8.6284,4.811,6.0495
4,17.667,10.152,0.30139,1.2378,0.83824,0,0,0,0,0.22489,0.35478,4.8372,2.5824,5.4113,6.0786
4,18.2,11.256,0.21764,1.1521,0.66247,0,0,0,0,0.21859,0.31285,3.2012,-3.2074,6.1705,6.1379
4,22.833,19.954,0.19014,1.1582,0.64709,0,0,0,0,0.22604,0.23978,2.2807,-1.3351,6.0426,6.0264
4,25.5,22.664,0.21228,1.1234,0.60187,0,0,0,0,0.20537,0.28342,2.5885,-1.9984,6.149,5.9902
4,34.5,33.234,0.28749,1.1349,0.46684,0,0,0,0,0.17255,0.18765,1.5322,-5.4066,6.3905,5.8074
4,43.5,45.962,0.093598,1.2477,0.52513,0,0,0,0,0.17756,0.16345,1.4377,2.9441,6.3518,5.7941
4,12.091,5.029,1.1292,3.8723,2.6976,0,0,0,2.1942,0.69227,3.5378,51.477,-2.8738,0.74187,6.1591
4,12.727,4.5627,2.2115,3.9548,3.1369,0,0,0,2.1942,0.71285,3.0146,38.005,-3.1521,0.68521,5.9179
4,12.3,5.0783,2.646,4.5432,3.5855,0,0,0,2.4476,0.81583,2.3091,60.266,0.74407,0.5148,5.7615
4,13.2,5.9777,2.6302,4.7362,3.6781,44,0,0.0017792,2.4489,0.89604,5.4727,101.56,3.0612,0.22945,5.5006
4,13.8,7.0522,2.6096,4.8809,3.8008,44,0,0.0017792,2.4489,0.90544,6.0593,96.587,9.6893,0.72863,5.5077
4,16,7.8376,2.7131,5.3195,3.7868,33.5,14.849,0.79401,1.9905,0.90976,6.102,108.26,-0.39102,1.4588,5.5103
4,17.286,8.5189,2.5278,4.5922,3.142,33.5,14.849,0.79401,1.9905,0.85783,4.5102,72.94,-5.6904,2.9725,5.5257
4,20.571,10.998,1.8336,2.5634,2.1334,23,0,0.97335,1.7619,0.5215,1.1778,27.34,-11.407,4.0204,6.1816
4,13.556,10.864,1.3974,2.4351,2.0011,0,0,0,1.0736,0.30764,0.53346,22.222,-8.6251,4.2728,6.2425
4,11.273,9.8193,1.2429,2.5322,1.8646,0,0,0,0,0.31191,0.42393,16.39,-12.131,4.159,6.2892
4,9.8333,9.1138,1.178,2.5246,1.9894,0,0,0,0,0.32619,0.50274,22.692,-5.1276,4.159,6.2408
4,8.8,5.4274,1.598,2.8477,2.2318,11,0,0.056862,1.5022,0.46002,1.1262,33.976,-3.4868,3.3548,6.2586
4,8.875,5.8523,1.6007,2.7801,2.2581,11,0,0.056862,1.5022,0.47492,1.5005,32.809,-2.7908,3.1578,6.2238
4,10.308,6.5877,2.4928,3.0181,2.7794,11,0,0.056862,1.5022,0.56892,1.3581,22.663,-1.9283,3.3029,6.1223
4,10,6.3367,3.1024,3.8478,3.6897,11,0,0.056862,1.5022,0.79391,2.5147,59.825,-1.1609,2.959,5.1275
4,9.4,4.5008,2.9915,3.3265,3.606,97,0,0.23084,1.6252,0.79741,4.6485,89.737,-4.8345,2.9457,5.1286
4,9.4667,4.274,2.9384,3.3729,3.4932,0,0,0,1.7885,0.72727,4.3243,91.576,0.82376,2.9725,5.3251
4,8.6875,3.7366,3.0417,3.9876,3.9053,0,0,0,1.7885,0.76159,4.2006,91.185,4.3315,2.3541,5.1722
4,7.8333,2.5263,2.7274,3.7851,3.7469,99,0,0.11153,1.7096,0.73086,3.3777,75.751,-0.15708,2.2173,5.5852
4,7.1053,2.2335,2.2137,3.0005,2.7877,33,0,0.25158,1.4528,0.52782,1.3181,49.347,-3.0081,2.7452,6.2611
4,8.1176,3.4439,2.354,3.4147,3.0964,33,0,0.25158,1.4528,0.50935,1.6595,52.009,-2.9039,2.4481,6.3627
4,9.0667,4.3991,2.6351,4.1675,3.7597,33,0,0.25158,1.4528,0.77069,2.0405,62.255,-4.0093,1.6387,5.7217
4,9.6154,4.9923,3.023,4.7069,3.8596,50,62.225,0.85395,2.194,0.93211,5.2356,90.092,-5.3943,1.9537,5.3796
4,11.917,7.242,3.0152,5.0616,3.8971,21.5,21.92,0.46092,2.4563,0.96117,5.5969,82.921,2.469,1.8988,5.28
4,12.818,6.7204,2.6059,5.5414,3.8706,23.333,15.822,0.66905,2.1797,0.95504,6.2242,93.611,3.369,1.4564,5.4938
4,11,6.5644,2.6422,5.102,3.7417,23.333,15.822,0.66905,2.1797,0.99972,6.2786,91.849,1.5429,1.2354,5.4571
4,10.214,6.1666,2.3515,4.5389,3.2538,32,7.0711,0.80835,2.1249,0.88656,2.9706,43.164,-0.022824,1.5012,5.9224
4,9.4615,3.357,1.562,3.7512,2.6548,54,38.184,0.6718,2.0348,0.76557,3.6942,46.945,-0.87024,1.6677,6.0923
4,9.6923,5.5735,1.8221,4.1386,2.8918,30.75,34.856,0.52882,1.9903,0.8725,3.1701,37.765,-8.8182,1.4455,5.6769
4,10.75,6.017,1.9444,4.0638,2.8128,14,11.79,0.44943,2.1505,0.87198,4.6077,52.845,-15.092,1.5568,5.7879
4,12,5.6214,2.206,3.7635,2.8058,14,11.79,0.44943,2.1505,0.85479,4.5457,45.742,-9.408,2.0633,5.7799
4,11.909,5.6295,3.02,4.777,3.5284,31.25,35.818,0.40157,2.1063,0.89349,3.848,55.859,-9.8096,1.8753,5.6436
4,11,3.6515,2.8555,4.5993,3.6176,32.667,43.73,0.26776,1.9596,0.85368,4.53,83.347,-11.591,1.2914,5.8097
4,11.077,2.6602,2.696,3.4253,3.0739,0,0,0,1.9295,0.69187,3.3103,68.637,-6.2542,2.1909,6.38
4,9.9231,3.1215,2.7558,3.2784,3.0012,85,0,0.50209,1.5744,0.68581,3.2455,66.635,-4.9931,2.5391,6.3505
4,8.9333,3.4323,2.651,3.24,2.983,85,0,0.50209,1.5744,0.64693,2.5624,42.255,-5.7571,2.4625,6.4197
4,8.4,3.0426,1.565,2.3273,2.0435,0,0,0,1.2194,0.51779,1.5969,13.386,-2.5859,2.8395,6.6565
4,8,2.8504,1.5985,2.5727,2.0388,0,0,0,1.2194,0.51896,1.3868,19.688,-0.99936,2.8262,6.6647
4,7.4737,2.7562,1.4928,2.6005,2.0872,0,0,0,1.1812,0.49466,1.3865,26.128,0.25054,2.3819,6.6465
4,7.9412,4.0999,1.5704,2.9912,2.2455,49,0,0.018325,1.1682,0.44655,1.2025,25.384,4.3468,2.5033,6.6521
4,8.4118,4.3165,1.542,3.4025,2.4348,49,0,0.018325,1.1682,0.45056,1.2908,30.92,3.3286,2.2041,6.6074
4,8.5882,5.3275,1.4784,3.6576,2.496,49,0,0.018325,1.1682,0.48908,0.96681,27.867,3.02,2.4216,6.5194
4,9,5.7071,1.5225,3.7951,2.6243,68,0,0.33787,1.3941,0.49878,1.1558,32.921,7.414,2.2719,6.4619
4,8.125,4.717,1.2565,4.5936,3.077,59.5,12.021,0.26194,1.3321,0.5312,1.7257,48.687,6.703,1.9435,6.4252
4,8.9375,5.2341,1.5259,4.4676,3.0841,51,0,0.30046,1.4206,0.51038,1.6488,56.766,8.5431,2.1213,6.3554
4,8,4.0532,1.6886,4.1782,2.9667,49,2.8284,0.22458,1.3786,0.54646,1.8065,59.502,11.485,2.2173,6.264
4,8.1667,4.2176,1.6176,3.938,2.6174,47,0,0.061075,1.2513,0.47231,1.4063,49.349,7.7242,3.0785,6.2421
4,9.2,11.559,2.8837,5.7705,3.4286,47,0,0.061075,1.2513,0.41247,0.82289,32.232,2.5844,3.2366,6.2853
4,7.8824,10.954,3.5179,6.381,3.6924,0,0,0,1.2945,0.4433,0.96504,76.298,-4.9749,3.2366,6.3062
4,8.1765,11.052,3.2657,6.6395,3.7887,0,0,0,1.8129,0.57451,1.3694,80.091,-4.7322,2.6202,6.2293
4,5.6471,4.0147,3.4132,6.534,3.7025,0,0,0,1.8129,0.52024,2.0064,88.376,-6.6574,3.3208,6.2312
4,6.4286,4.915,3.2481,6.1011,3.9112,0,0,0,1.8129,0.54054,2.0549,90.527,-6.9518,2.2221,6.3156
4,8.3529,5.8837,3.0226,4.9843,3.1827,99,0,0.25047,1.6358,0.56834,1.6846,36.952,-5.5783,2.4128,6.2443
4,9.1333,6.0222,2.4593,4.4973,2.8211,99,0,0.25047,1.6358,0.53864,1.3768,31.498,-1.6975,2.8212,6.1945
4,7.4211,5.6991,3.3542,6.1287,3.8864,54,0,0.026115,1.4771,0.62746,1.2246,55.637,-8.1822,2.5847,5.9727
4,6.8889,4.8976,3.1347,6.6835,4.2272,39.5,20.506,0.34468,1.6759,0.84705,4.1648,112.89,-6.045,2.2733,5.625
4,7.9375,7.7328,3.0044,7.1622,4.393,39.5,20.506,0.34468,1.6759,0.95473,5.1678,113.44,-3.1286,2.123,5.0319
4,9.6,8.8785,2.9454,7.3935,4.4494,35,14.142,0.30759,1.7234,0.95642,6.4947,133.7,1.7208,2.0666,4.9663
4,10.417,9.1994,2.63,7.5076,4.2939,33,10.583,0.34704,1.6036,0.9557,6.4399,110.88,9.3999,1.8467,4.9745
4,19.333,9.8522,2.0448,5.0006,3.1094,29,0,0.25236,1.4228,0.83367,3.3756,55.246,9.8707,3.0736,5.5935
4,17.833,7.8337,1.8849,3.966,2.5606,29,0,0.25236,1.4228,0.58534,2.5395,50.339,12.447,3.7615,6.0595
4,27,14.23,2.1434,3.8539,2.7282,0,0,0,1.2444,0.42948,0.85738,24.24,13.785,3.8636,6.4775
4,27,15.652,2.1384,3.7523,2.6772,0,0,0,1.4049,0.50759,0.80828,35.749,9.4012,3.5306,6.392
4,20.571,15.12,1.8931,3.8617,2.672,13,0,0.20468,1.5496,0.6496,1.9647,44.834,5.7958,3.4787,6.1125
4,12.125,7.0597,1.1286,5.0536,3.173,34,29.698,0.17199,1.6033,0.77283,3.6214,60.63,14.147,2.3409,5.8264
4,11.667,6.7454,1.0707,5.0913,3.3453,34,29.698,0.17199,1.6033,0.78293,4.9292,83.917,11.036,1.57,5.8081
4,9.625,3.0208,0.95395,4.9076,2.7226,34,29.698,0.17199,1.6033,0.74907,4.4465,55.229,5.0349,2.6822,5.582
4,18,10.985,0.17087,1.1357,0.7429,0,0,0,0,0.24174,0.31065,2.8123,-14.96,5.8798,6.1257
4,15.167,5.4924,0.32059,1.3221,0.81427,0,0,0,0,0.22925,0.31944,3.8773,-20.327,5.5678,6.0464
4,15.333,5.1962,0.26493,1.3407,0.8935,0,0,0,0,0.23086,0.27915,5.2911,-19.598,5.1302,6.1472
4,13.273,4.6063,1.2403,1.9183,1.5235,0,0,0,0,0.30245,0.35305,6.2848,-25.254,4.3746,6.2514
4,11.4,4.9035,1.2449,2.0576,1.589,0,0,0,0,0.2988,0.51607,14.258,-24.184,3.6804,6.2224
4,12.7,5.5787,1.283,2.3667,1.9179,0,0,0,0,0.31223,0.54652,17.683,-18.575,2.8162,6.2745
4,14.778,11.245,1.2605,2.5425,1.9333,0,0,0,0,0.33661,0.67038,26.607,-12.243,2.6789,6.2853
4,16.375,12.317,1.3185,2.6301,1.9025,0,0,0,0,0.32701,0.6922,27.334,-9.2742,3.2841,6.2241
4,21.6,12.934,0.92056,2.1788,1.4532,0,0,0,0,0.27612,0.42255,17.211,-0.4951,4.2037,6.1537
4,27.5,13.229,1.1284,2.1383,1.3613,0,0,0,0,0.27187,0.41182,12.04,6.8397,5.1709,6.1667
4,28.25,6.8007,0.53195,1.2614,0.76939,0,0,0,0,0.25017,0.33494,3.455,6.6025,6.2265,6.0818
4,21,11.437,0.37872,1.2062,0.66893,0,0,0,0,0.2487,0.25714,2.1427,8.2989,6.5179,6.1216
4,16.429,9.7101,0.37524,1.3052,0.73638,0,0,0,0,0.2747,0.39799,2.8916,4.4005,6.1051,6.2074
4,13,4.9857,0.33785,1.3315,0.78135,0,0,0,0,0.29411,0.49786,3.8427,4.0711,5.9487,6.2778
4,12.4,5.0376,0.32187,1.2793,0.81557,0,0,0,0,0.30482,0.60126,4.3521,1.8961,5.8899,6.3301
4,11.909,5.6117,0.31253,1.2605,0.82212,0,0,0,0,0.31365,0.61929,4.4276,5.6161,5.8666,6.3557
4,10.615,5.8244,0.23434,1.1868,0.79444,0,0,0,0,0.30794,0.57854,4.0925,5.4764,5.8649,6.402
4,9.9167,6.0971,0.18307,1.1347,0.76398,0,0,0,0,0.30032,0.50617,3.6579,10.604,6.1168,6.3407
4,9.6364,6.6374,0.17535,1.1248,0.73893,0,0,0,0,0.28288,0.47999,3.6162,11.724,6.3177,6.2606
4,10.5,7.3547,0.19203,1.199,0.78245,0,0,0,0,0.27518,0.48965,3.736,9.7019,6.0025,6.2059
4,12.545,7.6074,0.19255,1.2255,0.8101,0,0,0,0,0.25349,0.43472,4.187,9.314,5.7717,6.0528
4,16.25,7.0862,0.172,1.2826,0.83873,0,0,0,0,0.2464,0.33417,4.2152,8.0913,5.6354,6.1068
4,15.556,6.0023,0.20038,1.3505,0.8933,0,0,0,0,0.23725,0.29572,5.142,9.8313,5.265,6.0736
4,13.6,4.115,0.18774,1.3478,0.93975,0,0,0,0,0.2396,0.33024,5.6564,9.7245,4.959,6.0742
4,13.2,4.2635,0.20644,1.2981,0.91778,0,0,0,0,0.24268,0.35911,6.0018,9.2431,5.1894,6.0651
4,11.3,3.9735,0.2276,1.2715,0.91155,0,0,0,0,0.25266,0.41755,6.1526,5.771,5.3765,6.1453
4,11.3,4.5959,0.19757,1.192,0.889,0,0,0,0,0.26587,0.4216,5.1153,2.4556,5.5588,6.1079
4,12.667,5.2202,0.14049,1.1554,0.84422,0,0,0,0,0.2627,0.43135,4.6944,-5.937,5.8881,6.1594
4,13.1,5.1088,0.20191,1.2093,0.84956,0,0,0,0,0.27303,0.4675,4.4033,-9.7859,5.8412,6.1403
4,15.222,4.0552,0.35502,1.4066,0.92071,0,0,0,0,0.28867,0.48962,5.0435,-10.576,5.4139,6.1826
4,14.25,3.9911,0.32921,1.4906,0.9546,0,0,0,0,0.2954,0.55426,6.3403,-5.7752,5.1334,6.2445
4,15.875,7.2985,0.28386,1.5653,1.0006,0,0,0,0,0.29768,0.55698,6.7989,-0.71989,4.6971,6.2795
4,16.125,7.318,0.26231,1.5912,1.033,0,0,0,0,0.28582,0.51037,7.1347,4.3218,4.3661,6.243
4,16.375,7.6893,0.24896,1.6201,1.0437,0,0,0,0,0.27384,0.45976,7.1012,9.54,4.1837,6.1745
4,15.444,7.7478,0.17341,1.439,1.0026,0,0,0,0,0.25887,0.41461,6.7457,9.6936,4.3033,6.1007
4,12.545,5.2984,0.23712,1.3402,0.95566,0,0,0,0,0.23938,0.35548,6.44,6.5541,4.7047,6.0195
4,12.182,5.3632,0.27865,1.2916,0.9055,0,0,0,0,0.21876,0.31566,5.7855,7.3651,5.173,5.9311
4,11.273,4.2683,0.28313,1.297,0.87691,0,0,0,0,0.22754,0.30984,4.9791,7.4306,5.3735,5.8493
4,12,5.2726,0.32619,1.3253,0.99198,0,0,0,0,0.223,0.29494,4.3902,5.8688,5.173,5.915
4,13.222,5.8262,0.45216,1.4778,1.1307,0,0,0,0,0.22842,0.32246,7.8671,5.8125,4.8197,5.9105
4,14.889,6.1936,0.41415,1.5245,1.1208,0,0,0,0,0.22053,0.32923,9.1775,10.447,4.8114,6.0093
4,14.2,7.0679,0.56182,1.6607,1.1755,0,0,0,0,0.22679,0.28858,8.9886,6.5931,4.5312,6.1637
4,13.4,7.0585,0.61887,1.8006,1.2641,0,0,0,0,0.2069,0.28493,10.022,5.1085,4.2271,5.9549
4,13,6.1644,0.73467,1.9528,1.3639,0,0,0,0,0.20311,0.18389,7.4173,4.9348,4.0687,5.9621
4,12.2,5.1597,0.73128,1.9597,1.2488,0,0,0,0,0.19197,0.20521,10.2,4.3029,4.4337,5.9717
4,15,11.435,0.70669,2.043,1.2579,0,0,0,0,0.23379,0.26543,11.174,0.64686,4.3299,6.1028
4,18.167,13.014,0.6074,2.1386,1.2079,0,0,0,0,0.2464,0.36794,9.3476,-3.5817,4.5574,6.1252
4,21.5,14.653,0.58524,2.1082,1.2173,0,0,0,0,0.29234,0.52608,8.0156,-1.3055,4.1464,6.1537
4,19.143,14.837,0.48355,1.9712,1.1984,0,0,0,0,0.34337,0.68529,6.3682,-1.9315,4.0141,6.162
4,15.125,9.8914,0.51035,2.1415,1.2892,0,0,0,0,0.34212,0.86715,9.7717,-2.9084,3.8095,6.3283
4,11.25,5.7508,0.3918,2.2365,1.4503,0,0,0,0,0.32375,0.79894,13.518,-7.1567,2.665,6.2482
4,12.375,6.9063,0.37951,2.2553,1.4769,0,0,0,0,0.30298,0.6913,16.533,2.6498,2.5033,6.3018
4,12,8.0747,0.268,2.3519,1.3247,0,0,0,0,0.25024,0.45302,14.094,-0.92802,3.7781,6.1998
4,12,8.8882,0.29953,2.3486,1.0838,0,0,0,0,0.15472,0.17998,9.5724,-5.3069,4.6673,5.6607
4,9.1667,5.0602,1.8467,4.5872,3.0931,0,0,0,0,0.32029,0.688,62.033,10.196,1.6362,6.3995
4,8.4375,4.5748,1.7257,4.2921,3.2265,0,0,0,0,0.3454,0.76843,69.817,1.6851,1.0241,6.3086
4,8.2353,3.6662,1.7042,4.4798,3.417,0,0,0,0,0.3862,0.87145,72.516,-6.2651,0.96784,6.4239
4,7.9412,3.8156,1.6661,4.1381,3.0501,0,0,0,0,0.37386,0.84872,59.15,-0.45848,1.4588,6.3698
4,8.8667,3.9255,1.7476,4.1031,3.1521,0,0,0,0,0.3726,0.81283,42.495,-2.9148,1.6255,6.3374
4,9.5333,4.3894,1.9173,3.9323,2.9085,0,0,0,0,0.38497,0.89208,45.861,-5.2354,2.0117,6.4004
4,9.7857,4.6273,1.9974,4.2407,2.9925,0,0,0,0,0.39758,0.85479,50.204,-4.6296,1.7362,6.4593
4,9.6,4.4689,2.1595,4.3138,3.2203,0,0,0,0,0.41249,0.84423,49.784,-5.0612,1.5277,6.4883
4,8,4.7302,2.0378,4.3876,3.3842,0,0,0,0,0.39711,1.0919,63.549,-10.283,1.2487,6.572
4,7.4706,4.0945,1.9724,4.57,3.368,0,0,0,0,0.4025,1.0194,64.908,-9.3206,1.2354,6.6074
4,7.7222,4.5479,1.8294,4.8133,3.5435,0,0,0,0,0.39282,1.0009,69.732,-12.384,0.96784,6.4732
4,7.1053,3.5102,2.7548,4.8667,3.7578,0,0,0,0,0.38498,0.79434,70.325,-11.154,1.3046,6.5626
4,7.6316,3.8472,2.9597,4.6939,3.6383,0,0,0,0,0.3292,0.6575,73.482,-11.793,1.5144,6.3822
4,8.5294,4.6384,3.1225,5.021,3.671,0,0,0,0,0.30316,0.59683,62.104,-8.6164,1.9018,6.3133
4,7.8333,4.6558,3.0933,5.5002,3.8791,0,0,0,0,0.29158,0.43027,58.3,-8.7469,1.9568,6.243
4,7.2105,4.1711,3.2057,5.0713,3.8378,0,0,0,0,0.3247,0.57255,73.048,-7.823,1.6809,6.4567
4,7.5263,3.835,2.5529,4.7663,3.5627,0,0,0,0,0.35833,0.65864,67.09,-6.5906,1.3046,6.5412
4,7.1111,2.6321,2.4501,4.7654,3.4156,0,0,0,0,0.34889,0.86518,68.733,-6.6483,1.472,6.5147
4,7.4737,2.5684,2.468,4.6506,3.4966,0,0,0,1.1304,0.39585,0.97091,60.808,-11.318,1.0671,6.5594
4,8.3125,2.626,2.16,4.1426,3.1358,0,0,0,1.1304,0.38585,0.95703,53.051,-11.615,1.2354,6.4478
4,8.1765,3.0462,2.5512,4.5237,3.4313,0,0,0,1.1304,0.37708,0.71642,48.178,-8.0769,1.5144,6.4295
4,7.1667,3.3475,2.5841,4.2742,3.2576,0,0,0,1.1304,0.31717,0.68842,62.889,-9.3873,2.3806,6.2962
4,7.4737,4.4891,2.4761,4.38,3.4433,0,0,0,0,0.31268,0.53644,59.094,-8.8059,2.1213,6.3018
4,6.65,4.2953,2.5777,4.3569,3.3972,0,0,0,0,0.28055,0.3689,61.299,-7.6268,2.2586,6.291
4,7.6471,5.8943,2.6698,4.3073,3.2122,0,0,0,0,0.27488,0.43365,55.695,-10.066,2.0268,6.2614
4,9.8571,7.5433,2.1851,3.7705,2.6813,0,0,0,0,0.32249,0.33346,41.314,-17.727,1.9587,6.2349
4,10.154,6.9143,2.2649,4.3017,3.2373,0,0,0,1.4447,0.46847,0.99815,43.619,-11.323,1.0539,6.4808
4,11,7.0593,2.0236,4.2123,3.0865,26,8.4853,0.19965,1.6737,0.6158,1.9302,55.091,-10.022,0.84175,6.3667
4,11.6,5.9479,1.3742,4.2782,2.9571,26,8.4853,0.19965,1.6737,0.62008,2.6087,63.16,-7.7816,0.85499,6.3567
4,10.769,5.4338,2.1557,4.5297,3.2769,26,8.4853,0.19965,1.6737,0.66202,2.8189,64.91,-0.9036,1.0241,6.321
4,9.5,4.8635,2.4651,5.4129,3.797,51.5,44.548,0.21018,1.6676,0.71837,2.718,78.756,2.6203,1.0109,6.1591
4,9,5.378,2.6195,4.8606,3.3691,83,0,0.27193,1.6186,0.64651,2.5508,70.469,1.9984,1.5012,6.2417
4,9.4667,5.1805,2.8007,4.8958,3.3648,0,0,0,1.4264,0.54834,1.9414,59.57,-2.7864,1.6915,6.3563
4,9.1875,3.5818,2.6981,4.9273,3.5098,0,0,0,1.4264,0.57664,2.2149,63.374,-1.4033,1.4323,6.4093
4,9.6429,3.9924,2.4068,4.6703,3.233,0,0,0,1.4264,0.54828,2.004,54.028,-5.9039,1.3208,6.4202
4,11.091,3.9863,1.7565,3.8827,2.6623,0,0,0,0,0.46188,1.4056,42.482,-2.8709,1.334,6.431
4,11,4.9329,1.5963,4.0992,2.9017,0,0,0,0,0.49205,1.5634,46.963,-9.6653,0.96784,6.3648
4,13.7,6.6005,0.98044,4.2202,2.8115,0,0,0,0,0.48405,1.5651,49.627,-6.1874,0.78522,6.4484
4,12.818,6.8238,1.2288,3.8515,2.6896,0,0,0,0,0.45653,1.4701,42.009,-8.0342,0.95459,6.5444
4,10.846,6.8902,1.2272,3.7165,2.6664,0,0,0,0,0.43294,1.3855,45.354,-8.1005,1.1233,6.5477
4,8.0588,5.4597,1.3297,3.4933,2.6544,0,0,0,1.4467,0.49808,1.1791,45.932,-2.5418,1.1794,6.5047
4,6.7778,2.8606,1.25,3.405,2.5722,0,0,0,1.4467,0.50892,1.2699,35.993,2.044,1.1794,6.4947
4,7,3.4801,1.2741,3.4559,2.6198,35,0,0.16994,1.3265,0.52316,1.5309,37.823,4.8507,1.1366,6.4499
4,7.2105,3.4573,1.395,3.5577,2.8987,35,0,0.16994,1.3265,0.53044,1.7116,41.324,8.324,0.96784,6.4582
4,7.8889,3.8637,1.4656,3.7698,3.1187,35,0,0.16994,1.3265,0.5411,1.8869,58.791,10.637,0.45786,6.3605
4,8.8667,3.8148,1.4275,4.2473,3.2094,0,0,0,1.2063,0.50813,1.6207,73.075,5.7981,0.45786,6.4467
4,9.7143,3.315,1.6724,3.9966,3.1679,13,0,0.010873,1.661,0.62051,1.501,68.604,5.9565,0.74187,6.2398
4,8.875,2.9183,1.5523,3.9989,3.1523,15.5,3.5355,0.0079043,1.6599,0.72451,2.841,63.228,11.692,0.79847,5.9681
4,8.9375,2.7921,1.5802,4.2228,3.3672,22,11.533,0.45291,1.8864,0.99329,3.8558,49.622,10.19,0.79847,5.2834
4,8.3529,2.448,2.0498,4.9313,3.7382,18.75,11.442,0.4351,1.9706,1.0268,7.6352,71.354,7.4426,0.79847,5.0045
4,8.2941,2.5924,1.9946,4.8608,3.7559,18.75,11.442,0.4351,1.9706,1.0181,7.6766,96.548,3.4551,0.57167,5.0732
4,8.6875,2.9148,1.7609,5.1978,3.822,22,18.385,0.46778,2.177,0.93698,6.2335,99.023,4.2745,0.34379,5.4989
4,8.6,2.9228,1.7045,5.4651,3.929,57.5,68.589,0.60361,2.0961,0.84913,5.049,105.78,-1.9736,0.28665,5.8252
4,11.5,9.1701,1.6602,4.9426,3.417,0,0,0,1.4153,0.49867,1.2159,76.466,-5.0741,0.74187,6.2325
4,10.538,8.9127,1.29,3.7325,2.6911,0,0,0,1.4153,0.40124,0.83977,50.497,0.42889,0.74187,6.3425
4,10.667,9.4516,1.289,3.6167,2.614,0,0,0,1.4153,0.36088,0.79541,46.928,6.3605,0.74187,6.2582
4,11.833,9.5521,1.2542,3.5738,2.6773,0,0,0,1.4153,0.37913,0.66223,38.212,3.9219,0.5148,6.2464
4,8.3571,4.1437,2.7462,4.5507,3.2628,0,0,0,1.4566,0.43161,0.68759,48.038,6.1989,0.5148,6.3781
4,9,4.2594,2.8689,5.031,4.0589,0,0,0,1.4566,0.53769,1.5903,91.919,9.7326,-0,6.4443
4,9,3.7225,2.8216,5.0832,4.0498,0,0,0,1.4566,0.5171,2.0962,121.48,6.5364,0.17219,6.4228
4,8.7857,2.9659,2.9972,5.0472,3.9794,0,0,0,1.4566,0.51914,2.0867,115.97,3.9315,0.28665,6.4052
4,9.2857,3.2208,3.0622,4.9774,3.9054,0,0,0,1.4566,0.51551,1.8952,105,1.6932,0.68521,6.4399
4,12.6,7.1212,2.255,3.9522,3.4136,0,0,0,0,0.43013,1.0607,61.215,-1.7465,0.68521,6.3748
4,14.25,7.7965,1.6979,3.5207,2.6537,0,0,0,0,0.28136,0.57347,50.565,3.6827,1.4588,6.014
4,19.143,9.0816,2.1487,3.2476,2.5145,0,0,0,0,0.27041,0.60115,47.94,-1.7799,2.7452,6.1637
4,13.1,5.6065,1.3107,2.0106,1.5139,0,0,0,0,0.27774,0.31401,7.771,-12.855,4.1569,6.1205
4,12.273,5.2362,2.7575,2.9908,2.1279,0,0,0,0,0.27345,0.34777,15.18,-12.285,3.9757,5.9964
4,10.385,5.1241,2.5592,2.8475,2.2252,0,0,0,1.1468,0.29942,0.4903,29.168,-9.4623,3.4675,6.1107
4,9.3846,4.8741,2.4379,3.1491,2.3371,0,0,0,1.1468,0.32051,0.53824,29.744,-7.967,2.7855,6.1787
4,8.4667,3.8334,2.308,3.1058,2.297,0,0,0,1.1468,0.31173,0.55516,28.235,-4.6429,3.1183,6.1459
4,8.8,3.9316,2.2987,2.7741,2.092,0,0,0,1.1468,0.27144,0.4537,22.127,-6.2497,2.9542,6.0189
4,9.5714,4.2556,1.3506,2.2981,1.9848,0,0,0,0,0.25072,0.31724,10.58,-4.2617,3.493,6.0065
4,10.385,4.2922,1.3745,2.5468,1.8259,0,0,0,0,0.22173,0.26436,16.156,-5.8082,3.5571,5.9014
4,12.091,6.0738,1.3463,2.3326,1.7795,0,0,0,0,0.19824,0.22187,17.098,-4.9649,3.2759,5.7882
4,13.091,5.4489,1.5004,2.7294,2.0359,0,0,0,0,0.20902,0.21686,17.766,-5.5969,3.0521,5.8688
4,12,5.4955,1.529,2.6969,2.0167,0,0,0,0,0.21054,0.27105,25.928,-4.6084,3.4335,5.9111
4,12.818,6.5547,2.895,3.3068,2.6821,0,0,0,0,0.25251,0.28945,19.612,-6.5539,2.8527,6.1584
4,11.222,6.3399,3.0421,3.8442,2.6538,0,0,0,0,0.25388,0.40629,42.057,-12.608,3.2266,6.0922
4,12.182,8.5302,2.935,3.4013,2.6482,0,0,0,0,0.28552,0.39486,36.288,-14.513,3.1558,6.2371
4,12.364,8.8348,2.9305,3.0912,2.5029,0,0,0,0,0.27199,0.45188,26.769,-22.543,3.0868,6.1626
4,11.083,7.6093,2.752,3.4359,2.7166,0,0,0,0,0.28799,0.49783,33.135,-20.737,2.2948,6.3062
4,13.3,8.5121,1.05,2.5717,1.8324,0,0,0,0,0.27474,0.40907,20.646,-15.873,2.5298,6.2191
4,11.9,6.0818,1.3144,2.8052,2.0241,0,0,0,0,0.29043,0.46375,23.612,-9.9157,1.3473,6.2664
4,12.818,6.9544,1.2744,2.7442,2.0133,0,0,0,0,0.27114,0.49415,26.886,-5.0835,1.8202,6.1802
4,12.727,7.0582,1.485,2.3971,1.8667,0,0,0,0,0.27708,0.48416,22.667,2.6462,2.759,6.2753
4,10.273,6.5892,1.2739,2.0821,1.6164,0,0,0,0,0.26306,0.44997,15.925,2.1998,3.446,6.238
4,10.75,6.5244,1.2213,2.0356,1.5237,0,0,0,0,0.24128,0.38225,15.094,2.2803,3.9592,6.1414
4,9.7857,5.632,1.1314,2.0261,1.3869,0,0,0,0,0.20642,0.22589,7.4894,3.1687,4.542,5.9237
4,10.692,5.7356,1.1531,2.1805,1.4433,0,0,0,0,0.20464,0.23024,10.924,2.734,4.6439,5.9567
4,11.583,5.6481,1.446,2.6426,1.6939,0,0,0,0,0.19705,0.22744,12.054,2.3207,4.3014,5.9483
4,12.1,5.7048,1.5811,2.6227,1.5962,0,0,0,0,0.209,0.24876,14.699,5.1419,4.6694,5.8503
4,11.5,6.2761,1.4888,2.7302,1.6298,0,0,0,0,0.22022,0.30519,14.323,-0.077396,4.1619,5.8761
4,11.583,5.5671,1.3349,2.633,1.7319,0,0,0,1.1344,0.29688,0.34006,12.689,-3.5787,3.7382,6.0794
4,10.154,5.3048,1.7232,3.103,2.0435,0,0,0,1.1344,0.34267,0.62212,18.212,-6.7997,3.1313,6.3583
4,10.077,4.5728,1.5132,2.8792,1.9057,0,0,0,1.1344,0.3373,0.78077,22.561,-10.198,2.9858,6.3622
4,9.5714,3.3216,2.1311,3.5868,2.6261,0,0,0,1.1344,0.37634,0.78346,27.465,-16.461,2.0136,6.5197
4,8.8125,3.5444,1.9867,3.8204,2.8427,0,0,0,0,0.41756,0.95201,43.198,-17.249,1.6677,6.5114
4,9.4286,3.3447,2.1434,3.741,2.7572,0,0,0,0,0.38512,0.92833,45.373,-13.405,1.6362,6.4908
4,9.7143,3.7092,1.9646,3.4653,2.6421,0,0,0,0,0.35929,0.86174,42.712,-8.7105,1.7468,6.3937
4,9.4,4.1369,1.7954,3.5913,2.6924,0,0,0,0,0.36126,0.92272,41.332,-7.5542,1.6518,6.3351
4,9,4.095,0.98936,3.1101,2.167,0,0,0,0,0.31099,0.68448,28.175,-1.4015,2.0915,6.2293
4,9.5333,5.0408,0.7374,3.3044,2.1455,0,0,0,0,0.28133,0.42328,24.074,1.074,2.1726,6.2015
4,9.6667,5.5635,0.90948,3.4838,2.2737,0,0,0,0,0.26064,0.39073,26.44,-1.8287,1.9435,6.0899
4,9.7143,6.3054,1.0767,3.3698,2.1636,0,0,0,0,0.24877,0.32203,26.979,-5.7261,2.5431,6.0054
4,9.7692,6.0574,1.1444,3.539,2.3061,0,0,0,0,0.26576,0.43543,26.088,-3.1793,2.1081,6.1598
4,10.071,5.7708,1.1987,3.3738,2.2653,0,0,0,0,0.28181,0.44847,31.69,-2.0685,1.7783,6.2099
4,9.6154,4.7177,1.4791,3.121,2.1655,0,0,0,0,0.29358,0.49731,29.069,-1.74,1.7097,6.3301
4,9.6429,4.9862,1.6278,3.14,2.0831,0,0,0,0,0.309,0.57882,25.244,0.67882,2.5582,6.3466
4,9.7333,4.7729,1.7282,2.8287,1.9932,0,0,0,0,0.29363,0.5726,23.822,2.9197,2.8527,6.3333
4,9.3077,4.4979,1.8087,2.4527,1.6831,0,0,0,0,0.264,0.50798,15.456,-2.5801,4.1243,6.306
4,9,4.98,1.6349,2.5278,1.6781,0,0,0,0,0.27196,0.34489,9.6559,-8.6101,4.1003,6.3468
4,8.375,4.6744,1.365,2.3226,1.4957,0,0,0,0,0.24054,0.35439,12.033,-10.255,4.5724,6.321
4,8.1765,4.8249,1.9703,2.8474,2.226,0,0,0,1.4646,0.3766,0.26619,10.645,-13.45,3.7897,6.349
4,8.7143,5.7703,2.0272,3.1348,2.3317,0,0,0,1.4646,0.40534,1.0924,37.923,-17.937,3.8096,6.4725
4,9.6429,7.9962,1.9935,3.1637,2.3415,0,0,0,1.4646,0.40543,1.2366,37.054,-15.113,3.6535,6.4171
4,12,8.8544,5.7373,4.9925,3.8349,88,0,0.858,2.0713,0.57174,1.1253,31.979,-6.3264,3.8838,6.2377
4,11.5,8.4906,5.4311,5.2728,4.0755,88,0,0.858,2.0713,0.59257,1.8628,69.677,-2.2186,3.3756,6.236
4,11.727,7.9258,5.6625,4.438,3.7155,0,0,0,2.6779,0.51305,1.084,48.168,2.6022,3.4665,6.292
4,9.5,4.5227,5.3755,4.4936,3.7218,0,0,0,2.6779,0.50067,1.2516,49.84,6.8586,3.1133,6.3391
4,9.25,4.0028,5.3991,4.4603,3.7243,0,0,0,2.6779,0.50309,1.4278,60.199,9.0215,3.1448,6.3133
4,12.455,7.7636,1.9442,3.2107,2.5667,0,0,0,0,0.3075,0.48853,24.605,6.5064,2.999,6.3144
4,14.625,7.981,1.8442,2.9053,2.2749,0,0,0,0,0.27279,0.5018,33.913,1.9384,3.551,6.1752
4,18.429,9.0159,1.9968,2.8318,2.2419,0,0,0,0,0.2592,0.37097,29.088,-2.4502,3.29,6.1016
4,15.714,7.5435,1.9805,2.7719,2.169,0,0,0,0,0.24,0.39192,27.147,-3.0315,3.4989,5.9494
4,16.143,7.244,2.0327,2.6607,2.1848,0,0,0,0,0.24072,0.41622,29.945,-4.5207,3.2764,6.0547
4,17,10.354,0.87863,2.0712,1.6213,0,0,0,0,0.19656,0.20198,11.894,-11.496,3.7301,5.9081
4,17.2,11.563,0.9624,2.0759,1.1945,0,0,0,0,0.15173,0.16949,10.131,-11.316,4.4962,5.6976
4,8.1818,3.6556,2.1563,3.2481,1.9549,0,0,0,1.3151,0.26641,0.26614,17.8,0.28566,3.8369,5.7844
4,7.8667,3.4198,1.9802,2.8898,2.0371,0,0,0,1.3151,0.29132,0.44128,24.754,-3.2245,3.4555,6.2138
4,7.7222,3.4438,1.8065,2.5259,1.9473,0,0,0,1.3151,0.29062,0.42121,18.476,-8.1107,3.1528,6.1231
4,6.8947,3.2127,1.5285,2.1738,1.5946,0,0,0,1.3151,0.28188,0.36538,13.698,-7.45,3.7036,5.9921
4,6.8125,3.5065,1.6326,2.2503,1.5219,0,0,0,1.3151,0.26749,0.35679,12.424,-6.2366,4.3198,5.9949
4,11.5,13.242,0.5652,1.8666,1.0949,0,0,0,0,0.19388,0.22075,6.9885,-3.8547,5.0408,5.8058
4,11.583,13.208,0.7089,2.128,1.2347,0,0,0,0,0.18614,0.18981,6.4615,-4.6964,4.5574,5.8702
4,11,13.287,0.7919,2.1457,1.246,0,0,0,0,0.17893,0.18772,7.8525,-3.2672,4.5182,5.8112
4,8.7273,3.2586,1.0716,2.4477,1.3873,0,0,0,0,0.16443,0.15911,8.6457,-2.3725,4.5094,5.7604
4,10.583,7.1409,1.0772,2.3567,1.3984,0,0,0,0,0.18018,0.18252,11.902,5.7924,4.3613,5.8189
4,12.636,7.487,1.0917,2.6464,1.6899,0,0,0,0,0.21434,0.19078,11.148,2.8571,3.3365,5.9315
4,13.7,7.3944,1.5981,2.8869,1.9611,0,0,0,0,0.28021,0.33153,16.296,2.8802,3.2974,6.236
4,16.75,7.0862,1.4762,3.3973,2.1287,0,0,0,0,0.29291,0.59949,27.124,-3.4739,2.6335,6.2382
4,15.125,4.0156,2.5179,3.7865,2.646,0,0,0,0,0.3483,0.67282,29.217,-4.1963,2.4493,6.3863
4,15,4.3301,2.5301,4.694,3.1963,14,12.728,0.1634,1.4987,0.47098,0.91612,60.121,-15.36,1.3473,6.3466
4,13.4,4.5753,2.6234,4.4302,3.1506,14,12.728,0.1634,1.4987,0.4677,1.3296,64.013,-14.836,1.7915,6.4063
4,10.417,4.9627,2.6338,4.6616,3.3203,14,12.728,0.1634,1.4987,0.44138,1.0267,51.425,-14.883,1.8885,6.2964
4,9.0667,4.7278,2.6369,4.11,3.278,37.333,41.405,0.1906,1.4307,0.47183,1.0606,63.461,-12.995,2.1495,6.2929
4,8.375,4.1613,2.6031,4.1766,3.5927,39.333,40.501,0.18876,1.4338,0.49831,0.99543,40.957,-15.995,1.6255,6.3635
4,8.4706,4.4317,2.6248,4.2494,3.4069,31,2.8284,0.40528,1.5215,0.47346,0.82913,61.726,-15.823,1.5144,6.3937
4,7.4211,3.9625,2.515,4.5079,3.6144,28.667,4.5092,0.33611,1.4921,0.5161,1.2679,71.923,-16.274,0.91145,6.2795
4,8,4.7029,2.8122,4.3988,3.5167,27.75,4.113,0.29444,1.5119,0.56861,1.482,71.059,-11.975,1.0241,6.1819
4,7.9412,4.8922,2.7333,4.6072,3.5651,27.333,4.9329,0.28574,1.5833,0.54078,1.61,72.596,-14.517,0.79847,6.1721
4,8,6.1062,2.4568,4.0633,2.8305,24.5,0.70711,0.29591,1.6596,0.49416,1.172,45.293,-10.938,1.6544,5.9979
4,9.3571,6.8793,2.4803,3.4999,2.3931,25,0,0.13263,1.4976,0.40815,0.81937,33.37,-10.38,2.7319,6.1511
4,9.8333,6.8335,2.4119,2.7632,1.9886,0,0,0,1.5913,0.33731,0.57202,18.265,-8.5864,3.3938,6.0867
4,13.111,7.6066,1.1756,2.2758,1.5006,0,0,0,0,0.20656,0.2478,15.3,-12.555,4.3546,6.0037
4,13.8,6.8702,1.1526,1.7141,1.0879,0,0,0,0,0.18217,0.22115,7.8316,-5.7783,5.5934,5.902
4,14.333,6.6583,1.4447,1.8836,0.99689,0,0,0,0,0.15552,0.13502,6.0062,-8.493,5.9166,5.4149
4,22,0,1.9885,2.6412,0.9383,0,0,0,0,0.098874,0.05837,5.5804,-10.776,5.8246,4.7703
4,0,0,0,0,0.64335,0,0,0,0,0.078437,0.018077,0.28409,-11.162,5.7803,4.3242
4,5.5,0.70711,0.22699,1.5223,0.55395,0,0,0,0,0.08699,0.0094961,0.26247,-8.5458,5.495,4.5927
4,12.75,8.5391,1.0995,1.9513,1.0842,0,0,0,0,0.13223,0.062165,4.3435,-9.9293,4.9274,5.1498
4,11.6,7.8294,1.0328,1.8225,1.1811,0,0,0,0,0.1419,0.13196,9.4647,-10.196,4.9241,5.4872
4,11.333,9.2195,2.2485,2.5198,1.7909,0,0,0,0,0.17593,0.17067,15.83,-0.97313,4.2669,5.7879
4,11.727,8.7874,2.0674,2.4193,1.8583,0,0,0,0,0.18476,0.23106,17.561,-2.0872,3.8674,5.8905
4,12.3,9.2622,2.4216,3.0259,2.0695,0,0,0,0,0.18092,0.20948,17.866,-1.3674,4.082,5.8219
4,15.889,14.426,2.4813,3.0414,1.8728,0,0,0,0,0.17522,0.17266,18.634,0.57491,5.0484,5.7037
4,12.5,13.31,2.3057,3.1476,1.902,0,0,0,0,0.22042,0.2699,12.084,1.9236,4.9849,5.8305
4,17.143,14.622,1.8128,2.6457,1.3442,0,0,0,0,0.19755,0.23073,9.0826,-1.104,5.682,5.586
4,16.167,15.766,1.9579,2.6535,1.2509,0,0,0,0,0.19218,0.22177,5.144,-0.14772,6.0929,5.5849
4,20,19.196,1.0173,1.7618,0.77549,0,0,0,0,0.19422,0.21582,2.7772,-0.18211,6.2021,5.535
4,22,16.297,1.2356,2.1133,1.37,0,0,0,0,0.21628,0.12864,3.2165,-2.7325,5.2096,5.7241
4,19,15.652,1.2659,2.7208,1.7405,0,0,0,0,0.21487,0.21886,14.785,-4.7074,4.2984,5.9875
4,11.556,5.876,1.2465,3.3619,2.2039,0,0,0,0,0.27203,0.41729,27.346,-9.2235,3.1658,6.3012
4,10.636,4.3652,1.6016,3.8763,2.4818,0,0,0,0,0.30568,0.58702,39.972,-10.155,2.3554,6.2408
4,10.071,4.0471,1.5072,3.7233,2.5983,0,0,0,0,0.31115,0.6738,44.827,-6.0458,1.599,6.3157
4,10.077,4.9743,1.6445,3.8765,2.5348,0,0,0,0,0.29675,0.61559,37.336,-7.1116,2.3409,6.3236
4,11.25,5.2419,1.6098,4.0305,2.3682,0,0,0,0,0.26744,0.43746,29.71,-6.078,3.1528,6.2894
4,9.8571,4.8494,2.0001,3.4908,2.3054,0,0,0,0,0.20896,0.27419,19.965,-2.0007,3.617,5.944
4,8.5625,4.9257,2.0509,3.396,2.4493,0,0,0,0,0.18857,0.15275,21.459,-5.5021,3.2924,5.8242
4,8.1667,4.7558,2.3161,3.5904,2.7529,0,0,0,1.2907,0.27068,0.19694,30.768,-9.7707,2.9492,6.0547
4,7.3684,3.4994,2.7369,4.0683,3.236,0,0,0,1.2907,0.33918,0.44645,40.365,-9.0755,2.3359,6.2399
4,7.1053,2.923,2.8616,3.8188,3.2355,34,0,0.17148,1.1695,0.33825,0.70895,60.296,-8.4638,2.1081,6.2513
4,7.1,2.6931,2.6528,4.0847,3.3183,34,0,0.17148,1.1695,0.39788,0.74496,57.802,-9.6124,1.57,6.484
4,8.6875,3.1138,3.0924,4.6595,3.4459,66,45.255,0.20118,1.2622,0.447,1.0161,56.771,-11.963,1.4163,6.4822
4,9.0769,3.3282,3.0544,4.8722,3.3177,0,0,0,1.4475,0.40021,0.98092,62.003,-14.667,1.8152,6.4128
4,10.923,5.7076,3.0005,4.6806,3.2127,0,0,0,1.4475,0.36434,0.73517,48.473,-14.21,1.8885,6.2588
4,9.2,5.8578,2.9376,4.9412,3.5287,75,0,0.062799,1.4031,0.43669,0.6867,54.117,-12.034,1.3898,6.393
4,9.5714,6.0981,2.8732,5.0682,3.4331,75,0,0.062799,1.4031,0.39923,0.78794,61.903,-5.0344,1.334,6.3218
4,8.75,5.651,2.316,4.2951,3.1579,0,0,0,1.3587,0.36259,0.6701,54.595,1.5945,1.4879,6.3655
4,7.5556,3.6658,2.3974,3.794,2.9635,0,0,0,1.3587,0.37886,0.73303,48.489,4.3726,2.1081,6.3507
4,8.4118,5.0997,3.0348,4.0558,3.1722,0,0,0,1.3587,0.39188,0.79329,36.263,7.1884,2.4481,6.3963
4,9.2,5.1018,2.9992,3.6499,2.8085,0,0,0,0,0.34809,0.66907,39.867,6.1833,2.8523,6.3766
4,9,5.2536,3.137,3.8567,2.9735,0,0,0,0,0.36858,0.75704,35.55,8.9429,3.1051,6.3863
4,9,5.2915,3.4436,4.0449,3.0851,0,0,0,0,0.34759,0.77679,40.013,5.3116,3.4989,6.3863
4,8.1875,4.3699,3.2152,4.2964,3.2339,0,0,0,0,0.35653,0.84022,51.48,5.3445,3.0786,6.3798
4,8.6875,4.2066,2.2365,3.3107,2.5188,0,0,0,0,0.3562,0.64368,35.771,5.0226,3.1923,6.3924
4,8.5,4.0166,2.3201,4.0146,2.9253,0,0,0,0,0.35399,0.71175,36.877,6.7329,2.8477,6.3648
4,8.25,3.7148,2.3532,3.7864,2.9871,0,0,0,0,0.35834,0.70519,39.735,-3.2215,2.9891,6.3716
4,8.4,3.2907,2.3274,4.0709,2.9315,0,0,0,1.1515,0.34437,0.70981,48.213,-0.59829,2.941,6.388
4,9.7273,4.2916,2.538,4.3732,2.7399,0,0,0,1.1515,0.30493,0.62771,49.855,0.28017,3.8162,6.1425
4,11.75,9.0063,2.4422,4.2798,2.7779,0,0,0,1.1515,0.26357,0.29879,38.99,-2.4022,3.5665,5.8675
4,12.636,9.0474,2.5894,3.38,2.3708,0,0,0,1.1515,0.21588,0.1846,28.949,-2.8845,4.2281,5.6518
4,13.6,10.255,1.2145,2.4131,1.8998,0,0,0,0,0.19925,0.16302,12.723,2.1802,4.4697,5.7014
4,12.111,8.8522,1.0368,2.4311,1.4057,0,0,0,0,0.19732,0.27135,11.342,-1.3493,4.7601,5.7463
4,12.7,8.5512,1.1235,2.5949,1.7442,0,0,0,0,0.20494,0.27486,12.925,-1.3791,4.0241,5.9528
4,14.625,8.8791,1.7145,3.4901,1.9023,0,0,0,0,0.23831,0.27777,17.831,-2.4323,4.2519,6.1321
4,16,10.282,1.4095,3.6789,1.9865,0,0,0,0,0.23437,0.29255,18.249,0.42548,3.5317,6.1718
4,14.375,7.8182,1.4562,4.493,2.4486,0,0,0,0,0.25551,0.2732,25.999,-3.3267,3.1711,6.1255
4,12.9,7.1095,1.9492,4.2966,2.6681,0,0,0,1.1036,0.29151,0.50163,42.006,-5.65,2.665,6.1398
4,11.727,7.3088,2.2654,3.5319,2.4995,0,0,0,1.1036,0.29846,0.50633,35.672,-3.6665,3.2188,6.1036
4,10.231,4.1664,2.0806,3.0738,2.3483,0,0,0,1.1036,0.29267,0.44204,32.681,-3.3442,3.3548,6.0473
4,10.231,4.226,2.2588,3.1961,2.5917,0,0,0,1.1036,0.32182,0.49142,25.742,-8.1106,3.6018,6.2668
4,10.333,4.6384,1.9984,2.7351,2.1332,0,0,0,0,0.28506,0.43959,22.081,-5.0358,3.9624,6.2284
4,11.167,6.6856,3.8801,4.0962,3.1328,0,0,0,1.2125,0.33326,0.44351,27.107,-3.6735,3.7765,6.2968
4,12,6.6332,3.926,4.8757,3.3945,0,0,0,1.2125,0.32525,0.74996,59.752,-6.8621,3.3421,6.2936
4,12.636,5.6262,3.9188,4.7942,3.3817,0,0,0,1.2125,0.30966,0.612,62.904,-5.2941,3.3029,6.0957
4,13.3,6.111,4.073,4.9817,3.2823,0,0,0,1.2125,0.28644,0.41579,48.976,-4.3622,3.3945,5.9215
4,11.833,4.6872,4.2406,5.589,3.9262,0,0,0,1.2125,0.30145,0.45555,48.245,-7.8805,2.6915,5.9309
4,12.182,4.6437,3.3277,4.5379,3.2552,0,0,0,0,0.25177,0.26928,47.601,-7.0041,2.9057,5.9848
4,12.75,5.3652,3.3247,4.9114,2.965,0,0,0,0,0.24717,0.40965,53.234,-5.0255,3.6869,5.9428
4,16.375,16.613,3.2274,5.0591,3.0337,0,0,0,0,0.27825,0.40111,50.514,-7.3018,3.5235,6.0452
4,17.75,17.036,3.1246,5.2865,3.2135,0,0,0,0,0.38846,0.54731,47.42,-5.2545,3.0256,6.3601
4,21,18.762,1.9227,4.1714,2.523,0,0,0,0,0.39355,1.0551,38.352,-1.8688,3.184,6.4089
