"['44012.34607', '44015.03009']",0.0207444444444,0.0155777777778,-0.0202222222222,-0.525131111111,-0.189587777778,0.305624444444
"['44013.2508', '44015.93484']",0.0640488888889,0.00482,0.03478,-0.58755,-0.07986,0.381864444444
"['44014.15552', '44016.83955']",0.114554444444,0.0838755555556,-0.0293722222222,-0.736313333333,-0.0413822222222,0.830752222222
"['44015.06027', '44017.74428']",0.177535555556,0.19338,0.00819444444444,-0.427087777778,-0.0269177777778,-0.194888888889
"['44015.96498', '44018.64901']",0.281544444444,0.287628888889,0.0344877777778,-0.572455555556,0.192371111111,-0.228566666667
"['44016.86971', '44019.55375']",0.581616666667,0.232037777778,0.265168888889,-0.504703333333,0.4752,-0.454743333333
"['44017.77443', '44020.45852']",0.612765555556,0.32236,0.284254444444,-0.318238888889,0.698366666667,-0.143266666667
"['44018.67916', '44021.36324']",0.67121,0.333305555556,0.366456666667,-0.562975555556,0.747958888889,-0.253914444444
"['44019.5839', '44022.26797']",0.505596666667,0.576532222222,0.243666666667,-1.00077555556,0.511128888889,-0.312767777778
"['44020.48867', '44023.1727']",0.334085555556,0.5716,0.309253333333,-1.19968222222,0.447205555556,-0.504381111111
"['44021.39339', '44024.07741']",0.32482,0.533365555556,0.350598888889,-1.11848444444,0.36342,-0.208332222222
"['44022.29812', '44024.98215']",0.309017777778,0.508548888889,0.419344444444,-1.00616222222,0.0500544444444,-0.533276666667
"['44023.20285', '44025.88691']",0.445368888889,0.494031111111,0.417752222222,-1.00777111111,0.254536666667,-0.436372222222
"['44024.10756', '44026.79164']",0.555711111111,0.657315555556,0.379311111111,-1.17974,0.25026,-0.377537777778
"['44025.01234', '44027.69637']",0.345285555556,0.539748888889,0.380162222222,-1.17434666667,0.276603333333,-0.579412222222
"['44025.91706', '44028.60109']",0.420115555556,0.52349,0.400584444444,-1.12676,0.35931,-0.37443
"['44026.8218', '44029.50583']",0.212452222222,0.519493333333,0.24071,-0.962282222222,-0.127827777778,-0.56446
"['44027.72652', '44030.41055']",0.267022222222,0.653655555556,0.226541111111,-0.880536666667,0.18657,-0.827026666667
"['44028.63124', '44031.31531']",0.323896666667,0.564937777778,0.331992222222,-1.24777333333,0.189815555556,-0.390377777778
"['44029.53601', '44032.22002']",0.270833333333,0.6144,0.40793,-1.18199333333,0.120938888889,-0.580167777778
"['44030.44073', '44033.12478']",0.346966666667,0.596206666667,0.418202222222,-1.24662555556,0.158018888889,-0.48132
"['44031.34546', '44034.02949']",0.35644,0.742622222222,0.358202222222,-1.39638555556,0.0676466666667,-0.348536666667
"['44032.25018', '44034.93424']",0.262297777778,0.673732222222,0.376314444444,-1.45051888889,0.171623333333,-0.649941111111
"['44033.15493', '44035.83897']",0.35881,0.652794444444,0.448078888889,-1.32710555556,0.131048888889,-0.635992222222
"['44034.05967', '44036.74371']",0.306388888889,0.660688888889,0.403392222222,-1.1827,-0.156393333333,-0.569988888889
"['44034.96439', '44037.64844']",0.333338888889,0.658187777778,0.427267777778,-1.03672111111,0.0159244444444,-0.661706666667
"['44035.86912', '44038.55321']",0.341732222222,0.530775555556,0.433103333333,-1.06184444444,0.0658488888889,-0.112758888889
"['44036.77386', '44039.45792']",0.264226666667,0.526794444444,0.374703333333,-0.779164444444,-0.0408877777778,-0.17953
"['44037.67859', '44040.36265']",0.350312222222,0.572523333333,0.317587777778,-0.904283333333,-0.0603411111111,-0.314744444444
"['44038.58336', '44041.26739']",0.353336666667,0.644573333333,0.285157777778,-1.12273777778,-0.0848355555556,-0.119368888889
"['44039.48808', '44042.17215']",0.257173333333,0.522677777778,0.363195555556,-0.895373333333,-0.160524444444,-0.499373333333
"['44040.3928', '44043.07687']",0.299727777778,0.504163333333,0.433594444444,-0.844795555556,0.113216666667,-0.200182222222
"['44041.29757', '44043.9816']",0.261507777778,0.517497777778,0.352978888889,-0.77697,-0.0181366666667,-0.0768966666667
"['44042.2023', '44044.88635']",0.227986666667,0.600578888889,0.34492,-1.17642111111,-0.00681333333333,-0.408848888889
"['44043.10703', '44045.79108']",0.323948888889,0.523757777778,0.366352222222,-1.29042333333,-0.0330311111111,-0.09355
"['44044.01178', '44046.69583']",0.224595555556,0.656338888889,0.371774444444,-1.25886333333,-0.325532222222,-0.428808888889
"['44044.9165', '44047.60057']",0.255176666667,0.688565555556,0.353644444444,-1.04490444444,-0.0841577777778,-0.526067777778
"['44045.82123', '44048.50531']",0.297771111111,0.74558,0.337976666667,-1.10786777778,-0.151064444444,-0.33241
"['44046.72601', '44049.41004']",0.210162222222,0.548147777778,0.298878888889,-0.876237777778,-0.0581377777778,-0.444706666667
"['44047.63072', '44050.3148']",0.335644444444,0.550892222222,0.28088,-1.13229,0.00596222222222,-0.502505555556
"['44048.53546', '44051.21952']",0.274555555556,0.583725555556,0.260082222222,-1.38192444444,-0.210373333333,-0.407376666667
"['44049.44023', '44052.12427']",0.255561111111,0.512926666667,0.351136666667,-1.43108111111,-0.295761111111,-0.637154444444
"['44050.34495', '44053.029']",0.264925555556,0.518365555556,0.364794444444,-1.28049555556,0.0176933333333,-0.315115555556
"['44051.24967', '44053.93372']",0.216725555556,0.537511111111,0.330151111111,-1.18604333333,-0.120926666667,-0.314277777778
"['44052.15443', '44054.83849']",0.275057777778,0.61602,0.275696666667,-1.08327222222,0.0118166666667,-0.268385555556
"['44053.05915', '44055.74322']",0.354877777778,0.533817777778,0.179025555556,-0.903651111111,-0.419807777778,-0.249926666667
"['44053.9639', '44056.64799']",0.368777777778,0.293978888889,0.144371111111,-0.899554444444,-0.394816666667,-0.254684444444
"['44054.86864', '44057.55271']",0.375145555556,0.335546666667,-0.0204044444444,-1.21312555556,-0.578303333333,0.0706988888889
"['44055.77341', '44058.45748']",0.0928477777778,0.284207777778,-0.04669,-1.36704222222,-0.602871111111,-0.191052222222
"['44056.67814', '44059.36219']",0.0398533333333,0.350755555556,-0.0406077777778,-1.05311444444,-0.205241111111,-0.542705555556
"['44057.5829', '44060.26695']",0.0697055555556,0.365978888889,0.0487755555556,-1.04793666667,0.0717877777778,-0.368143333333
"['44058.48763', '44061.17168']",0.0209788888889,0.395833333333,0.113876666667,-0.927821111111,0.152641111111,-0.210416666667
"['44059.39234', '44062.07645']",0.0346411111111,0.402211111111,0.154074444444,-0.859462222222,0.153613333333,-0.315385555556
"['44060.2971', '44062.98118']",0.00684,0.427232222222,0.152901111111,-0.877153333333,0.0909788888889,-0.405064444444
"['44061.20184', '44063.88592']",0.0512222222222,0.392486666667,0.106771111111,-0.817285555556,0.0138966666667,-0.462615555556
"['44062.1066', '44064.79065']",0.0389622222222,0.343433333333,0.100535555556,-0.878037777778,-0.136608888889,-0.269644444444
"['44063.01132', '44065.6954']",0.02969,0.366298888889,0.119888888889,-0.757906666667,-0.160098888889,-0.392005555556
"['44063.91607', '44066.60014']",0.0419411111111,0.404762222222,0.137466666667,-0.79457,-0.20407,-0.419952222222
"['44064.82083', '44067.50491']",0.0376877777778,0.407523333333,0.178405555556,-0.847491111111,0.0311633333333,-0.482092222222
"['44065.72555', '44068.40966']",0.0319322222222,0.381404444444,0.145776666667,-0.842194444444,-0.169018888889,-0.479702222222
"['44066.63033', '44069.31441']",0.0476233333333,0.403167777778,0.1696,-0.835691111111,0.0297544444444,-0.457816666667
"['44067.53506', '44070.21915']",0.0674722222222,0.381751111111,0.15653,-0.807815555556,-0.0823777777778,-0.281341111111
"['44068.43981', '44071.12391']",0.0230133333333,0.397545555556,0.196571111111,-0.835356666667,0.0986744444444,-0.241317777778
"['44069.34456', '44072.02868']",0.120942222222,0.427054444444,0.22044,-0.805472222222,0.244177777778,-0.362312222222
"['44070.2493', '44072.93347']",0.210075555556,0.531051111111,0.226193333333,-0.855765555556,0.282676666667,-0.113486666667
"['44071.15406', '44073.84326']",0.124133333333,0.418871111111,0.255351111111,-0.849754444444,0.344675555556,-0.446402222222
"['44072.05883', '44074.74802']",0.1867,0.382557777778,0.307716666667,-0.867651111111,0.34946,-0.194958888889
"['44072.96362', '44075.65279']",0.0123733333333,0.454551111111,0.20921,-0.817016666667,-0.1765,-0.29317
"['44073.87341', '44076.55758']",0.0499855555556,0.463243333333,0.235465555556,-0.529877777778,-0.104807777778,-0.431987777778
"['44074.7782', '44077.46242']",0.0895444444444,0.361201111111,0.239007777778,-0.762674444444,-0.0141688888889,-0.0392888888889
"['44075.68297', '44078.36721']",0.0625611111111,0.405632222222,0.211128888889,-0.741178888889,0.0328233333333,-0.238818888889
"['44076.58777', '44079.27197']",0.12732,0.490263333333,0.180495555556,-0.856348888889,0.121384444444,-0.319577777778
"['44077.49257', '44080.17676']",0.0940588888889,0.565547777778,0.184357777778,-0.964863333333,-0.05596,-0.277381111111
"['44078.39736', '44081.08159']",-0.0208455555556,0.421846666667,0.253507777778,-0.847618888889,0.0100566666667,-0.618312222222
"['44079.30213', '44081.98637']",0.04292,0.374116666667,0.266666666667,-0.8639,0.140861111111,-0.522103333333
"['44080.20695', '44082.89121']",0.0204477777778,0.388075555556,0.199094444444,-0.818452222222,-0.0728244444444,-0.458512222222
"['44081.11174', '44083.79598']",0.02791,0.346678888889,0.181847777778,-0.876297777778,0.00935333333333,-0.509024444444
"['44082.01653', '44084.70082']",0.0668388888889,0.316538888889,0.197578888889,-0.832536666667,-0.0389444444444,-0.3388
"['44082.92136', '44085.60563']",0.0445522222222,0.354735555556,0.144366666667,-0.864415555556,-0.02204,-0.430422222222
"['44083.82614', '44086.51043']",0.0122055555556,0.394103333333,0.151382222222,-0.847155555556,-0.0185544444444,-0.453774444444
"['44084.73097', '44087.41525']",0.02731,0.357273333333,0.180094444444,-0.854206666667,0.00590444444444,-0.49698
"['44085.63578', '44088.32007']",0.00778555555556,0.342495555556,0.194355555556,-0.788533333333,0.00293222222222,-0.46204
"['44086.54061', '44089.22484']",0.0530988888889,0.38388,0.187743333333,-0.747056666667,0.0109866666667,-0.612358888889
"['44087.4454', '44090.12963']",0.0710744444444,0.393252222222,0.241318888889,-0.940824444444,0.0276444444444,-0.464306666667
"['44088.35022', '44091.03444']",0.0659033333333,0.410567777778,0.240333333333,-1.00657444444,-0.182287777778,-0.647251111111
"['44089.25499', '44091.93925']",0.0989166666667,0.385066666667,0.276105555556,-1.07023555556,0.00313555555556,-0.685963333333
"['44090.15981', '44092.84403']",0.12192,0.368928888889,0.244481111111,-1.17188333333,-0.0828522222222,-0.404491111111
"['44091.06462', '44093.74881']",0.0391855555556,0.364891111111,0.209941111111,-0.904633333333,-0.0482633333333,-0.457731111111
"['44091.9694', '44094.65359']",0.0974144444444,0.419726666667,0.16865,-0.856363333333,-0.155128888889,-0.415072222222
"['44092.87418', '44095.55838']",0.103518888889,0.449768888889,0.127368888889,-0.869933333333,-0.184684444444,-0.426884444444
"['44093.77896', '44096.46316']",0.0584844444444,0.339823333333,0.167988888889,-0.770294444444,-0.133695555556,-0.516932222222
"['44094.68377', '44097.36791']",0.0627855555556,0.362266666667,0.170194444444,-0.870441111111,0.0185655555556,-0.482472222222
"['44095.58853', '44098.27271']",0.0132144444444,0.292335555556,0.217521111111,-0.694396666667,0.0995777777778,-0.552957777778
"['44096.49332', '44099.17747']",0.119375555556,0.329213333333,0.111011111111,-0.29064,-0.153054444444,-0.604431111111
"['45753.25472', '45755.93866']",0.426984444444,0.464303333333,0.0337622222222,-0.222642222222,0.120337777778,-0.774071111111
"['45754.15942', '45756.84335']",0.397406666667,0.442684444444,0.0553077777778,-0.287902222222,0.169274444444,-0.313118888889
"['45755.0641', '45757.74804']",0.275981111111,0.462133333333,0.0377611111111,-0.54968,0.115658888889,0.195747777778
"['45755.96881', '45758.65274']",0.127141111111,0.44783,0.000574444444444,-0.613632222222,-0.123121111111,0.363886666667
"['45756.87353', '45759.55744']",0.0120555555556,0.398551111111,-0.0342655555556,-0.616868888889,-0.0703944444444,-0.0204688888889
"['45757.77822', '45760.46214']",0.0637866666667,0.403072222222,-0.0571722222222,-0.260077777778,-0.00584444444444,-0.314085555556
"['45758.68292', '45761.36685']",0.184417777778,0.385791111111,-0.0200933333333,-0.25323,0.173268888889,-0.497537777778
"['45759.58762', '45762.27159']",0.31202,0.381746666667,-0.00440444444444,-0.167377777778,0.0832822222222,-0.157513333333
"['45760.49232', '45763.17628']",0.279726666667,0.358052222222,-0.0396844444444,-0.484703333333,0.0611211111111,0.131207777778
"['45761.39703', '45764.08097']",0.139094444444,0.359737777778,-0.0862933333333,-0.596047777778,-0.0789444444444,0.313911111111
"['45762.30174', '45764.98568']",0.0211011111111,0.336862222222,-0.0868088888889,-0.62534,-0.119142222222,0.00909333333333
"['45763.20643', '45765.89038']",0.0262711111111,0.367432222222,-0.07071,-0.405811111111,-0.0573211111111,-0.307304444444
"['45764.11112', '45766.79507']",0.168786666667,0.395422222222,-0.06009,-0.3816,0.0602744444444,-0.493365555556
"['45765.01583', '45767.69978']",0.281925555556,0.376758888889,-0.04698,-0.387407777778,0.148935555556,-0.32554
"['45765.92053', '45768.60447']",0.315716666667,0.299355555556,-0.0583044444444,-0.421204444444,0.202527777778,0.0504666666667
"['45766.82523', '45769.50917']",0.23054,0.340715555556,-0.128943333333,-0.414103333333,0.199001111111,0.298948888889
"['45767.72993', '45770.41385']",0.141751111111,0.34448,-0.105734444444,-0.534892222222,0.102103333333,0.350373333333
"['45768.63462', '45771.31857']",0.0425311111111,0.292712222222,-0.00532666666667,-0.504314444444,-0.0101511111111,0.137321111111
"['45769.53932', '45772.22326']",0.0770988888889,0.373785555556,0.0172455555556,-0.326905555556,-0.0731711111111,-0.16956
"['45770.444', '45773.12796']",0.178393333333,0.413498888889,-0.0582511111111,-0.323455555556,-0.0826788888889,-0.356743333333
"['45771.34872', '45774.03266']",0.297944444444,0.361567777778,-0.0601344444444,-0.339186666667,0.0785777777778,-0.401824444444
"['45772.25341', '45774.93734']",0.354941111111,0.288946666667,-0.0539711111111,-0.398611111111,0.201882222222,-0.0399644444444
"['45773.15811', '45775.84204']",0.309067777778,0.315505555556,-0.0644155555556,-0.48401,0.255567777778,0.181442222222
"['45774.06281', '45776.74674']",0.211583333333,0.347998888889,-0.108366666667,-0.619346666667,0.117831111111,0.31535
"['45774.96749', '45777.65144']",0.129283333333,0.321027777778,-0.08061,-0.543868888889,-0.0149744444444,0.0044
"['45775.8722', '45778.55616']",0.158064444444,0.388841111111,-0.0961833333333,-0.364515555556,-0.10577,-0.357788888889
"['45776.77689', '45779.46086']",0.285834444444,0.411933333333,-0.0894777777778,-0.267338888889,-0.0345355555556,-0.584454444444
"['45777.68162', '45780.36558']",0.370352222222,0.349288888889,-0.0581055555556,-0.387243333333,0.0847888888889,-0.3065
"['45778.58634', '45781.27026']",0.396603333333,0.324408888889,-0.0946344444444,-0.438567777778,0.197826666667,0.0468633333333
"['45779.49101', '45782.17499']",0.267651111111,0.332941111111,-0.0690811111111,-0.566085555556,0.118468888889,0.320621111111
"['45780.39573', '45783.07968']",0.14116,0.330955555556,-0.0732222222222,-0.596536666667,0.0103244444444,0.173578888889
"['45781.30041', '45783.98437']",0.05594,0.332557777778,0.00108666666667,-0.431427777778,-0.0641177777778,-0.19141
"['45782.20514', '45784.88907']",0.160368888889,0.392676666667,-0.01772,-0.355243333333,-0.04033,-0.521976666667
"['45783.10983', '45785.79376']",0.31619,0.414811111111,-0.0149588888889,-0.382585555556,0.0194455555556,-0.488707777778
"['45784.01452', '45786.69847']",0.413517777778,0.405694444444,-0.0451088888889,-0.49736,0.107736666667,-0.0318822222222
"['45784.91922', '45787.60317']",0.32559,0.39704,-0.0757511111111,-0.592263333333,0.0884944444444,0.240532222222
"['45785.82392', '45788.50786']",0.176355555556,0.407343333333,-0.0910777777778,-0.522657777778,0.0135233333333,0.256133333333
"['45786.72862', '45789.41255']",0.08811,0.410852222222,-0.03315,-0.586441111111,-0.0877933333333,-0.206773333333
"['45787.63332', '45790.31728']",0.205487777778,0.436253333333,-0.00725777777778,-0.452294444444,-0.0373044444444,-0.486118888889
"['45788.53804', '45791.22199']",0.451091111111,0.383247777778,-0.0129844444444,-0.475722222222,0.0529122222222,-0.215755555556
"['45789.44273', '45792.1267']",0.379942222222,0.167226666667,0.0233255555556,-0.958415555556,-0.0732566666667,0.753691111111
"['45790.34743', '45793.03139']",0.248423333333,0.162255555556,-0.04093,-1.13299666667,-0.27591,0.865032222222
"['45791.25214', '45793.9361']",0.106201111111,0.283406666667,-0.100313333333,-1.00942,-0.313404444444,0.292393333333
"['45792.15685', '45794.84079']",0.205872222222,0.365273333333,-0.135022222222,-0.603818888889,-0.00120444444444,-0.614936666667
"['45793.06154', '45795.74549']",0.283633333333,0.240381111111,-0.0392733333333,-0.461595555556,0.244345555556,-0.47926
"['45793.96625', '45796.65017']",0.273453333333,0.245557777778,-0.0792388888889,-0.587108888889,0.253595555556,-0.0374755555556
"['45794.87094', '45797.55489']",0.203582222222,0.316485555556,-0.139922222222,-0.653691111111,0.118341111111,0.17772
"['45795.77564', '45798.45962']",0.07114,0.31132,-0.191203333333,-0.680285555556,-0.03359,0.209244444444
"['45796.68036', '45799.36431']",-0.0483888888889,0.254606666667,-0.146176666667,-0.618551111111,-0.0818133333333,-0.0586555555556
"['45797.58507', '45800.26901']",0.0136422222222,0.309202222222,-0.175698888889,-0.399238888889,-0.157422222222,-0.329506666667
"['45798.48977', '45801.17371']",0.159272222222,0.333863333333,-0.163516666667,-0.385065555556,0.00170666666667,-0.523816666667
"['45799.39446', '45802.0784']",0.261028888889,0.242707777778,-0.123586666667,-0.44568,0.0410577777778,-0.3603
"['45800.29916', '45802.98311']",0.31696,0.210464444444,-0.14836,-0.456337777778,0.27108,0.0454644444444
"['45801.20386', '45803.8878']",0.230228888889,0.23739,-0.211384444444,-0.496497777778,0.177684444444,0.281004444444
"['45802.10856', '45804.7925']",0.125627777778,0.295781111111,-0.254703333333,-0.528785555556,0.0987577777778,0.153935555556
"['45803.01326', '45805.69721']",0.0183022222222,0.334696666667,-0.18882,-0.534677777778,-0.136706666667,-0.132086666667
"['45803.91799', '45806.60192']",0.0901844444444,0.368635555556,-0.198397777778,-0.36032,-0.177776666667,-0.473535555556
"['45804.82268', '45807.50663']",0.212257777778,0.37154,-0.17316,-0.405657777778,-0.0724233333333,-0.530925555556
"['45805.72736', '45808.41134']",0.244013333333,0.200776666667,-0.126614444444,-0.436781111111,0.0912133333333,-0.355174444444
"['45806.63207', '45809.31601']",0.253181111111,0.184478888889,-0.132302222222,-0.478061111111,0.180773333333,0.0208966666667
"['45807.53678', '45810.22072']",0.197007777778,0.228753333333,-0.189318888889,-0.524221111111,0.140527777778,0.168704444444
"['45808.44149', '45811.12546']",0.153255555556,0.287744444444,-0.214118888889,-0.664201111111,0.0601955555556,0.170762222222
"['45809.34616', '45812.03015']",0.0175888888889,0.230922222222,-0.154224444444,-0.701274444444,-0.0284644444444,-0.00056
"['45810.2509', '45812.93483']",-0.0112033333333,0.2488,-0.122994444444,-0.550011111111,-0.0574822222222,-0.105031111111
"['45811.15561', '45813.83953']",0.0492055555556,0.327085555556,-0.174355555556,-0.328135555556,-0.143217777778,-0.402866666667
"['45812.0603', '45814.74424']",0.17036,0.381467777778,-0.210148888889,-0.293014444444,-0.0935322222222,-0.525316666667
"['45812.96499', '45815.64897']",0.239866666667,0.31769,-0.153842222222,-0.393742222222,0.0559533333333,-0.518398888889
"['45813.86968', '45816.55366']",0.266028888889,0.236941111111,-0.0634022222222,-0.506427777778,0.197467777778,-0.223951111111
"['45814.77443', '45817.45838']",0.278174444444,0.263911111111,-0.0645933333333,-0.541935555556,0.278702222222,-0.0106655555556
"['45815.67913', '45818.36308']",0.245554444444,0.340267777778,-0.16613,-0.574027777778,0.188767777778,0.129076666667
"['45816.58381', '45819.26778']",0.160233333333,0.350138888889,-0.204196666667,-0.661904444444,0.0652244444444,0.129137777778
"['45817.48853', '45820.1725']",0.0322855555556,0.270011111111,-0.171806666667,-0.635023333333,-0.0321677777778,0.0522444444444
"['45818.39326', '45821.0772']",0.00996666666667,0.267748888889,-0.140146666667,-0.443926666667,-0.0990244444444,-0.177867777778
"['45819.29793', '45821.98193']",0.10861,0.351996666667,-0.188521111111,-0.32141,-0.0631688888889,-0.421008888889
"['45820.20265', '45822.88662']",0.232123333333,0.381558888889,-0.16308,-0.391957777778,0.00981222222222,-0.584148888889
"['45821.10735', '45823.7913']",0.28298,0.290227777778,-0.0973477777778,-0.476651111111,0.156365555556,-0.445915555556
"['45822.01208', '45824.69602']",0.231267777778,0.167894444444,-0.0336277777778,-0.515838888889,0.230886666667,-0.111712222222
"['45822.91677', '45825.60074']",0.266304444444,0.231158888889,-0.105226666667,-0.424152222222,0.224362222222,0.162888888889
"['45823.82145', '45826.50543']",0.246825555556,0.315328888889,-0.16845,-0.538242222222,0.171207777778,0.210477777778
"['45824.7262', '45827.41013']",0.210333333333,0.36141,-0.196583333333,-0.545015555556,0.105794444444,0.0409155555556
"['45825.63089', '45828.31485']",0.0828533333333,0.282811111111,-0.139968888889,-0.65895,0.0382922222222,-0.0290888888889
"['45826.53558', '45829.21957']",0.0433444444444,0.217526666667,-0.0973677777778,-0.520576666667,-0.00553555555556,-0.0866022222222
"['45827.44031', '45830.12428']",0.0633277777778,0.244717777778,-0.0855777777778,-0.468593333333,-0.04094,-0.143676666667
"['45828.345', '45831.02899']",0.107877777778,0.325095555556,-0.135731111111,-0.33812,-0.05951,-0.268382222222
"['45829.24972', '45831.9337']",0.162325555556,0.389226666667,-0.17478,-0.382342222222,-0.0504333333333,-0.372867777778
"['45830.15446', '45832.83839']",0.217364444444,0.370584444444,-0.161717777778,-0.504091111111,0.0551377777778,-0.474987777778
"['45831.05914', '45833.74313']",0.23257,0.269486666667,-0.0910355555556,-0.549492222222,0.0918422222222,-0.454133333333
"['47478.95814', '47481.64198']",0.0700133333333,0.312104444444,0.229477777778,0.150772222222,0.39308,-0.55786
"['47479.86282', '47482.54666']",-0.116458888889,0.175693333333,0.121094444444,0.0863422222222,-0.0389577777778,0.0733177777778
"['47480.76747', '47483.45131']",-0.0868422222222,0.28521,0.143236666667,-0.21165,-0.202256666667,-0.358967777778
"['47481.67213', '47484.35599']",0.147641111111,0.228327777778,0.187523333333,-0.707307777778,-0.0535022222222,-0.595758888889
"['47482.57681', '47485.26067']",0.238617777778,0.397885555556,0.204576666667,-0.969628888889,0.129114444444,-0.464936666667
"['47483.48146', '47486.16533']",0.396273333333,0.522885555556,0.321826666667,-0.960251111111,0.364058888889,-0.653277777778
"['47484.38614', '47487.07001']",0.459597777778,0.579013333333,0.352294444444,-1.09888666667,0.357964444444,-0.2894
"['47485.29082', '47487.97467']",0.368052222222,0.60765,0.368127777778,-0.996197777778,0.378715555556,-0.551444444444
"['47486.19548', '47488.87937']",0.424988888889,0.504365555556,0.413874444444,-0.780354444444,0.49468,-0.402768888889
"['47487.10019', '47489.78405']",0.366316666667,0.567884444444,0.37877,-0.81391,0.168588888889,-0.323536666667
"['47488.00485', '47490.68872']",0.276146666667,0.506286666667,0.38332,-0.64031,0.199808888889,-0.470454444444
"['47488.90952', '47491.59337']",0.37521,0.437843333333,0.40307,-0.935307777778,0.239286666667,-0.204884444444
"['47489.8142', '47492.49803']",0.291086666667,0.535464444444,0.389875555556,-0.937504444444,0.133742222222,-0.299621111111
"['47490.71887', '47493.40272']",0.382372222222,0.66663,0.390637777778,-0.83377,0.206587777778,-0.541464444444
"['47491.62352', '47494.30738']",0.332691111111,0.557198888889,0.399608888889,-0.856218888889,0.229125555556,-0.235215555556
"['47492.52818', '47495.21205']",0.26922,0.553903333333,0.412735555556,-0.810017777778,0.19529,-0.382757777778
"['47493.43287', '47496.11676']",0.332065555556,0.504104444444,0.428097777778,-0.713232222222,0.344044444444,-0.332667777778
"['47494.33753', '47497.02141']",0.369627777778,0.558665555556,0.378417777778,-0.851737777778,0.207522222222,-0.12033
"['47495.24223', '47497.92607']",0.260386666667,0.465183333333,0.354147777778,-0.747242222222,0.293873333333,-0.223314444444
"['47496.14691', '47498.83076']",0.302792222222,0.39689,0.360727777778,-0.784543333333,0.39494,-0.132206666667
"['47497.05156', '47499.73541']",0.23992,0.488907777778,0.347905555556,-0.713083333333,0.249343333333,-0.177457777778
"['47497.95623', '47500.64007']",0.235773333333,0.59543,0.372726666667,-0.692652222222,0.442267777778,-0.526916666667
"['47498.86091', '47501.54475']",0.349,0.449714444444,0.492154444444,-0.940842222222,0.35406,-0.204286666667
"['47499.76556', '47502.44941']",0.281132222222,0.474115555556,0.507197777778,-0.995876666667,0.247797777778,-0.446407777778
"['47500.67022', '47503.35413']",0.378738888889,0.445177777778,0.533491111111,-0.749585555556,0.38794,-0.461994444444
"['47501.5749', '47504.2588']",0.342791111111,0.491945555556,0.447704444444,-0.845135555556,0.200076666667,-0.234061111111
"['47502.47959', '47505.16345']",0.163735555556,0.426621111111,0.403815555556,-0.597303333333,0.225347777778,-0.424353333333
"['47503.38428', '47506.06814']",0.337052222222,0.372131111111,0.451281111111,-0.766477777778,0.258236666667,-0.323166666667
"['47504.28895', '47506.97279']",0.28167,0.47611,0.449906666667,-0.905293333333,-0.0142144444444,-0.340005555556
"['47505.1936', '47507.87746']",0.385705555556,0.611418888889,0.480034444444,-0.759913333333,0.196073333333,-0.605227777778
"['47506.09829', '47508.78213']",0.364996666667,0.464137777778,0.476541111111,-0.777041111111,0.0990877777778,-0.262628888889
"['47507.00294', '47509.68682']",0.303625555556,0.492833333333,0.433384444444,-0.577827777778,0.1662,-0.418351111111
"['47507.90761', '47510.59151']",0.413552222222,0.384436666667,0.431221111111,-0.561202222222,0.186455555556,-0.206057777778
"['47508.81231', '47511.49616']",0.388735555556,0.284895555556,0.307246666667,-0.898267777778,-0.399851111111,0.0465655555556
"['47509.71698', '47512.40085']",0.491175555556,0.0842622222222,0.18997,-0.858975555556,-0.582516666667,-0.159796666667
"['47510.62166', '47513.30552']",0.514805555556,0.133237777778,0.110637777778,-1.44481888889,-0.830075555556,0.226592222222
"['47511.52631', '47514.21017']",0.326044444444,0.476358888889,0.10899,-1.04957333333,-0.266581111111,-0.550206666667
"['47512.431', '47515.11484']",0.278012222222,0.477193333333,0.197076666667,-1.04908888889,0.237695555556,-0.36723
"['47513.33567', '47516.01953']",0.142703333333,0.464594444444,0.18373,-0.942277777778,0.0607288888889,-0.529442222222
"['47514.24033', '47516.9242']",0.17903,0.405685555556,0.198395555556,-1.05766333333,0.103,-0.565703333333
"['47515.14502', '47517.82887']",0.178323333333,0.4251,0.169882222222,-1.10776333333,0.0274466666667,-0.367092222222
"['47516.04968', '47518.73353']",0.0763188888889,0.31582,0.165637777778,-0.881813333333,0.0740444444444,-0.52941
"['47516.95435', '47519.63821']",0.109123333333,0.265491111111,0.181896666667,-0.834056666667,0.150507777778,-0.36841
"['47517.85902', '47520.54287']",0.0819066666667,0.326044444444,0.188018888889,-0.99012,-0.105762222222,-0.483261111111
"['47518.7637', '47521.44757']",0.04067,0.413088888889,0.210668888889,-0.876684444444,0.128581111111,-0.662265555556
"['47519.66836', '47522.35225']",0.164666666667,0.323391111111,0.2375,-1.05466222222,0.147531111111,-0.319514444444
"['47520.57302', '47523.25693']",0.117785555556,0.40902,0.249732222222,-1.12457444444,0.0432655555556,-0.464356666667
"['47521.47773', '47524.16159']",0.232254444444,0.427746666667,0.260943333333,-1.05237666667,0.181136666667,-0.662485555556
"['47522.3824', '47525.06625']",0.247317777778,0.464712222222,0.236997777778,-1.24774888889,0.07899,-0.541118888889
"['47523.28708', '47525.97096']",0.0978922222222,0.417423333333,0.212305555556,-1.02205222222,0.0657888888889,-0.830371111111
"['47524.19174', '47526.87565']",0.243526666667,0.366876666667,0.300312222222,-1.47022777778,0.333711111111,-0.554831111111
"['47525.0964', '47527.78036']",0.145787777778,0.51014,0.373863333333,-1.56941555556,-0.194497777778,-0.521612222222
"['47526.00112', '47528.68509']",0.190343333333,0.648725555556,0.459021111111,-1.50142111111,0.224473333333,-0.850006666667
"['47526.9058', '47529.58976']",0.293406666667,0.620306666667,0.472833333333,-1.61208555556,0.130758888889,-0.430215555556
"['47527.81051', '47530.49452']",0.167228888889,0.637305555556,0.358985555556,-1.38973222222,0.227145555556,-0.900982222222
"['47528.71524', '47531.39921']",0.433571111111,0.587162222222,0.418941111111,-1.58753888889,0.453415555556,-0.660782222222
"['47529.61992', '47532.30391']",0.280496666667,0.765227777778,0.357461111111,-1.61671333333,-0.114478888889,-0.681403333333
"['47530.52467', '47533.20862']",0.441225555556,0.870623333333,0.472185555556,-1.34013666667,0.35557,-1.08229444444
"['47531.42936', '47534.11334']",0.449188888889,0.930526666667,0.475163333333,-1.79471777778,-0.0469877777778,-0.382116666667
"['47532.33406', '47535.01806']",0.419368888889,1.03205,0.503664444444,-1.47098444444,0.293493333333,-1.31151444444
"['47533.23878', '47535.92275']",0.591742222222,0.914882222222,0.569286666667,-2.17189555556,0.247854444444,-0.449047777778
"['47534.14349', '47536.8275']",0.289035555556,1.03918888889,0.543052222222,-1.66454111111,0.240621111111,-1.36013555556
"['47535.04821', '47537.73222']",0.610347777778,0.898441111111,0.696538888889,-2.10873777778,0.430981111111,-0.469183333333
"['47535.95293', '47538.63694']",0.250354444444,1.06040333333,0.618281111111,-1.73671333333,0.123716666667,-1.10916111111
"['47536.85768', '47539.54168']",0.682798888889,0.918233333333,0.708132222222,-2.05544777778,0.567925555556,-0.610201111111
"['47537.7624', '47540.4464']",0.342411111111,1.08516888889,0.611331111111,-2.03520666667,0.0840122222222,-0.742576666667
"['47538.66713', '47541.35115']",0.705852222222,1.09893444444,0.679255555556,-1.79815,0.640784444444,-0.869827777778
"['47539.57186', '47542.25586']",0.560792222222,0.965124444444,0.558268888889,-1.62593444444,0.32972,-0.446214444444
"['47540.47659', '47543.16058']",0.635915555556,0.699763333333,0.444376666667,-1.18644111111,0.251028888889,-0.440891111111
"['47541.3813', '47544.0653']",0.44562,0.399265555556,0.199314444444,-0.907758888889,-0.578108888889,0.01515
"['47542.28601', '47544.96998']",0.335414444444,0.241636666667,-0.00155777777778,-0.0424722222222,-1.04278111111,-0.33606
