"['43874.548872', '43877.232867']",-0.0218833333333,0.0251377777778,0.00248666666667,-0.485556666667,0.141266666667,0.144147777778
"['43875.453605', '43878.137581']",-0.00200888888889,0.0252066666667,-0.00673666666667,-0.715283333333,0.0939744444444,0.140506666667
"['43876.358311', '43879.042304']",-0.0236222222222,0.00852111111111,0.00488666666667,-0.222967777778,0.173841111111,0.05271
"['43877.263019', '43879.947029']",0.03142,0.00149,0.0289766666667,0.0231144444444,0.00709,-0.0511133333333
"['43878.167763', '43880.851749']",0.0178722222222,0.00996888888889,0.0284277777778,0.403801111111,0.0849655555556,-0.118265555556
"['43879.072455', '43881.756473']",0.0102855555556,0.01213,0.00908555555556,0.16369,-0.0410333333333,-0.00496111111111
"['43879.977181', '43882.661178']",0.00556333333333,0.0123455555556,-0.00064,0.10093,-0.00206333333333,0.0225466666667
"['43880.881931', '43883.565890']",-0.0103055555556,-0.00446,0.00899222222222,-0.119514444444,-0.0676733333333,-0.0145366666667
"['43881.786624', '43884.470606']",0.00865111111111,0.00146222222222,-0.000512222222222,-0.241037777778,-0.01276,-0.13372
"['43882.691329', '43885.375304']",0.0177433333333,-0.00568666666667,0.00757888888889,-0.388878888889,-0.0964744444444,-0.0552911111111
"['43883.596041', '43886.280040']",0.0343277777778,0.00942555555556,0.0189544444444,0.119038888889,-0.00803888888889,0.0420444444444
"['43884.500757', '43887.184765']",0.0289077777778,0.00878888888889,0.0239244444444,0.28892,-0.0590466666667,0.0259922222222
"['43885.405486', '43888.089478']",0.0116322222222,0.0133922222222,0.0287911111111,0.0480144444444,-0.128968888889,0.239513333333
"['43886.310192', '43888.994199']",0.0556255555556,0.0134222222222,0.0447155555556,-0.05743,-0.0982433333333,0.305754444444
"['43887.214916', '43889.898918']",0.0236444444444,0.0159855555556,0.0819455555556,-0.125178888889,-0.1549,0.142478888889
"['43888.119660', '43890.803612']",0.0572988888889,-0.0191911111111,0.0519388888889,-0.210917777778,-0.290187777778,-0.215365555556
"['43889.024351', '43891.708343']",0.0655955555556,-0.0474511111111,0.0385711111111,-0.0926333333333,-0.123127777778,-0.488836666667
"['43889.929070', '43892.613095']",0.0968144444444,-0.0258188888889,-0.0152644444444,-0.103812222222,0.127614444444,-0.182458888889
"['43890.833770', '43893.517784']",0.0691388888889,0.0228033333333,0.0147866666667,0.413411111111,0.315662222222,-0.150565555556
"['43891.738495', '43894.422526']",0.0207088888889,0.0280311111111,0.00317222222222,0.14536,0.0225777777778,0.0119888888889
"['43892.643247', '43895.327201']",0.02071,0.0413811111111,0.0618122222222,0.157424444444,-0.211626666667,-0.150335555556
"['43893.547935', '43896.231984']",0.0506733333333,0.0154377777778,0.0914377777778,0.0720788888889,-0.173484444444,-0.183111111111
"['43894.452677', '43897.141702']",0.0537733333333,0.0332011111111,0.107558888889,0.0427633333333,-0.246433333333,-0.161162222222
"['43895.357383', '43898.056485']",0.0423255555556,-0.0241155555556,0.110087777778,-0.0824633333333,-0.133606666667,-0.244475555556
"['43896.262136', '43898.961174']",0.0307344444444,-0.0187766666667,0.0672755555556,0.259488888889,-0.0123866666667,-0.101366666667
"['43897.171854', '43899.870942']",0.0241766666667,-0.0126666666667,0.0560933333333,0.0547022222222,0.197602222222,-0.149261111111
"['43898.086636', '43900.780671']",0.0360366666667,0.00404888888889,0.0121977777778,0.199005555556,0.219614444444,0.0720944444444
"['43898.991326', '43901.685387']",0.0351588888889,0.00699777777778,0.00512111111111,-0.47005,0.153127777778,-0.08038
"['43899.901124', '43902.590095']",0.04539,0.00189111111111,0.00260888888889,-0.553426666667,0.0837633333333,0.00844666666667
"['43900.810822', '43903.494824']",0.0378522222222,0.00190888888889,-0.0003,-0.493234444444,0.02388,-0.0699311111111
"['43901.715538', '43904.399555']",0.0244866666667,0.00173111111111,0.00749,-0.129863333333,0.0202788888889,0.02209
"['43902.620276', '43905.304276']",0.00712,-0.000692222222222,0.00268333333333,0.00306888888889,-0.0180111111111,0.0171844444444
"['43903.524975', '43906.208976']",0.00243111111111,-0.00096,0.00188111111111,0.00555555555556,-0.00499222222222,0.0151477777778
"['43904.429706', '43907.113708']",0.00437777777778,-0.00799111111111,-0.00294888888889,-0.0905277777778,-0.0100988888889,-0.0371177777778
"['43905.334427', '43908.018429']",0.00833333333333,-0.00588,-0.00303222222222,-0.59535,-0.221351111111,0.0237133333333
"['43906.239128', '43908.923138']",0.0204622222222,-0.0165922222222,-0.0106755555556,-0.509066666667,-0.219832222222,0.0410455555556
"['43907.143859', '43909.827862']",0.0125822222222,-0.000328888888889,-0.000701111111111,0.0964433333333,-0.148355555556,0.11245
"['43908.048580', '43910.732552']",0.0128211111111,0.00105666666667,0.00544111111111,0.366907777778,0.105321111111,0.192911111111
"['43908.953290', '43911.637302']",0.00227555555556,0.00685666666667,0.0120711111111,-0.140162222222,-0.0133088888889,0.06768
"['43909.858010', '43912.542033']",0.00822222222222,-0.00933111111111,0.0127488888889,-0.660673333333,-0.0823844444444,0.0546711111111
"['43910.762734', '43913.446721']",0.00725444444444,-0.00523,0.0175411111111,-0.281113333333,-0.0263655555556,-0.148175555556
"['43911.667454', '43914.351440']",0.00616888888889,-0.00439,0.0184466666667,0.0671222222222,0.121222222222,-0.0628033333333
"['43912.572185', '43915.256164']",0.000275555555556,0.000546666666667,0.01174,0.0479077777778,0.103221111111,-0.0859077777778
"['43913.476903', '43916.160886']",-0.00604777777778,0.00778888888889,-0.00620777777778,-0.00484666666667,-0.100127777778,0.0178366666667
"['43914.381591', '43917.065609']",0.01946,0.0192666666667,0.00397777777778,0.0351422222222,0.234068888889,-0.235508888889
"['43915.286316', '43917.970343']",0.0512188888889,0.0142833333333,0.0200855555556,0.542415555556,0.274152222222,0.142094444444
"['43916.191037', '43918.875036']",0.0644933333333,0.0138366666667,0.0513677777778,0.596768888889,-0.0186177777778,-0.0951988888889
"['43917.095760', '43919.779760']",0.0539088888889,-0.00541666666667,0.0589588888889,0.285332222222,-0.485137777778,0.201114444444
"['43918.000494', '43920.684460']",0.0327544444444,0.0129433333333,0.0345755555556,0.102677777778,-0.451812222222,-0.179826666667
"['43918.905187', '43921.589172']",0.0215333333333,5.11111111111e-05,0.0194977777778,0.0320133333333,-0.0633522222222,-0.0380911111111
"['43919.809911', '43922.493907']",0.0102011111111,0.00855,0.00398666666667,0.362861111111,0.0733088888889,-0.0102511111111
"['43920.714642', '43923.398610']",-7.33333333333e-05,-0.01044,0.0182555555556,-0.444122222222,-0.0333633333333,-0.00323111111111
"['43921.619324', '43924.303350']",-0.00232333333333,0.00493222222222,0.0223211111111,-0.196543333333,-0.0487355555556,-0.0923577777778
"['43922.524058', '43925.208064']",0.0186544444444,-0.00422666666667,0.0466433333333,-0.123038888889,-0.0305855555556,-0.161926666667
"['43923.428762', '43926.112769']",0.0507477777778,0.01829,0.0665411111111,0.498618888889,-0.0720955555556,-0.422248888889
"['43924.333502', '43927.017493']",0.0645855555556,0.00238222222222,0.0579011111111,0.06993,-0.0642422222222,-0.303603333333
"['43925.238216', '43927.922218']",0.0417144444444,0.0399444444444,0.0337411111111,0.131442222222,-0.149863333333,-0.390856666667
"['43926.142920', '43928.826912']",0.0232333333333,0.0126833333333,0.0341533333333,-0.189575555556,-0.204093333333,-0.144775555556
"['43927.047645', '43929.731639']",0.00174,0.0208366666667,0.0158488888889,0.30827,-0.197058888889,-0.193224444444
"['43927.952370', '43930.636379']",0.00622222222222,-0.00117666666667,0.0232222222222,0.161262222222,-0.218348888889,0.0177777777778
"['43928.857063', '43931.541082']",0.0150911111111,-0.00590777777778,0.00440111111111,-0.295538888889,-0.192601111111,0.0842388888889
"['43929.761790', '43932.445805']",0.0313222222222,-0.00719444444444,0.0222988888889,-0.0842722222222,-0.345576666667,0.408018888889
"['43930.666530', '43933.350541']",0.0281655555556,-3.88888888889e-05,0.0382244444444,-0.0806111111111,-0.394277777778,0.109554444444
"['43931.571264', '43934.255256']",0.02733,0.0152255555556,0.0315188888889,0.684552222222,-0.199391111111,0.0212344444444
"['43932.475956', '43935.159971']",0.0399722222222,0.00871111111111,0.0559922222222,-0.0703122222222,-0.0447966666667,-0.236433333333
"['43933.380692', '43936.064708']",0.00716666666667,-0.01636,0.05476,-0.08674,-0.0345477777778,0.00731888888889
"['43934.285407', '43936.969438']",0.0359422222222,-0.0109155555556,0.0691377777778,-0.291421111111,-0.115428888889,0.0684555555556
"['43935.190122', '43937.874162']",0.0309855555556,-0.02364,0.0405255555556,-0.572071111111,-0.134674444444,0.0160066666667
"['43936.094859', '43938.778860']",0.0496188888889,-0.0155944444444,0.0222244444444,-0.00822555555556,0.115127777778,0.0275344444444
"['43936.999589', '43939.688616']",-0.00169222222222,-0.0184855555556,0.00649444444444,0.109318888889,-0.06528,-0.0970733333333
"['43937.904317', '43940.593340']",-0.000422222222222,-0.0155311111111,0.03518,0.42734,0.0566344444444,0.00516333333333
"['43938.809011', '43941.498063']",0.0150344444444,0.00650666666667,0.0410511111111,-0.396001111111,-0.225895555556,0.0152611111111
"['43939.718798', '43942.407789']",0.0179566666667,-0.0133077777778,0.0429922222222,-0.357134444444,-0.00285555555556,0.0587611111111
"['43940.623492', '43943.317527']",0.00336666666667,-0.00740333333333,0.00723333333333,-0.165774444444,-0.07234,0.01075
"['43941.528215', '43944.222263']",-0.00304888888889,-0.0244766666667,-0.00512444444444,0.299136666667,0.0882966666667,-0.0396977777778
"['43942.437971', '43945.126993']",0.0316111111111,-0.00792222222222,-0.00823111111111,0.112707777778,-0.0882644444444,-0.125311111111
"['43943.347709', '43946.031690']",-0.00863,-0.0398044444444,0.0188422222222,0.139817777778,0.0157155555556,-0.0634366666667
"['43944.252414', '43946.936436']",0.0184744444444,-0.0515377777778,0.00871444444444,-0.21954,-0.0147144444444,-0.0290311111111
"['43945.157144', '43947.846165']",-0.0146122222222,-0.0540988888889,0.00944111111111,-0.241468888889,0.0853977777778,0.135904444444
"['43946.061872', '43948.755906']",0.0317366666667,-0.0127455555556,-0.00924555555556,-0.311033333333,-0.109594444444,0.0729155555556
"['43946.966588', '43949.660603']",0.0200777777778,0.00687555555556,0.01287,0.523733333333,-0.00663888888889,-0.0375144444444
"['43947.876317', '43950.565305']",0.0392655555556,-0.00527777777778,-0.0114866666667,-0.142995555556,-0.0749877777778,-0.0950022222222
"['43948.786057', '43951.470052']",0.0159177777778,-0.0102744444444,0.0263888888889,0.414674444444,0.150613333333,-0.0195477777778
"['43949.690754', '43952.374740']",0.01393,-0.0222966666667,0.0185822222222,-0.178303333333,0.0487766666667,0.0177277777778
"['43950.595456', '43953.279484']",0.00523444444444,-0.00915555555556,0.0580833333333,0.5839,0.0807133333333,0.0331611111111
"['43951.500204', '43954.184186']",0.0301344444444,-0.0342688888889,0.0494933333333,0.0710566666667,-0.132937777778,0.0248577777778
"['43952.404891', '43955.088897']",0.0341388888889,-0.0446722222222,0.0457733333333,0.185973333333,-0.0940466666667,0.0446
"['43953.309635', '43955.993637']",0.0323122222222,-0.0416933333333,0.0530955555556,0.100276666667,-0.115743333333,0.0845555555556
"['43954.214367', '43956.898319']",0.0235577777778,-0.0191755555556,0.0245577777778,-0.334038888889,-0.12426,-0.0274322222222
"['43955.119048', '43957.803044']",0.0104477777778,-0.00784444444444,0.0236666666667,-0.231135555556,-0.11846,-0.0546033333333
"['43956.023788', '43958.707754']",0.00697777777778,-0.00912,0.0100755555556,-0.415536666667,-0.100168888889,-0.0253122222222
"['43956.928471', '43959.612518']",0.0301155555556,-0.0110733333333,0.0130822222222,0.188908888889,-0.0573188888889,0.0330555555556
"['43957.833195', '43960.517224']",0.0347944444444,0.0568011111111,0.0363522222222,-0.564243333333,-0.00423333333333,0.403851111111
"['43958.737936', '43961.421952']",0.0295455555556,0.0538744444444,0.0286777777778,-0.248146666667,0.0537133333333,0.486402222222
"['43959.642669', '43962.326659']",0.0227977777778,0.0835033333333,0.0229311111111,-0.444848888889,0.0296,0.439622222222
"['43960.547406', '43963.231381']",0.109935555556,0.0217922222222,-0.00911666666667,0.692091111111,-0.359775555556,-0.0406
"['43961.452104', '43964.141113']",0.140562222222,0.0436355555556,0.0463022222222,0.771465555556,-0.721981111111,-0.437844444444
"['45952.233626', '45954.917561']",0.0309388888889,0.00538777777778,0.0922088888889,0.0428877777778,0.395555555556,0.445318888889
"['45953.138333', '45955.822283']",0.0500388888889,0.0411955555556,0.0768,-0.214332222222,0.366583333333,0.259378888889
"['45954.043027', '45956.726956']",0.0526255555556,0.0266133333333,0.0691555555556,-0.383153333333,-0.18292,0.334761111111
"['45954.947712', '45957.631663']",0.0332822222222,0.0410022222222,0.00387111111111,0.0137733333333,0.00764777777778,-0.0158588888889
"['45955.852435', '45958.536365']",0.0223233333333,0.0230944444444,0.000318888888889,0.0688277777778,-0.192576666667,0.117015555556
"['45956.757107', '45959.441081']",0.0414622222222,0.0496944444444,0.00384777777778,0.230522222222,-0.0859233333333,-0.0989288888889
"['45957.661814', '45960.345765']",0.0344522222222,0.0213333333333,0.0477933333333,-0.1542,-0.146826666667,-0.0453444444444
"['45958.566517', '45961.250468']",0.0307155555556,0.0176733333333,0.0606466666667,-0.0805433333333,-0.107793333333,-0.13662
"['45959.471232', '45962.155179']",0.0225566666667,0.0106533333333,0.0589644444444,-0.324887777778,-0.140585555556,0.0292366666667
"['45960.375947', '45963.059873']",0.00702555555556,0.0541822222222,0.0340488888889,-0.615352222222,-0.06147,-0.0310477777778
"['45961.280650', '45963.964582']",0.0339122222222,0.0326044444444,0.0265911111111,-0.03977,0.0717888888889,0.0617344444444
"['45962.185330', '45964.869274']",0.0461011111111,0.0471088888889,0.000687777777778,0.0833533333333,0.179931111111,0.0502177777778
"['45963.090040', '45965.773990']",0.0565122222222,0.00948333333333,0.0221166666667,0.301083333333,0.242008888889,0.0634866666667
"['45963.994734', '45966.678668']",0.0240855555556,0.0453766666667,0.0445688888889,0.437745555556,0.159824444444,-0.0536877777778
"['45964.899425', '45967.588410']",0.0178977777778,0.0544355555556,0.0463255555556,-0.242241111111,0.0467655555556,-0.11279
"['45965.804141', '45968.493156']",0.0113733333333,0.0643911111111,0.04616,0.119253333333,0.0334711111111,-0.0253577777778
"['45966.708850', '45969.397838']",0.0233588888889,0.0248977777778,0.0280722222222,-0.0984277777778,0.0695111111111,0.0240211111111
"['45967.618592', '45970.312595']",0.00863555555556,-0.00535111111111,0.0412211111111,0.0713233333333,-0.0896533333333,-0.0815888888889
"['45968.523308', '45971.217276']",0.0197377777778,-0.00971555555556,0.0388677777778,-0.0163033333333,0.0246411111111,-0.109632222222
"['45969.427989', '45972.132052']",0.0112766666667,0.00107,0.0189911111111,0.100976666667,0.0331911111111,-0.0920344444444
"['45970.342746', '45973.036745']",0.00505555555556,0.02175,-0.00508111111111,-0.0589066666667,0.193425555556,0.0153388888889
"['45971.247458', '45973.941454']",0.00353,0.0175022222222,-0.0130766666667,-0.139573333333,0.0975733333333,0.0220411111111
"['45972.162203', '45974.851214']",0.0166966666667,0.0500811111111,0.0263644444444,-0.429043333333,0.0979644444444,-0.0173288888889
"['45973.066897', '45975.755919']",0.0218566666667,0.0177811111111,0.0219877777778,-0.0445533333333,0.0322566666667,-0.00761222222222
"['45973.971636', '45976.660598']",0.0106644444444,0.0250233333333,0.0111411111111,0.390496666667,0.105455555556,0.0543511111111
"['45974.881366', '45977.565317']",0.0256033333333,-0.0372411111111,-0.00699888888889,0.245932222222,0.0196111111111,0.0725022222222
"['45975.786070', '45978.470035']",0.00533111111111,0.00219444444444,0.0245066666667,0.300825555556,-0.0331588888889,0.129043333333
"['45976.690749', '45979.374746']",0.0135944444444,0.0135644444444,0.0569811111111,-0.0595588888889,-0.0541911111111,-0.215397777778
"['45977.595499', '45980.279435']",0.127898888889,0.107472222222,0.0738833333333,-0.573907777778,0.80189,0.103561111111
"['45978.500187', '45981.184138']",0.190054444444,0.144314444444,0.00572333333333,-0.614902222222,1.11419555556,-0.294166666667
"['45979.404897', '45982.088832']",0.161934444444,0.103551111111,-0.00946333333333,-0.448352222222,1.25940444444,0.0881122222222
"['45980.309586', '45982.993522']",0.0432633333333,0.0492044444444,0.0191955555556,0.57265,0.459264444444,-0.287318888889
"['45981.214290', '45983.898212']",0.0570533333333,-0.0188466666667,0.147731111111,0.122074444444,0.215996666667,0.113404444444
"['45982.118980', '45984.802933']",0.0541977777778,0.00475888888889,0.123033333333,-0.408455555556,-0.0156166666667,-0.152844444444
"['45983.023674', '45985.707661']",0.00923111111111,0.0145733333333,0.0629255555556,-1.27239,-0.309505555556,-0.115613333333
"['45983.928394', '45986.612337']",0.0115477777778,0.00786222222222,-0.0170011111111,-1.03964666667,-0.368235555556,0.0353411111111
"['45984.833114', '45987.517056']",0.0639144444444,0.0472966666667,0.0391266666667,-0.750538888889,-0.357003333333,-0.10491
"['45985.737812', '45988.421741']",0.129315555556,0.0637955555556,0.0622666666667,-0.0864366666667,0.0317955555556,-0.0886155555556
"['45986.642489', '45989.326445']",0.134654444444,0.0743377777778,0.0882211111111,0.719301111111,0.219902222222,-0.183146666667
"['45987.547207', '45990.231147']",0.155576666667,0.0170288888889,0.122836666667,0.903337777778,0.419543333333,-0.181875555556
"['45988.451892', '45991.135831']",0.123804444444,0.00945222222222,0.14085,0.628224444444,0.425561111111,-0.28187
"['45989.356597', '45992.040525']",0.0476611111111,0.0241111111111,0.112237777778,0.75932,0.402613333333,-0.449867777778
"['45990.261298', '45992.945234']",-0.04511,0.0369011111111,0.0349222222222,0.244281111111,0.258553333333,0.0665811111111
"['45991.165983', '45993.849942']",0.0420411111111,0.0149855555556,0.0214733333333,0.396505555556,0.143861111111,0.222851111111
"['45992.070676', '45994.754624']",0.0237722222222,0.0669711111111,0.0663344444444,0.30958,0.0777455555556,-0.0272866666667
"['45992.975385', '45995.659322']",0.0724711111111,0.0861644444444,0.13718,1.34150333333,0.170503333333,-0.339063333333
"['45993.880094', '45996.564031']",-0.0453422222222,0.0528888888889,0.186855555556,1.74275333333,0.555332222222,-0.362091111111
"['45994.784775', '45997.468740']",0.0727611111111,0.0109044444444,0.172425555556,1.38179333333,0.549153333333,-0.01643
"['45995.689474', '45998.373466']",0.0700411111111,0.0175366666667,0.121134444444,0.152522222222,0.38379,-0.0474655555556
"['45996.594213', '45999.278149']",0.0598933333333,0.0542255555556,0.0734377777778,-0.325902222222,-0.119714444444,-0.189731111111
"['45997.498921', '46000.182851']",0.0618344444444,0.0910911111111,0.0519611111111,-0.29343,-0.264621111111,-0.225184444444
"['45998.403617', '46001.087545']",0.11384,0.0738211111111,0.0978311111111,0.742368888889,0.0485644444444,-0.690583333333
"['45999.308301', '46001.997259']",0.156426666667,0.0715266666667,0.103321111111,1.14299444444,-0.147768888889,-0.859541111111
"['46000.213002', '46002.906984']",0.102558888889,0.00312555555556,0.117795555556,1.15246333333,0.158827777778,-0.443542222222
"['46001.117712', '46003.811679']",0.07447,-0.0200044444444,0.0371611111111,0.752071111111,0.05666,-0.126604444444
"['46002.027410', '46004.726455']",0.07814,-0.0253466666667,0.0216,0.325992222222,0.516646666667,0.522481111111
"['46002.937135', '46005.636177']",0.0839566666667,0.0198188888889,0.000575555555556,0.193713333333,0.652736666667,0.314997777778
"['46003.841830', '46006.540858']",0.0837022222222,0.0481144444444,0.00851888888889,0.316272222222,0.281686666667,0.342474444444
"['46004.756606', '46007.445552']",0.136264444444,0.0262355555556,0.0362777777778,-0.18564,-0.0303611111111,0.3197
"['46005.666329', '46008.350267']",0.119618888889,0.0344622222222,0.0635777777778,0.145864444444,0.100225555556,0.0467544444444
"['46006.571009', '46009.254957']",0.238521111111,0.13494,0.140032222222,-1.12843222222,1.18055555556,0.888612222222
"['46007.475703', '46010.159658']",0.182918888889,0.140383333333,0.10255,-0.986203333333,1.16126444444,0.532211111111
"['46008.380419', '46011.064351']",0.172627777778,0.0582,0.0564777777778,-1.70848666667,0.581282222222,0.647792222222
"['46009.285108', '46011.969057']",0.0409844444444,-0.00993666666667,-0.0210555555556,-1.29175222222,-0.377401111111,0.245121111111
"['46010.189809', '46012.873795']",0.0485411111111,0.0236722222222,-0.0143411111111,-1.36412,-0.309977777778,0.0835977777778
"['46011.094533', '46013.783509']",0.0857055555556,0.0695244444444,0.0470466666667,-0.214873333333,-0.223837777778,-0.100265555556
"['46011.999239', '46014.688218']",0.08687,0.02959,0.0553311111111,0.213407777778,-0.174782222222,-0.248768888889
"['47704.17889', '47706.86282']",0.160751111111,0.0126188888889,-0.00362333333333,-0.432631111111,-0.106336666667,-0.2386
"['47705.08358', '47707.76752']",0.150311111111,-0.0448711111111,-0.0300811111111,-1.05954333333,-0.373136666667,0.110896666667
"['47705.98828', '47708.67223']",0.0550977777778,0.00513111111111,0.00388777777778,-1.16173444444,-0.469521111111,0.19383
"['47706.89297', '47709.57692']",0.111411111111,0.0416922222222,0.00337,-0.420153333333,-0.878716666667,-0.660574444444
"['47707.79767', '47710.48162']",0.344471111111,0.214808888889,0.257191111111,-0.905687777778,-0.351616666667,0.272957777778
"['47708.70238', '47711.38632']",0.39492,0.281394444444,0.251177777778,-0.380123333333,-0.32246,0.27272
"['47709.60707', '47712.29101']",0.307536666667,0.278546666667,0.263023333333,-0.512322222222,0.437872222222,0.393104444444
"['47710.51177', '47713.19571']",0.09287,0.11197,0.0431422222222,0.655756666667,0.501062222222,-0.572257777778
"['47711.4165', '47714.10045']",0.0263955555556,0.0167855555556,0.0648877777778,0.308365555556,0.58287,-0.63712
"['47712.32119', '47715.00516']",0.0454866666667,-0.0235455555556,0.0313388888889,0.168093333333,0.247312222222,0.0176022222222
"['47713.22589', '47715.90985']",0.0110755555556,0.00741444444444,0.00504666666667,-0.167118888889,0.00915333333333,-0.0764944444444
"['47714.13061', '47716.81456']",0.00538,-0.00425222222222,0.0492544444444,0.0548922222222,-0.02611,0.0187922222222
"['47715.03531', '47717.71927']",0.04832,-0.0295277777778,0.0268488888889,0.0112888888889,-0.119701111111,0.114098888889
"['47715.94', '47718.62396']",0.0656566666667,0.0189722222222,0.03536,0.420011111111,-0.0403577777778,0.0362944444444
"['47716.84471', '47719.52866']",0.0782733333333,0.0237288888889,-0.00716888888889,0.142134444444,0.0491633333333,-0.0679177777778
"['47717.74942', '47720.43338']",0.134921111111,0.0633133333333,-0.0153666666667,-0.0937366666667,-0.427662222222,-0.40451
"['47718.65411', '47721.33807']",0.250623333333,0.257934444444,0.108243333333,0.37597,-0.70281,-0.301751111111
"['47719.55881', '47722.24277']",0.310327777778,0.233372222222,0.111262222222,0.398841111111,-0.703826666667,-0.247952222222
"['47720.46353', '47723.14747']",0.219472222222,0.223226666667,0.143778888889,0.277218888889,-0.139723333333,-0.00219888888889
"['47721.36822', '47724.05217']",0.10059,-0.0557244444444,-0.00328222222222,-0.394421111111,-0.0684355555556,-0.269704444444
"['47722.27292', '47724.95689']",0.0589944444444,-0.0306355555556,0.00561777777778,-0.203038888889,-0.0470111111111,-0.114733333333
"['47723.17762', '47725.86157']",0.0742666666667,-0.0114922222222,-0.0148133333333,0.437384444444,0.0330322222222,0.0452788888889
"['47724.08235', '47726.76629']",0.0462266666667,0.0611955555556,0.0118211111111,-0.240383333333,0.236667777778,0.345024444444
"['47724.98703', '47727.67099']",0.238086666667,0.226587777778,0.0463577777778,0.102587777778,-0.0757422222222,0.877384444444
"['47725.89173', '47728.57568']",0.345332222222,0.264532222222,0.0846433333333,-0.304328888889,-0.0887422222222,0.492327777778
"['47726.79644', '47729.48037']",0.398862222222,0.198593333333,0.0110144444444,0.381327777778,0.0192833333333,0.3057
"['47727.70114', '47730.38511']",0.15996,0.0116277777778,-0.0363577777778,-0.199462222222,0.0119222222222,-0.345677777778
"['47728.60583', '47731.28981']",0.0827733333333,-0.123296666667,-0.0491311111111,-0.559888888889,-0.129572222222,0.0332966666667
"['47729.51055', '47732.19451']",-0.00377888888889,0.00247333333333,0.00869,-0.507424444444,-0.479501111111,0.101594444444
"['47730.41526', '47733.09919']",0.101343333333,0.0723,0.104596666667,-0.324137777778,-0.0836588888889,-0.0695377777778
"['47731.31996', '47734.00389']",0.0969155555556,0.148423333333,0.0783811111111,0.888316666667,0.335413333333,-0.43385
"['47732.22466', '47734.90861']",0.187456666667,0.0693044444444,0.107286666667,1.10172888889,0.455082222222,-0.582738888889
"['47733.12935', '47735.81832']",0.152767777778,0.0162211111111,0.02629,1.12012555556,0.103652222222,-0.569772222222
"['47734.03407', '47736.72808']",0.140851111111,0.103413333333,0.0365822222222,0.536057777778,-0.565783333333,0.18613
"['47734.93877', '47737.6378']",0.182567777778,0.0938055555556,0.0326655555556,0.210361111111,-0.614408888889,0.135835555556
"['47735.84848', '47738.54752']",0.141437777778,0.0688044444444,0.00748666666667,0.14708,-0.44252,0.244147777778
"['47736.75823', '47739.45725']",0.116294444444,-0.0307611111111,0.0427377777778,-0.0548,-0.0944977777778,-0.20941
"['47737.66795', '47740.36196']",0.0137177777778,-0.0489977777778,0.0282822222222,-0.0994788888889,-0.0483133333333,0.0425955555556
"['47738.57771', '47741.27173']",0.0192155555556,-0.0102344444444,0.0419122222222,-0.391538888889,-0.0924344444444,0.104555555556
"['47739.48741', '47742.18142']",0.0324833333333,-0.03887,0.0107088888889,-0.299193333333,-0.10146,-0.00212666666667
"['47740.39211', '47743.08615']",0.0329944444444,-0.0469033333333,0.00179333333333,-0.113972222222,-0.0601677777778,0.0205233333333
"['47741.30188', '47743.99591']",0.0281555555556,-0.0459388888889,-0.0250433333333,-0.06687,0.0181577777778,-0.0506466666667
"['47742.21157', '47744.90063']",0.0154022222222,-0.0249566666667,-0.0263533333333,-0.212575555556,-0.0245911111111,0.0182411111111
"['47743.11633', '47745.80533']",0.0125,0.00577666666667,0.00105666666667,0.148521111111,0.0720922222222,0.11898
"['47744.02606', '47746.71502']",0.0424066666667,6.44444444444e-05,0.0251788888889,0.140058888889,0.0350322222222,-0.00534888888889
"['47744.93078', '47747.61976']",0.0189244444444,0.0291022222222,0.0497388888889,0.00857333333333,0.0676455555556,-0.0499355555556
"['47745.83548', '47748.52444']",0.0265677777778,0.0375433333333,0.00489222222222,-0.0929155555556,-0.000611111111111,-0.122208888889
"['47746.7452', '47749.43422']",-0.0107433333333,0.0241733333333,0.0254277777778,0.266845555556,0.0165,-0.0408844444444
"['47747.64991', '47750.34395']",0.00224,0.00138111111111,-0.00291888888889,0.52219,0.0606277777778,-0.0313988888889
"['47748.55459', '47751.25369']",0.000667777777778,-0.0534244444444,0.0311544444444,-0.07279,0.07659,0.0120677777778
"['47749.46437', '47752.16341']",0.00702666666667,-0.0348022222222,0.0497533333333,-0.206674444444,0.112773333333,0.0337288888889
"['47750.3741', '47753.07318']",0.0642955555556,-0.0337888888889,0.0376644444444,-0.157124444444,0.0812955555556,0.00819888888889
"['47751.28387', '47753.97787']",0.0603322222222,-0.0116855555556,0.0253833333333,0.198621111111,0.0266688888889,-0.0833755555556
"['47752.19356', '47754.8826']",0.0551122222222,-0.00174666666667,-0.01415,-0.0226655555556,0.0186655555556,-0.0340088888889
"['47753.10333', '47755.79231']",0.01841,0.00048,0.0177744444444,0.117654444444,0.0730622222222,-0.00796222222222
"['47754.00803', '47756.70207']",0.0169755555556,0.00585,0.000123333333333,0.221368888889,0.145905555556,0.114063333333
"['47754.91275', '47757.6118']",0.0880777777778,-0.137062222222,0.0688033333333,0.236866666667,0.113638888889,0.128866666667
"['47755.82246', '47758.51652']",0.14155,0.0737,0.139771111111,-0.665394444444,0.225296666667,0.63159
"['47756.73223', '47759.42122']",0.290391111111,0.135275555556,0.185823333333,-0.438622222222,-0.0719633333333,0.21329
"['47757.64196', '47760.32598']",0.27913,0.281744444444,0.0896688888889,-0.385763333333,0.0193366666667,0.0691477777778
"['47758.5467', '47761.23573']",0.272666666667,0.110624444444,0.0846944444444,0.891067777778,-0.235452222222,-0.939241111111
"['47759.45138', '47762.14043']",0.132735555556,0.0618477777778,0.0433933333333,0.65029,-0.0432944444444,-0.635296666667
"['47760.35613', '47763.05017']",0.0728155555556,0.0417822222222,0.07583,0.851817777778,-0.0969088888889,-0.53362
"['47761.26588', '47763.95993']",0.0512444444444,0.0653077777778,0.06164,-0.741391111111,0.124071111111,0.545405555556
"['47762.17059', '47764.86463']",0.126563333333,0.106562222222,0.0507444444444,-0.847513333333,0.25404,0.725427777778
"['47763.08032', '47765.76934']",0.0694233333333,0.179753333333,0.0182055555556,-0.370153333333,0.20129,0.477858888889
"['47763.99008', '47766.67408']",0.147054444444,0.150601111111,-0.0331966666667,0.353165555556,0.181218888889,0.201548888889
"['47764.89481', '47767.57881']",0.116694444444,0.0917122222222,0.0397277777778,0.684901111111,-0.164767777778,-0.177404444444
"['47765.79949', '47768.49358']",0.15858,0.0197711111111,0.0592111111111,0.132861111111,-0.134636666667,0.0720311111111
